2026-09-30T23:55:00.000000-04:00
Starting ORACLE instance (normal) (OS id: 12949)
2026-09-30T23:55:02.288306-04:00
Oracle Database 19c Enterprise Edition Release 19.0.0.0.0 - Production
Version 19.24.0.0.0.
2026-09-30T23:55:03.218836-04:00
Using parameter settings in server-side spfile /u01/app/oracle/product/19.0.0/dbhome_1/dbs/spfilePRODDB.ora
System parameters with non-default values:
  processes                = 1500
  sessions                 = 2272
  sga_target               = 32G
  pga_aggregate_target     = 8G
  db_block_size            = 8192
  compatible               = "19.0.0"
  db_recovery_file_dest    = "/u03/fra"
  db_recovery_file_dest_size= 200G
  undo_tablespace          = "UNDOTBS1"
  db_name                  = "PRODDB"
2026-09-30T23:55:05.879129-04:00
PMON started with pid=2, OS id=12950
CLMN started with pid=3, OS id=12951
PSP0 started with pid=4, OS id=12952
VKTM started with pid=5, OS id=12956
GEN0 started with pid=6, OS id=12962
2026-09-30T23:55:06.785677-04:00
DBW0 started with pid=12, OS id=12955
LGWR started with pid=13, OS id=12962
CKPT started with pid=14, OS id=12957
SMON started with pid=15, OS id=12982
RECO started with pid=16, OS id=12977
MMON started with pid=17, OS id=12990
MMNL started with pid=18, OS id=12983
2026-09-30T23:55:08.361989-04:00
ALTER DATABASE   MOUNT
2026-09-30T23:55:11.829511-04:00
Completed: ALTER DATABASE   MOUNT
2026-09-30T23:55:14.213510-04:00
ALTER DATABASE OPEN
2026-09-30T23:55:16.340054-04:00
Thread 1 opened at log sequence 45238
  Current log# 3 seq# 45238 mem# 0: /u02/oradata/PRODDB/redo03a.log
Successful open of redo thread 1
2026-09-30T23:55:18.862358-04:00
SMON: enabling cache recovery
2026-09-30T23:55:21.875199-04:00
Starting background process CJQ0
CJQ0 started with pid=52, OS id=12967
2026-09-30T23:55:24.680799-04:00
Completed: ALTER DATABASE OPEN
2026-10-01T00:00:35.220392-04:00
Errors in file /u01/app/oracle/diag/rdbms/proddb/PRODDB/trace/PRODDB_arc0_12974.trc:
ORA-00353: log corruption near block 38606 change 10479067827 time 10/01/2026 00:00:35
ORA-00312: online log 3 thread 1: '/u02/oradata/PRODDB/redo03a.log'
2026-10-01T00:00:36.665095-04:00
TABLE SYS.WRI$_OPTSTAT_HISTHEAD_HISTORY: ADDED INTERVAL PARTITION SYS_P1832 (41512) VALUES LESS THAN (TO_DATE(' 2026-10-02 00:00:00', 'SYYYY-MM-DD HH24:MI:SS', 'NLS_CALENDAR=GREGORIAN'))
2026-10-01T00:06:07.741288-04:00
Thread 1 advanced to log sequence 45239 (LGWR switch),  current SCN: 10479965335
  Current log# 4 seq# 45239 mem# 0: /u02/oradata/PRODDB/redo04a.log
  Current log# 4 seq# 45239 mem# 1: /u02/oradata/PRODDB/redo04b.log
2026-10-01T00:06:27.479915-04:00
ARC3 (PID:12980): Archived Log entry 89013 added for B-1180943236.T-1.S-45238 ID 0x8a4d5c1e LAD:1
2026-10-01T00:51:51.387151-04:00
Resize operation completed for file# 7, fname /u02/oradata/PRODDB/users01.dbf, old size 29360128K, new size 29462528K
2026-10-01T00:53:47.937461-04:00
Thread 1 advanced to log sequence 45240 (LGWR switch),  current SCN: 10487686088
  Current log# 1 seq# 45240 mem# 0: /u02/oradata/PRODDB/redo01a.log
  Current log# 1 seq# 45240 mem# 1: /u02/oradata/PRODDB/redo01b.log
2026-10-01T00:54:03.636026-04:00
ARC2 (PID:12992): Archived Log entry 89014 added for B-1180943236.T-1.S-45239 ID 0x8a4d5c1e LAD:1
2026-10-01T01:37:37.046228-04:00
Starting control autobackup
Control autobackup written to DISK device

handle '/u03/fra/PRODDB/autobackup/2026_10_01/o1_mf_s_1297083132_.bkp'
2026-10-01T01:48:18.926004-04:00
Resize operation completed for file# 5, fname /u02/oradata/PRODDB/apps_ts_tx_data01.dbf, old size 22020096K, new size 22122496K
2026-10-01T01:58:45.108940-04:00
Thread 1 advanced to log sequence 45241 (LGWR switch),  current SCN: 10498208616
  Current log# 2 seq# 45241 mem# 0: /u02/oradata/PRODDB/redo02a.log
  Current log# 2 seq# 45241 mem# 1: /u02/oradata/PRODDB/redo02b.log
2026-10-01T01:58:56.459029-04:00
ARC3 (PID:12980): Archived Log entry 89015 added for B-1180943236.T-1.S-45240 ID 0x8a4d5c1e LAD:1
2026-10-01T02:00:00.003717-04:00
Closing scheduler window
Restoring Resource Manager plan DEFAULT_PLAN via scheduler window
Setting Resource Manager plan DEFAULT_PLAN via parameter
2026-10-01T02:27:57.818011-04:00
Resize operation completed for file# 8, fname /u02/oradata/PRODDB/apps_ts_media01.dbf, old size 31457280K, new size 31559680K
2026-10-01T02:38:00.536265-04:00
ORA-1652: unable to extend temp segment by 128 in tablespace                 TEMP
2026-10-01T02:39:02.167561-04:00
ORA-1652: unable to extend temp segment by 128 in tablespace                 TEMP
2026-10-01T02:42:07.631610-04:00
Thread 1 advanced to log sequence 45242 (LGWR switch),  current SCN: 10505235823
  Current log# 3 seq# 45242 mem# 0: /u02/oradata/PRODDB/redo03a.log
  Current log# 3 seq# 45242 mem# 1: /u02/oradata/PRODDB/redo03b.log
2026-10-01T02:42:57.463415-04:00
ARC2 (PID:12992): Archived Log entry 89016 added for B-1180943236.T-1.S-45241 ID 0x8a4d5c1e LAD:1
2026-10-01T02:44:11.624638-04:00
ORA-1652: unable to extend temp segment by 128 in tablespace                 TEMP
2026-10-01T03:03:26.323232-04:00
Resize operation completed for file# 7, fname /u02/oradata/PRODDB/users01.dbf, old size 27262976K, new size 27365376K
2026-10-01T03:06:41.201158-04:00
ORA-01555 caused by SQL statement below (SQL ID: crv4pn7mmuntk, Query Duration=9983 sec, SCN: 0x000000027265e91b):
SELECT /*+ PARALLEL(8) */ CODE_COMBINATION_ID, SUM(ACCOUNTED_DR) FROM GL.GL_JE_LINES WHERE PERIOD_NAME = :B1 GROUP BY CODE_COMBINATION_ID
2026-10-01T03:42:49.824089-04:00
Thread 1 advanced to log sequence 45243 (LGWR switch),  current SCN: 10515070199
  Current log# 4 seq# 45243 mem# 0: /u02/oradata/PRODDB/redo04a.log
  Current log# 4 seq# 45243 mem# 1: /u02/oradata/PRODDB/redo04b.log
2026-10-01T03:43:15.442185-04:00
ARC3 (PID:12980): Archived Log entry 89017 added for B-1180943236.T-1.S-45242 ID 0x8a4d5c1e LAD:1
2026-10-01T05:17:39.730063-04:00
Thread 1 advanced to log sequence 45244 (LGWR switch),  current SCN: 10530434206
  Current log# 1 seq# 45244 mem# 0: /u02/oradata/PRODDB/redo01a.log
  Current log# 1 seq# 45244 mem# 1: /u02/oradata/PRODDB/redo01b.log
2026-10-01T05:17:48.377507-04:00
ARC3 (PID:12980): Archived Log entry 89018 added for B-1180943236.T-1.S-45243 ID 0x8a4d5c1e LAD:1
2026-10-01T05:55:29.318939-04:00
Thread 1 advanced to log sequence 45245 (LGWR switch),  current SCN: 10536562177
  Current log# 2 seq# 45245 mem# 0: /u02/oradata/PRODDB/redo02a.log
  Current log# 2 seq# 45245 mem# 1: /u02/oradata/PRODDB/redo02b.log
2026-10-01T05:56:12.371717-04:00
ARC1 (PID:12989): Archived Log entry 89019 added for B-1180943236.T-1.S-45244 ID 0x8a4d5c1e LAD:1
2026-10-01T07:18:01.132342-04:00
Thread 1 advanced to log sequence 45246 (LGWR switch),  current SCN: 10549931189
  Current log# 3 seq# 45246 mem# 0: /u02/oradata/PRODDB/redo03a.log
  Current log# 3 seq# 45246 mem# 1: /u02/oradata/PRODDB/redo03b.log
2026-10-01T07:18:28.089832-04:00
ARC0 (PID:12974): Archived Log entry 89020 added for B-1180943236.T-1.S-45245 ID 0x8a4d5c1e LAD:1
2026-10-01T07:26:49.845742-04:00
TT00 (PID:12998): Error 12514 received logging on to the standby
Errors in file /u01/app/oracle/diag/rdbms/proddb/PRODDB/trace/PRODDB_tt00_12998.trc:
ORA-12514: TNS:listener does not currently know of service requested in connect descriptor
2026-10-01T07:29:00.154511-04:00
TT00 (PID:12998): Attempting LAD:2 network reconnect (12514)
TT00 (PID:12998): LAD:2 network reconnect successful
2026-10-01T08:28:46.151644-04:00
Thread 1 advanced to log sequence 45247 (LGWR switch),  current SCN: 10561393224
  Current log# 4 seq# 45247 mem# 0: /u02/oradata/PRODDB/redo04a.log
  Current log# 4 seq# 45247 mem# 1: /u02/oradata/PRODDB/redo04b.log
2026-10-01T08:29:32.643749-04:00
ARC0 (PID:12974): Archived Log entry 89021 added for B-1180943236.T-1.S-45246 ID 0x8a4d5c1e LAD:1
2026-10-01T08:30:07.202511-04:00
ORA-1691: unable to extend lobsegment APPLSYS.SYS_LOB0000034032C00004$$ by 8192 in tablespace APPS_TS_MEDIA
2026-10-01T08:35:30.893885-04:00
ORA-1691: unable to extend lobsegment APPLSYS.SYS_LOB0000034032C00004$$ by 1024 in tablespace APPS_TS_MEDIA
2026-10-01T08:37:16.173447-04:00
ORA-1691: unable to extend lobsegment APPLSYS.SYS_LOB0000034032C00004$$ by 1024 in tablespace APPS_TS_MEDIA
2026-10-01T08:40:50.391252-04:00
Thread 1 advanced to log sequence 45248 (LGWR switch),  current SCN: 10563347257
  Current log# 1 seq# 45248 mem# 0: /u02/oradata/PRODDB/redo01a.log
  Current log# 1 seq# 45248 mem# 1: /u02/oradata/PRODDB/redo01b.log
2026-10-01T08:41:33.960599-04:00
ARC2 (PID:12992): Archived Log entry 89022 added for B-1180943236.T-1.S-45247 ID 0x8a4d5c1e LAD:1
2026-10-01T08:45:19.895717-04:00
ORA-1691: unable to extend lobsegment APPLSYS.SYS_LOB0000034032C00004$$ by 1024 in tablespace APPS_TS_MEDIA
2026-10-01T08:52:50.556010-04:00
Thread 1 advanced to log sequence 45249 (LGWR switch),  current SCN: 10565292543
  Current log# 2 seq# 45249 mem# 0: /u02/oradata/PRODDB/redo02a.log
  Current log# 2 seq# 45249 mem# 1: /u02/oradata/PRODDB/redo02b.log
2026-10-01T08:53:39.998645-04:00
ARC0 (PID:12974): Archived Log entry 89023 added for B-1180943236.T-1.S-45248 ID 0x8a4d5c1e LAD:1
2026-10-01T08:57:07.089220-04:00
ORA-1691: unable to extend lobsegment APPLSYS.SYS_LOB0000034032C00004$$ by 8192 in tablespace APPS_TS_MEDIA
2026-10-01T09:08:27.558139-04:00
ORA-1691: unable to extend lobsegment APPLSYS.SYS_LOB0000034032C00004$$ by 128 in tablespace APPS_TS_MEDIA
2026-10-01T09:10:32.027139-04:00
ALTER TABLESPACE APPS_TS_MEDIA ADD DATAFILE '/u02/oradata/PRODDB/apps_ts_media04.dbf' SIZE 30G AUTOEXTEND ON NEXT 1G MAXSIZE UNLIMITED
2026-10-01T09:11:24.458462-04:00
Completed: ALTER TABLESPACE APPS_TS_MEDIA ADD DATAFILE '/u02/oradata/PRODDB/apps_ts_media04.dbf' SIZE 30G AUTOEXTEND ON NEXT 1G MAXSIZE UNLIMITED
2026-10-01T09:15:48.134344-04:00
Thread 1 advanced to log sequence 45250 (LGWR switch),  current SCN: 10569011132
  Current log# 3 seq# 45250 mem# 0: /u02/oradata/PRODDB/redo03a.log
  Current log# 3 seq# 45250 mem# 1: /u02/oradata/PRODDB/redo03b.log
2026-10-01T09:16:23.292328-04:00
ARC1 (PID:12989): Archived Log entry 89024 added for B-1180943236.T-1.S-45249 ID 0x8a4d5c1e LAD:1
2026-10-01T09:27:43.141612-04:00
Thread 1 advanced to log sequence 45251 (LGWR switch),  current SCN: 10570941426
  Current log# 4 seq# 45251 mem# 0: /u02/oradata/PRODDB/redo04a.log
  Current log# 4 seq# 45251 mem# 1: /u02/oradata/PRODDB/redo04b.log
2026-10-01T09:27:54.651135-04:00
ARC1 (PID:12989): Archived Log entry 89025 added for B-1180943236.T-1.S-45250 ID 0x8a4d5c1e LAD:1
2026-10-01T09:51:26.587171-04:00
Thread 1 advanced to log sequence 45252 (LGWR switch),  current SCN: 10574784907
  Current log# 1 seq# 45252 mem# 0: /u02/oradata/PRODDB/redo01a.log
  Current log# 1 seq# 45252 mem# 1: /u02/oradata/PRODDB/redo01b.log
2026-10-01T09:52:07.110624-04:00
ARC0 (PID:12974): Archived Log entry 89026 added for B-1180943236.T-1.S-45251 ID 0x8a4d5c1e LAD:1
2026-10-01T10:10:13.845499-04:00
Thread 1 advanced to log sequence 45253 (LGWR switch),  current SCN: 10577829682
  Current log# 2 seq# 45253 mem# 0: /u02/oradata/PRODDB/redo02a.log
  Current log# 2 seq# 45253 mem# 1: /u02/oradata/PRODDB/redo02b.log
2026-10-01T10:10:31.525625-04:00
ARC2 (PID:12992): Archived Log entry 89027 added for B-1180943236.T-1.S-45252 ID 0x8a4d5c1e LAD:1
2026-10-01T10:17:56.279766-04:00
opiodr aborting process unknown ospid (18263) as a result of ORA-609
2026-10-01T10:24:33.688789-04:00
Thread 1 advanced to log sequence 45254 (LGWR switch),  current SCN: 10580152063
  Current log# 3 seq# 45254 mem# 0: /u02/oradata/PRODDB/redo03a.log
  Current log# 3 seq# 45254 mem# 1: /u02/oradata/PRODDB/redo03b.log
2026-10-01T10:25:23.115804-04:00
ARC0 (PID:12974): Archived Log entry 89028 added for B-1180943236.T-1.S-45253 ID 0x8a4d5c1e LAD:1
2026-10-01T10:36:26.496171-04:00
Errors in file /u01/app/oracle/diag/rdbms/proddb/PRODDB/trace/PRODDB_ora_35500.trc:
ORA-01113: file 8 needs media recovery
ORA-01110: data file 8: '/u02/oradata/PRODDB/apps_ts_media01.dbf'
2026-10-01T10:49:15.469903-04:00
Thread 1 advanced to log sequence 45255 (LGWR switch),  current SCN: 10584151587
  Current log# 4 seq# 45255 mem# 0: /u02/oradata/PRODDB/redo04a.log
  Current log# 4 seq# 45255 mem# 1: /u02/oradata/PRODDB/redo04b.log
2026-10-01T10:49:26.603119-04:00
ARC1 (PID:12989): Archived Log entry 89029 added for B-1180943236.T-1.S-45254 ID 0x8a4d5c1e LAD:1
2026-10-01T11:07:48.494221-04:00
Thread 1 advanced to log sequence 45256 (LGWR switch),  current SCN: 10587157510
  Current log# 1 seq# 45256 mem# 0: /u02/oradata/PRODDB/redo01a.log
  Current log# 1 seq# 45256 mem# 1: /u02/oradata/PRODDB/redo01b.log
2026-10-01T11:08:05.190325-04:00
ARC3 (PID:12980): Archived Log entry 89030 added for B-1180943236.T-1.S-45255 ID 0x8a4d5c1e LAD:1
2026-10-01T11:27:30.866987-04:00
Thread 1 advanced to log sequence 45257 (LGWR switch),  current SCN: 10590350098
  Current log# 2 seq# 45257 mem# 0: /u02/oradata/PRODDB/redo02a.log
  Current log# 2 seq# 45257 mem# 1: /u02/oradata/PRODDB/redo02b.log
2026-10-01T11:27:59.360379-04:00
ARC2 (PID:12992): Archived Log entry 89031 added for B-1180943236.T-1.S-45256 ID 0x8a4d5c1e LAD:1
2026-10-01T11:49:13.067084-04:00
Thread 1 advanced to log sequence 45258 (LGWR switch),  current SCN: 10593865142
  Current log# 3 seq# 45258 mem# 0: /u02/oradata/PRODDB/redo03a.log
  Current log# 3 seq# 45258 mem# 1: /u02/oradata/PRODDB/redo03b.log
2026-10-01T11:49:22.784314-04:00
ARC3 (PID:12980): Archived Log entry 89032 added for B-1180943236.T-1.S-45257 ID 0x8a4d5c1e LAD:1
2026-10-01T12:03:15.814377-04:00
Thread 1 advanced to log sequence 45259 (LGWR switch),  current SCN: 10596140360
  Current log# 4 seq# 45259 mem# 0: /u02/oradata/PRODDB/redo04a.log
  Current log# 4 seq# 45259 mem# 1: /u02/oradata/PRODDB/redo04b.log
2026-10-01T12:03:55.428405-04:00
ARC1 (PID:12989): Archived Log entry 89033 added for B-1180943236.T-1.S-45258 ID 0x8a4d5c1e LAD:1
2026-10-01T12:08:17.540490-04:00
Errors in file /u01/app/oracle/diag/rdbms/proddb/PRODDB/trace/PRODDB_ora_20598.trc:
ORA-00018: maximum number of sessions exceeded
2026-10-01T12:13:23.025330-04:00
Thread 1 advanced to log sequence 45260 (LGWR switch),  current SCN: 10597781328
  Current log# 1 seq# 45260 mem# 0: /u02/oradata/PRODDB/redo01a.log
  Current log# 1 seq# 45260 mem# 1: /u02/oradata/PRODDB/redo01b.log
2026-10-01T12:13:30.912998-04:00
ARC1 (PID:12989): Archived Log entry 89034 added for B-1180943236.T-1.S-45259 ID 0x8a4d5c1e LAD:1
2026-10-01T12:23:57.428723-04:00
Thread 1 advanced to log sequence 45261 (LGWR switch),  current SCN: 10599492928
  Current log# 2 seq# 45261 mem# 0: /u02/oradata/PRODDB/redo02a.log
  Current log# 2 seq# 45261 mem# 1: /u02/oradata/PRODDB/redo02b.log
2026-10-01T12:24:17.591066-04:00
ARC1 (PID:12989): Archived Log entry 89035 added for B-1180943236.T-1.S-45260 ID 0x8a4d5c1e LAD:1
2026-10-01T12:42:41.895741-04:00
Thread 1 advanced to log sequence 45262 (LGWR switch),  current SCN: 10602528397
  Current log# 3 seq# 45262 mem# 0: /u02/oradata/PRODDB/redo03a.log
  Current log# 3 seq# 45262 mem# 1: /u02/oradata/PRODDB/redo03b.log
2026-10-01T12:42:59.959984-04:00
ARC3 (PID:12980): Archived Log entry 89036 added for B-1180943236.T-1.S-45261 ID 0x8a4d5c1e LAD:1
2026-10-01T13:01:12.046936-04:00
Thread 1 advanced to log sequence 45263 (LGWR switch),  current SCN: 10605527586
  Current log# 4 seq# 45263 mem# 0: /u02/oradata/PRODDB/redo04a.log
  Current log# 4 seq# 45263 mem# 1: /u02/oradata/PRODDB/redo04b.log
2026-10-01T13:01:57.400018-04:00
ARC0 (PID:12974): Archived Log entry 89037 added for B-1180943236.T-1.S-45262 ID 0x8a4d5c1e LAD:1
2026-10-01T13:17:35.495199-04:00
Thread 1 advanced to log sequence 45264 (LGWR switch),  current SCN: 10608180718
  Current log# 1 seq# 45264 mem# 0: /u02/oradata/PRODDB/redo01a.log
  Current log# 1 seq# 45264 mem# 1: /u02/oradata/PRODDB/redo01b.log
2026-10-01T13:18:21.274598-04:00
ARC0 (PID:12974): Archived Log entry 89038 added for B-1180943236.T-1.S-45263 ID 0x8a4d5c1e LAD:1
2026-10-01T13:45:17.910008-04:00
Thread 1 advanced to log sequence 45265 (LGWR switch),  current SCN: 10612670544
  Current log# 2 seq# 45265 mem# 0: /u02/oradata/PRODDB/redo02a.log
  Current log# 2 seq# 45265 mem# 1: /u02/oradata/PRODDB/redo02b.log
2026-10-01T13:45:26.748564-04:00
ARC2 (PID:12992): Archived Log entry 89039 added for B-1180943236.T-1.S-45264 ID 0x8a4d5c1e LAD:1
2026-10-01T13:58:44.552098-04:00
Thread 1 advanced to log sequence 45266 (LGWR switch),  current SCN: 10614849220
  Current log# 3 seq# 45266 mem# 0: /u02/oradata/PRODDB/redo03a.log
  Current log# 3 seq# 45266 mem# 1: /u02/oradata/PRODDB/redo03b.log
2026-10-01T13:58:58.697182-04:00
ARC3 (PID:12980): Archived Log entry 89040 added for B-1180943236.T-1.S-45265 ID 0x8a4d5c1e LAD:1
2026-10-01T14:17:04.122467-04:00
Thread 1 advanced to log sequence 45267 (LGWR switch),  current SCN: 10617818244
  Current log# 4 seq# 45267 mem# 0: /u02/oradata/PRODDB/redo04a.log
  Current log# 4 seq# 45267 mem# 1: /u02/oradata/PRODDB/redo04b.log
2026-10-01T14:17:42.146085-04:00
ARC3 (PID:12980): Archived Log entry 89041 added for B-1180943236.T-1.S-45266 ID 0x8a4d5c1e LAD:1
2026-10-01T14:27:59.555455-04:00
Thread 1 advanced to log sequence 45268 (LGWR switch),  current SCN: 10619585759
  Current log# 1 seq# 45268 mem# 0: /u02/oradata/PRODDB/redo01a.log
  Current log# 1 seq# 45268 mem# 1: /u02/oradata/PRODDB/redo01b.log
2026-10-01T14:28:07.650183-04:00
ARC0 (PID:12974): Archived Log entry 89042 added for B-1180943236.T-1.S-45267 ID 0x8a4d5c1e LAD:1
2026-10-01T14:51:32.955717-04:00
Thread 1 advanced to log sequence 45269 (LGWR switch),  current SCN: 10623403156
  Current log# 2 seq# 45269 mem# 0: /u02/oradata/PRODDB/redo02a.log
  Current log# 2 seq# 45269 mem# 1: /u02/oradata/PRODDB/redo02b.log
2026-10-01T14:52:05.753691-04:00
ARC3 (PID:12980): Archived Log entry 89043 added for B-1180943236.T-1.S-45268 ID 0x8a4d5c1e LAD:1
2026-10-01T15:07:27.924231-04:00
opiodr aborting process unknown ospid (13603) as a result of ORA-609
2026-10-01T15:13:58.976031-04:00
opiodr aborting process unknown ospid (53274) as a result of ORA-609
2026-10-01T15:17:06.524621-04:00
Thread 1 advanced to log sequence 45270 (LGWR switch),  current SCN: 10627544477
  Current log# 3 seq# 45270 mem# 0: /u02/oradata/PRODDB/redo03a.log
  Current log# 3 seq# 45270 mem# 1: /u02/oradata/PRODDB/redo03b.log
2026-10-01T15:17:09.761373-04:00
ARC3 (PID:12980): Archived Log entry 89044 added for B-1180943236.T-1.S-45269 ID 0x8a4d5c1e LAD:1
2026-10-01T15:31:53.248400-04:00
Thread 1 advanced to log sequence 45271 (LGWR switch),  current SCN: 10629937809
  Current log# 4 seq# 45271 mem# 0: /u02/oradata/PRODDB/redo04a.log
  Current log# 4 seq# 45271 mem# 1: /u02/oradata/PRODDB/redo04b.log
2026-10-01T15:32:23.501719-04:00
ARC2 (PID:12992): Archived Log entry 89045 added for B-1180943236.T-1.S-45270 ID 0x8a4d5c1e LAD:1
2026-10-01T15:59:07.257107-04:00
Thread 1 advanced to log sequence 45272 (LGWR switch),  current SCN: 10634349347
  Current log# 1 seq# 45272 mem# 0: /u02/oradata/PRODDB/redo01a.log
  Current log# 1 seq# 45272 mem# 1: /u02/oradata/PRODDB/redo01b.log
2026-10-01T15:59:18.873464-04:00
ARC3 (PID:12980): Archived Log entry 89046 added for B-1180943236.T-1.S-45271 ID 0x8a4d5c1e LAD:1
2026-10-01T16:14:27.726108-04:00
Thread 1 advanced to log sequence 45273 (LGWR switch),  current SCN: 10636834547
  Current log# 2 seq# 45273 mem# 0: /u02/oradata/PRODDB/redo02a.log
  Current log# 2 seq# 45273 mem# 1: /u02/oradata/PRODDB/redo02b.log
2026-10-01T16:15:17.447632-04:00
ARC0 (PID:12974): Archived Log entry 89047 added for B-1180943236.T-1.S-45272 ID 0x8a4d5c1e LAD:1
2026-10-01T16:25:29.384565-04:00
Thread 1 advanced to log sequence 45274 (LGWR switch),  current SCN: 10638621241
  Current log# 3 seq# 45274 mem# 0: /u02/oradata/PRODDB/redo03a.log
  Current log# 3 seq# 45274 mem# 1: /u02/oradata/PRODDB/redo03b.log
2026-10-01T16:25:35.389785-04:00
ARC1 (PID:12989): Archived Log entry 89048 added for B-1180943236.T-1.S-45273 ID 0x8a4d5c1e LAD:1
2026-10-01T16:36:56.001610-04:00
Thread 1 advanced to log sequence 45275 (LGWR switch),  current SCN: 10640474846
  Current log# 4 seq# 45275 mem# 0: /u02/oradata/PRODDB/redo04a.log
  Current log# 4 seq# 45275 mem# 1: /u02/oradata/PRODDB/redo04b.log
2026-10-01T16:37:42.281353-04:00
ARC0 (PID:12974): Archived Log entry 89049 added for B-1180943236.T-1.S-45274 ID 0x8a4d5c1e LAD:1
2026-10-01T16:46:57.025990-04:00
opiodr aborting process unknown ospid (29020) as a result of ORA-609
2026-10-01T16:51:10.331411-04:00
Thread 1 advanced to log sequence 45276 (LGWR switch),  current SCN: 10642780701
  Current log# 1 seq# 45276 mem# 0: /u02/oradata/PRODDB/redo01a.log
  Current log# 1 seq# 45276 mem# 1: /u02/oradata/PRODDB/redo01b.log
2026-10-01T16:51:50.021276-04:00
ARC1 (PID:12989): Archived Log entry 89050 added for B-1180943236.T-1.S-45275 ID 0x8a4d5c1e LAD:1
2026-10-01T17:01:53.008178-04:00
Thread 1 advanced to log sequence 45277 (LGWR switch),  current SCN: 10644516587
  Current log# 2 seq# 45277 mem# 0: /u02/oradata/PRODDB/redo02a.log
  Current log# 2 seq# 45277 mem# 1: /u02/oradata/PRODDB/redo02b.log
2026-10-01T17:02:11.533054-04:00
ARC2 (PID:12992): Archived Log entry 89051 added for B-1180943236.T-1.S-45276 ID 0x8a4d5c1e LAD:1
2026-10-01T17:23:55.901443-04:00
Thread 1 advanced to log sequence 45278 (LGWR switch),  current SCN: 10648089508
  Current log# 3 seq# 45278 mem# 0: /u02/oradata/PRODDB/redo03a.log
  Current log# 3 seq# 45278 mem# 1: /u02/oradata/PRODDB/redo03b.log
2026-10-01T17:24:07.327244-04:00
ARC3 (PID:12980): Archived Log entry 89052 added for B-1180943236.T-1.S-45277 ID 0x8a4d5c1e LAD:1
2026-10-01T17:45:33.737924-04:00
Thread 1 advanced to log sequence 45279 (LGWR switch),  current SCN: 10651591789
  Current log# 4 seq# 45279 mem# 0: /u02/oradata/PRODDB/redo04a.log
  Current log# 4 seq# 45279 mem# 1: /u02/oradata/PRODDB/redo04b.log
2026-10-01T17:45:36.244325-04:00
ARC0 (PID:12974): Archived Log entry 89053 added for B-1180943236.T-1.S-45278 ID 0x8a4d5c1e LAD:1
2026-10-01T18:06:43.720611-04:00
Thread 1 advanced to log sequence 45280 (LGWR switch),  current SCN: 10655023089
  Current log# 1 seq# 45280 mem# 0: /u02/oradata/PRODDB/redo01a.log
  Current log# 1 seq# 45280 mem# 1: /u02/oradata/PRODDB/redo01b.log
2026-10-01T18:07:20.839282-04:00
ARC0 (PID:12974): Archived Log entry 89054 added for B-1180943236.T-1.S-45279 ID 0x8a4d5c1e LAD:1
2026-10-01T18:14:52.841204-04:00
opiodr aborting process unknown ospid (28982) as a result of ORA-609
2026-10-01T18:25:50.337206-04:00
Thread 1 advanced to log sequence 45281 (LGWR switch),  current SCN: 10658118249
  Current log# 2 seq# 45281 mem# 0: /u02/oradata/PRODDB/redo02a.log
  Current log# 2 seq# 45281 mem# 1: /u02/oradata/PRODDB/redo02b.log
2026-10-01T18:26:08.358721-04:00
ARC0 (PID:12974): Archived Log entry 89055 added for B-1180943236.T-1.S-45280 ID 0x8a4d5c1e LAD:1
2026-10-01T18:40:58.327232-04:00
Thread 1 advanced to log sequence 45282 (LGWR switch),  current SCN: 10660569272
  Current log# 3 seq# 45282 mem# 0: /u02/oradata/PRODDB/redo03a.log
  Current log# 3 seq# 45282 mem# 1: /u02/oradata/PRODDB/redo03b.log
2026-10-01T18:41:40.603932-04:00
ARC2 (PID:12992): Archived Log entry 89056 added for B-1180943236.T-1.S-45281 ID 0x8a4d5c1e LAD:1
2026-10-01T19:02:44.060253-04:00
Thread 1 advanced to log sequence 45283 (LGWR switch),  current SCN: 10664096267
  Current log# 4 seq# 45283 mem# 0: /u02/oradata/PRODDB/redo04a.log
  Current log# 4 seq# 45283 mem# 1: /u02/oradata/PRODDB/redo04b.log
2026-10-01T19:03:29.160668-04:00
ARC2 (PID:12992): Archived Log entry 89057 added for B-1180943236.T-1.S-45282 ID 0x8a4d5c1e LAD:1
2026-10-01T20:34:04.340878-04:00
Thread 1 advanced to log sequence 45284 (LGWR switch),  current SCN: 10678892667
  Current log# 1 seq# 45284 mem# 0: /u02/oradata/PRODDB/redo01a.log
  Current log# 1 seq# 45284 mem# 1: /u02/oradata/PRODDB/redo01b.log
2026-10-01T20:34:15.132995-04:00
ARC2 (PID:12992): Archived Log entry 89058 added for B-1180943236.T-1.S-45283 ID 0x8a4d5c1e LAD:1
2026-10-01T21:15:30.109681-04:00
Thread 1 advanced to log sequence 45285 (LGWR switch),  current SCN: 10685603056
  Current log# 2 seq# 45285 mem# 0: /u02/oradata/PRODDB/redo02a.log
  Current log# 2 seq# 45285 mem# 1: /u02/oradata/PRODDB/redo02b.log
2026-10-01T21:15:49.825026-04:00
ARC1 (PID:12989): Archived Log entry 89059 added for B-1180943236.T-1.S-45284 ID 0x8a4d5c1e LAD:1
2026-10-01T21:33:54.220281-04:00
Resize operation completed for file# 10, fname /u02/oradata/PRODDB/apps_ts_tx_data02.dbf, old size 20971520K, new size 21073920K
2026-10-01T22:00:00.349759-04:00
Setting Resource Manager plan SCHEDULER[0x4D52]:DEFAULT_MAINTENANCE_PLAN via scheduler window
Setting Resource Manager plan DEFAULT_MAINTENANCE_PLAN via parameter
2026-10-01T22:26:47.669431-04:00
Thread 1 advanced to log sequence 45286 (LGWR switch),  current SCN: 10697152002
  Current log# 3 seq# 45286 mem# 0: /u02/oradata/PRODDB/redo03a.log
  Current log# 3 seq# 45286 mem# 1: /u02/oradata/PRODDB/redo03b.log
2026-10-01T22:27:03.637853-04:00
ARC2 (PID:12992): Archived Log entry 89060 added for B-1180943236.T-1.S-45285 ID 0x8a4d5c1e LAD:1
2026-10-01T23:39:50.450420-04:00
Thread 1 advanced to log sequence 45287 (LGWR switch),  current SCN: 10708986795
  Current log# 4 seq# 45287 mem# 0: /u02/oradata/PRODDB/redo04a.log
  Current log# 4 seq# 45287 mem# 1: /u02/oradata/PRODDB/redo04b.log
2026-10-01T23:40:10.122927-04:00
ARC3 (PID:12980): Archived Log entry 89061 added for B-1180943236.T-1.S-45286 ID 0x8a4d5c1e LAD:1
2026-10-02T00:00:36.284076-04:00
TABLE SYS.WRI$_OPTSTAT_HISTHEAD_HISTORY: ADDED INTERVAL PARTITION SYS_P6764 (47434) VALUES LESS THAN (TO_DATE(' 2026-10-03 00:00:00', 'SYYYY-MM-DD HH24:MI:SS', 'NLS_CALENDAR=GREGORIAN'))
2026-10-02T00:21:38.677337-04:00
Thread 1 advanced to log sequence 45288 (LGWR switch),  current SCN: 10715757350
  Current log# 1 seq# 45288 mem# 0: /u02/oradata/PRODDB/redo01a.log
  Current log# 1 seq# 45288 mem# 1: /u02/oradata/PRODDB/redo01b.log
2026-10-02T00:22:10.220895-04:00
ARC0 (PID:12974): Archived Log entry 89062 added for B-1180943236.T-1.S-45287 ID 0x8a4d5c1e LAD:1
2026-10-02T01:05:30.057174-04:00
Resize operation completed for file# 7, fname /u02/oradata/PRODDB/users01.dbf, old size 25165824K, new size 25268224K
2026-10-02T01:35:31.126516-04:00
Starting control autobackup
Control autobackup written to DISK device

handle '/u03/fra/PRODDB/autobackup/2026_10_02/o1_mf_s_1247538338_.bkp'
2026-10-02T01:49:48.482830-04:00
Thread 1 advanced to log sequence 45289 (LGWR switch),  current SCN: 10730040600
  Current log# 2 seq# 45289 mem# 0: /u02/oradata/PRODDB/redo02a.log
  Current log# 2 seq# 45289 mem# 1: /u02/oradata/PRODDB/redo02b.log
2026-10-02T01:50:36.609376-04:00
ARC1 (PID:12989): Archived Log entry 89063 added for B-1180943236.T-1.S-45288 ID 0x8a4d5c1e LAD:1
2026-10-02T01:54:05.585181-04:00
Errors in file /u01/app/oracle/diag/rdbms/proddb/PRODDB/trace/PRODDB_arc1_12989.trc:
ORA-19809: limit exceeded for recovery files
ORA-19804: cannot reclaim 8388608 bytes disk space from 214748364800 bytes limit
ARC1 (PID:12989): Error 19809 Creating archive log file to '/u03/fra/PRODDB/archivelog/2026_10_02/o1_mf_1_45289_.arc'
2026-10-02T01:54:07.801577-04:00
ARC1 (PID:12989): Archival stopped, error occurred. Will continue retrying
ORACLE Instance PRODDB - Archival Error
2026-10-02T01:58:28.718901-04:00
Errors in file /u01/app/oracle/diag/rdbms/proddb/PRODDB/trace/PRODDB_arc1_12989.trc:
ORA-16038: log 2 sequence# 45289 cannot be archived
ORA-19809: limit exceeded for recovery files
ORA-00312: online log 2 thread 1: '/u02/oradata/PRODDB/redo02a.log'
2026-10-02T01:59:06.542841-04:00
Errors in file /u01/app/oracle/diag/rdbms/proddb/PRODDB/trace/PRODDB_ora_26928.trc:
ORA-00257: Archiver error. Connect AS SYSDBA only until resolved.
2026-10-02T02:00:00.756321-04:00
Closing scheduler window
Restoring Resource Manager plan DEFAULT_PLAN via scheduler window
Setting Resource Manager plan DEFAULT_PLAN via parameter
2026-10-02T02:06:55.443816-04:00
Errors in file /u01/app/oracle/diag/rdbms/proddb/PRODDB/trace/PRODDB_arc1_12989.trc:
ORA-16038: log 2 sequence# 45289 cannot be archived
ORA-19809: limit exceeded for recovery files
ORA-00312: online log 2 thread 1: '/u02/oradata/PRODDB/redo02a.log'
2026-10-02T02:15:51.863487-04:00
Errors in file /u01/app/oracle/diag/rdbms/proddb/PRODDB/trace/PRODDB_arc1_12989.trc:
ORA-16038: log 2 sequence# 45289 cannot be archived
ORA-19809: limit exceeded for recovery files
ORA-00312: online log 2 thread 1: '/u02/oradata/PRODDB/redo02a.log'
2026-10-02T02:16:00.319312-04:00
Errors in file /u01/app/oracle/diag/rdbms/proddb/PRODDB/trace/PRODDB_ora_41952.trc:
ORA-00257: Archiver error. Connect AS SYSDBA only until resolved.
2026-10-02T02:19:28.067147-04:00
Errors in file /u01/app/oracle/diag/rdbms/proddb/PRODDB/trace/PRODDB_arc1_12989.trc:
ORA-16038: log 2 sequence# 45289 cannot be archived
ORA-19809: limit exceeded for recovery files
ORA-00312: online log 2 thread 1: '/u02/oradata/PRODDB/redo02a.log'
2026-10-02T02:19:45.959869-04:00
Errors in file /u01/app/oracle/diag/rdbms/proddb/PRODDB/trace/PRODDB_ora_19343.trc:
ORA-00257: Archiver error. Connect AS SYSDBA only until resolved.
2026-10-02T02:22:56.746363-04:00
Errors in file /u01/app/oracle/diag/rdbms/proddb/PRODDB/trace/PRODDB_arc1_12989.trc:
ORA-16038: log 2 sequence# 45289 cannot be archived
ORA-19809: limit exceeded for recovery files
ORA-00312: online log 2 thread 1: '/u02/oradata/PRODDB/redo02a.log'
2026-10-02T02:23:05.497652-04:00
Errors in file /u01/app/oracle/diag/rdbms/proddb/PRODDB/trace/PRODDB_ora_12258.trc:
ORA-00257: Archiver error. Connect AS SYSDBA only until resolved.
2026-10-02T02:28:24.284031-04:00
Errors in file /u01/app/oracle/diag/rdbms/proddb/PRODDB/trace/PRODDB_arc1_12989.trc:
ORA-16038: log 2 sequence# 45289 cannot be archived
ORA-19809: limit exceeded for recovery files
ORA-00312: online log 2 thread 1: '/u02/oradata/PRODDB/redo02a.log'
2026-10-02T02:28:46.803893-04:00
Errors in file /u01/app/oracle/diag/rdbms/proddb/PRODDB/trace/PRODDB_ora_4139.trc:
ORA-00257: Archiver error. Connect AS SYSDBA only until resolved.
2026-10-02T02:33:07.575385-04:00
Errors in file /u01/app/oracle/diag/rdbms/proddb/PRODDB/trace/PRODDB_arc1_12989.trc:
ORA-16038: log 2 sequence# 45289 cannot be archived
ORA-19809: limit exceeded for recovery files
ORA-00312: online log 2 thread 1: '/u02/oradata/PRODDB/redo02a.log'
2026-10-02T02:38:51.450986-04:00
Errors in file /u01/app/oracle/diag/rdbms/proddb/PRODDB/trace/PRODDB_arc1_12989.trc:
ORA-16038: log 2 sequence# 45289 cannot be archived
ORA-19809: limit exceeded for recovery files
ORA-00312: online log 2 thread 1: '/u02/oradata/PRODDB/redo02a.log'
2026-10-02T02:39:12.559894-04:00
Errors in file /u01/app/oracle/diag/rdbms/proddb/PRODDB/trace/PRODDB_ora_53631.trc:
ORA-00257: Archiver error. Connect AS SYSDBA only until resolved.
2026-10-02T02:45:36.444394-04:00
Errors in file /u01/app/oracle/diag/rdbms/proddb/PRODDB/trace/PRODDB_arc1_12989.trc:
ORA-16038: log 2 sequence# 45289 cannot be archived
ORA-19809: limit exceeded for recovery files
ORA-00312: online log 2 thread 1: '/u02/oradata/PRODDB/redo02a.log'
2026-10-02T02:47:50.620745-04:00
Thread 1 advanced to log sequence 45290 (LGWR switch),  current SCN: 10739442871
  Current log# 3 seq# 45290 mem# 0: /u02/oradata/PRODDB/redo03a.log
  Current log# 3 seq# 45290 mem# 1: /u02/oradata/PRODDB/redo03b.log
2026-10-02T02:49:47.086362-04:00
Errors in file /u01/app/oracle/diag/rdbms/proddb/PRODDB/trace/PRODDB_arc1_12989.trc:
ORA-16038: log 2 sequence# 45289 cannot be archived
ORA-19809: limit exceeded for recovery files
ORA-00312: online log 2 thread 1: '/u02/oradata/PRODDB/redo02a.log'
2026-10-02T02:50:33.918549-04:00
Errors in file /u01/app/oracle/diag/rdbms/proddb/PRODDB/trace/PRODDB_ora_11764.trc:
ORA-00257: Archiver error. Connect AS SYSDBA only until resolved.
2026-10-02T02:54:22.742845-04:00
Errors in file /u01/app/oracle/diag/rdbms/proddb/PRODDB/trace/PRODDB_arc1_12989.trc:
ORA-16038: log 2 sequence# 45289 cannot be archived
ORA-19809: limit exceeded for recovery files
ORA-00312: online log 2 thread 1: '/u02/oradata/PRODDB/redo02a.log'
2026-10-02T02:54:37.916254-04:00
Errors in file /u01/app/oracle/diag/rdbms/proddb/PRODDB/trace/PRODDB_ora_53945.trc:
ORA-00257: Archiver error. Connect AS SYSDBA only until resolved.
2026-10-02T02:56:42.908406-04:00
ALTER SYSTEM SET db_recovery_file_dest_size='300G' SCOPE=BOTH;
2026-10-02T02:57:02.640984-04:00
ARC1 (PID:12989): Archiver process freed from errors. No longer stopped
2026-10-02T03:17:13.628492-04:00
ORA-1652: unable to extend temp segment by 128 in tablespace                 TEMP
2026-10-02T03:19:26.787707-04:00
ORA-1652: unable to extend temp segment by 128 in tablespace                 TEMP
2026-10-02T03:20:01.147081-04:00
ORA-1652: unable to extend temp segment by 128 in tablespace                 TEMP
2026-10-02T03:22:27.588777-04:00
ORA-1652: unable to extend temp segment by 128 in tablespace                 TEMP
2026-10-02T04:04:06.578387-04:00
Thread 1 advanced to log sequence 45291 (LGWR switch),  current SCN: 10751796561
  Current log# 4 seq# 45291 mem# 0: /u02/oradata/PRODDB/redo04a.log
  Current log# 4 seq# 45291 mem# 1: /u02/oradata/PRODDB/redo04b.log
2026-10-02T04:04:35.871837-04:00
ARC0 (PID:12974): Archived Log entry 89065 added for B-1180943236.T-1.S-45290 ID 0x8a4d5c1e LAD:1
2026-10-02T04:18:17.014835-04:00
Resize operation completed for file# 8, fname /u02/oradata/PRODDB/apps_ts_media01.dbf, old size 26214400K, new size 26316800K
2026-10-02T04:49:39.564136-04:00
Thread 1 advanced to log sequence 45292 (LGWR switch),  current SCN: 10759176179
  Current log# 1 seq# 45292 mem# 0: /u02/oradata/PRODDB/redo01a.log
  Current log# 1 seq# 45292 mem# 1: /u02/oradata/PRODDB/redo01b.log
2026-10-02T04:49:45.418902-04:00
ARC3 (PID:12980): Archived Log entry 89066 added for B-1180943236.T-1.S-45291 ID 0x8a4d5c1e LAD:1
2026-10-02T05:39:36.837772-04:00
Thread 1 advanced to log sequence 45293 (LGWR switch),  current SCN: 10767268387
  Current log# 2 seq# 45293 mem# 0: /u02/oradata/PRODDB/redo02a.log
  Current log# 2 seq# 45293 mem# 1: /u02/oradata/PRODDB/redo02b.log
2026-10-02T05:40:08.088043-04:00
ARC0 (PID:12974): Archived Log entry 89067 added for B-1180943236.T-1.S-45292 ID 0x8a4d5c1e LAD:1
2026-10-02T07:02:41.747998-04:00
Thread 1 advanced to log sequence 45294 (LGWR switch),  current SCN: 10780728156
  Current log# 3 seq# 45294 mem# 0: /u02/oradata/PRODDB/redo03a.log
  Current log# 3 seq# 45294 mem# 1: /u02/oradata/PRODDB/redo03b.log
2026-10-02T07:03:12.690405-04:00
ARC2 (PID:12992): Archived Log entry 89068 added for B-1180943236.T-1.S-45293 ID 0x8a4d5c1e LAD:1
2026-10-02T07:30:00.298151-04:00
opiodr aborting process unknown ospid (39621) as a result of ORA-609
2026-10-02T07:37:58.495951-04:00
TT00 (PID:12998): Error 12537 received logging on to the standby
Errors in file /u01/app/oracle/diag/rdbms/proddb/PRODDB/trace/PRODDB_tt00_12998.trc:
ORA-12537: TNS:connection closed
2026-10-02T07:41:43.404832-04:00
TT00 (PID:12998): Attempting LAD:2 network reconnect (12537)
TT00 (PID:12998): LAD:2 network reconnect successful
2026-10-02T08:24:34.789359-04:00
opiodr aborting process unknown ospid (58915) as a result of ORA-609
2026-10-02T08:26:35.518889-04:00
Thread 1 advanced to log sequence 45295 (LGWR switch),  current SCN: 10794320019
  Current log# 4 seq# 45295 mem# 0: /u02/oradata/PRODDB/redo04a.log
  Current log# 4 seq# 45295 mem# 1: /u02/oradata/PRODDB/redo04b.log
2026-10-02T08:26:48.851198-04:00
ARC3 (PID:12980): Archived Log entry 89069 added for B-1180943236.T-1.S-45294 ID 0x8a4d5c1e LAD:1
2026-10-02T08:52:06.274217-04:00
Thread 1 advanced to log sequence 45296 (LGWR switch),  current SCN: 10798452138
  Current log# 1 seq# 45296 mem# 0: /u02/oradata/PRODDB/redo01a.log
  Current log# 1 seq# 45296 mem# 1: /u02/oradata/PRODDB/redo01b.log
2026-10-02T08:52:48.776704-04:00
ARC1 (PID:12989): Archived Log entry 89070 added for B-1180943236.T-1.S-45295 ID 0x8a4d5c1e LAD:1
2026-10-02T09:11:14.897594-04:00
TT00 (PID:12998): Error 12537 received logging on to the standby
Errors in file /u01/app/oracle/diag/rdbms/proddb/PRODDB/trace/PRODDB_tt00_12998.trc:
ORA-12537: TNS:connection closed
2026-10-02T09:15:14.045767-04:00
TT00 (PID:12998): Attempting LAD:2 network reconnect (12537)
TT00 (PID:12998): LAD:2 network reconnect successful
2026-10-02T09:15:53.221894-04:00
Thread 1 advanced to log sequence 45297 (LGWR switch),  current SCN: 10802305251
  Current log# 2 seq# 45297 mem# 0: /u02/oradata/PRODDB/redo02a.log
  Current log# 2 seq# 45297 mem# 1: /u02/oradata/PRODDB/redo02b.log
2026-10-02T09:16:13.025940-04:00
ARC1 (PID:12989): Archived Log entry 89071 added for B-1180943236.T-1.S-45296 ID 0x8a4d5c1e LAD:1
2026-10-02T09:27:16.531636-04:00
Thread 1 advanced to log sequence 45298 (LGWR switch),  current SCN: 10804151193
  Current log# 3 seq# 45298 mem# 0: /u02/oradata/PRODDB/redo03a.log
  Current log# 3 seq# 45298 mem# 1: /u02/oradata/PRODDB/redo03b.log
2026-10-02T09:27:40.183129-04:00
ARC2 (PID:12992): Archived Log entry 89072 added for B-1180943236.T-1.S-45297 ID 0x8a4d5c1e LAD:1
2026-10-02T09:46:59.853618-04:00
Thread 1 advanced to log sequence 45299 (LGWR switch),  current SCN: 10807346277
  Current log# 4 seq# 45299 mem# 0: /u02/oradata/PRODDB/redo04a.log
  Current log# 4 seq# 45299 mem# 1: /u02/oradata/PRODDB/redo04b.log
2026-10-02T09:47:46.771350-04:00
ARC3 (PID:12980): Archived Log entry 89073 added for B-1180943236.T-1.S-45298 ID 0x8a4d5c1e LAD:1
2026-10-02T10:09:42.566211-04:00
ORA-1653: unable to extend table XXCUST.XX_ORDER_STAGING by 8192 in tablespace APPS_TS_TX_DATA
2026-10-02T10:09:42.971194-04:00
Thread 1 advanced to log sequence 45300 (LGWR switch),  current SCN: 10811026195
  Current log# 1 seq# 45300 mem# 0: /u02/oradata/PRODDB/redo01a.log
  Current log# 1 seq# 45300 mem# 1: /u02/oradata/PRODDB/redo01b.log
2026-10-02T10:10:20.032353-04:00
ARC2 (PID:12992): Archived Log entry 89074 added for B-1180943236.T-1.S-45299 ID 0x8a4d5c1e LAD:1
2026-10-02T10:16:08.531931-04:00
ORA-1653: unable to extend table XXCUST.XX_ORDER_STAGING by 128 in tablespace APPS_TS_TX_DATA
2026-10-02T10:17:34.983176-04:00
ORA-1653: unable to extend table XXCUST.XX_ORDER_STAGING by 1024 in tablespace APPS_TS_TX_DATA
2026-10-02T10:22:06.972328-04:00
ORA-1653: unable to extend table XXCUST.XX_ORDER_STAGING by 1024 in tablespace APPS_TS_TX_DATA
2026-10-02T10:24:08.097519-04:00
ORA-1653: unable to extend table XXCUST.XX_ORDER_STAGING by 8192 in tablespace APPS_TS_TX_DATA
2026-10-02T10:27:12.020521-04:00
Thread 1 advanced to log sequence 45301 (LGWR switch),  current SCN: 10813858592
  Current log# 2 seq# 45301 mem# 0: /u02/oradata/PRODDB/redo02a.log
  Current log# 2 seq# 45301 mem# 1: /u02/oradata/PRODDB/redo02b.log
2026-10-02T10:27:52.571986-04:00
ARC3 (PID:12980): Archived Log entry 89075 added for B-1180943236.T-1.S-45300 ID 0x8a4d5c1e LAD:1
2026-10-02T10:34:36.159060-04:00
ORA-1653: unable to extend table XXCUST.XX_ORDER_STAGING by 8192 in tablespace APPS_TS_TX_DATA
2026-10-02T10:35:49.715412-04:00
ORA-1653: unable to extend table XXCUST.XX_ORDER_STAGING by 8192 in tablespace APPS_TS_TX_DATA
2026-10-02T10:39:47.531544-04:00
ORA-1653: unable to extend table XXCUST.XX_ORDER_STAGING by 128 in tablespace APPS_TS_TX_DATA
2026-10-02T10:49:06.412968-04:00
ORA-1653: unable to extend table XXCUST.XX_ORDER_STAGING by 1024 in tablespace APPS_TS_TX_DATA
2026-10-02T10:49:43.547578-04:00
Thread 1 advanced to log sequence 45302 (LGWR switch),  current SCN: 10817506737
  Current log# 3 seq# 45302 mem# 0: /u02/oradata/PRODDB/redo03a.log
  Current log# 3 seq# 45302 mem# 1: /u02/oradata/PRODDB/redo03b.log
2026-10-02T10:50:15.750976-04:00
ARC3 (PID:12980): Archived Log entry 89076 added for B-1180943236.T-1.S-45301 ID 0x8a4d5c1e LAD:1
2026-10-02T10:57:16.055363-04:00
ORA-1653: unable to extend table XXCUST.XX_ORDER_STAGING by 1024 in tablespace APPS_TS_TX_DATA
2026-10-02T11:09:14.514691-04:00
ORA-1653: unable to extend table XXCUST.XX_ORDER_STAGING by 1024 in tablespace APPS_TS_TX_DATA
2026-10-02T11:16:41.314714-04:00
Thread 1 advanced to log sequence 45303 (LGWR switch),  current SCN: 10821875772
  Current log# 4 seq# 45303 mem# 0: /u02/oradata/PRODDB/redo04a.log
  Current log# 4 seq# 45303 mem# 1: /u02/oradata/PRODDB/redo04b.log
2026-10-02T11:17:18.689610-04:00
ARC3 (PID:12980): Archived Log entry 89077 added for B-1180943236.T-1.S-45302 ID 0x8a4d5c1e LAD:1
2026-10-02T11:19:11.743576-04:00
ORA-1653: unable to extend table XXCUST.XX_ORDER_STAGING by 128 in tablespace APPS_TS_TX_DATA
2026-10-02T11:24:01.241685-04:00
ORA-1653: unable to extend table XXCUST.XX_ORDER_STAGING by 1024 in tablespace APPS_TS_TX_DATA
2026-10-02T11:32:23.538972-04:00
ORA-1653: unable to extend table XXCUST.XX_ORDER_STAGING by 128 in tablespace APPS_TS_TX_DATA
2026-10-02T11:37:55.181125-04:00
ORA-1653: unable to extend table XXCUST.XX_ORDER_STAGING by 1024 in tablespace APPS_TS_TX_DATA
2026-10-02T11:39:55.251993-04:00
Thread 1 advanced to log sequence 45304 (LGWR switch),  current SCN: 10825637965
  Current log# 1 seq# 45304 mem# 0: /u02/oradata/PRODDB/redo01a.log
  Current log# 1 seq# 45304 mem# 1: /u02/oradata/PRODDB/redo01b.log
2026-10-02T11:40:28.540650-04:00
ARC1 (PID:12989): Archived Log entry 89078 added for B-1180943236.T-1.S-45303 ID 0x8a4d5c1e LAD:1
2026-10-02T11:46:13.037127-04:00
ORA-1653: unable to extend table XXCUST.XX_ORDER_STAGING by 1024 in tablespace APPS_TS_TX_DATA
2026-10-02T11:54:49.488453-04:00
Thread 1 advanced to log sequence 45305 (LGWR switch),  current SCN: 10828053844
  Current log# 2 seq# 45305 mem# 0: /u02/oradata/PRODDB/redo02a.log
  Current log# 2 seq# 45305 mem# 1: /u02/oradata/PRODDB/redo02b.log
2026-10-02T11:55:34.590810-04:00
ORA-1653: unable to extend table XXCUST.XX_ORDER_STAGING by 128 in tablespace APPS_TS_TX_DATA
2026-10-02T11:55:34.792838-04:00
ARC2 (PID:12992): Archived Log entry 89079 added for B-1180943236.T-1.S-45304 ID 0x8a4d5c1e LAD:1
2026-10-02T11:57:32.572332-04:00
ORA-1653: unable to extend table XXCUST.XX_ORDER_STAGING by 1024 in tablespace APPS_TS_TX_DATA
2026-10-02T11:59:49.648536-04:00
ORA-1653: unable to extend table XXCUST.XX_ORDER_STAGING by 1024 in tablespace APPS_TS_TX_DATA
2026-10-02T12:05:41.549923-04:00
ALTER TABLESPACE APPS_TS_TX_DATA ADD DATAFILE '/u02/oradata/PRODDB/apps_ts_tx_data03.dbf' SIZE 30G AUTOEXTEND ON NEXT 1G MAXSIZE UNLIMITED
2026-10-02T12:07:10.344734-04:00
Completed: ALTER TABLESPACE APPS_TS_TX_DATA ADD DATAFILE '/u02/oradata/PRODDB/apps_ts_tx_data03.dbf' SIZE 30G AUTOEXTEND ON NEXT 1G MAXSIZE UNLIMITED
2026-10-02T12:19:11.955751-04:00
Thread 1 advanced to log sequence 45306 (LGWR switch),  current SCN: 10832001227
  Current log# 3 seq# 45306 mem# 0: /u02/oradata/PRODDB/redo03a.log
  Current log# 3 seq# 45306 mem# 1: /u02/oradata/PRODDB/redo03b.log
2026-10-02T12:19:22.726900-04:00
ARC3 (PID:12980): Archived Log entry 89080 added for B-1180943236.T-1.S-45305 ID 0x8a4d5c1e LAD:1
2026-10-02T12:36:37.097736-04:00
ORA-1654: unable to extend index AR.RA_CUSTOMER_TRX_LINES_N2 by 1024 in tablespace APPS_TS_TX_IDX
2026-10-02T12:38:48.548581-04:00
Thread 1 advanced to log sequence 45307 (LGWR switch),  current SCN: 10835178732
  Current log# 4 seq# 45307 mem# 0: /u02/oradata/PRODDB/redo04a.log
  Current log# 4 seq# 45307 mem# 1: /u02/oradata/PRODDB/redo04b.log
2026-10-02T12:38:56.601908-04:00
ARC0 (PID:12974): Archived Log entry 89081 added for B-1180943236.T-1.S-45306 ID 0x8a4d5c1e LAD:1
2026-10-02T12:40:05.786298-04:00
ORA-1654: unable to extend index AR.RA_CUSTOMER_TRX_LINES_N2 by 128 in tablespace APPS_TS_TX_IDX
2026-10-02T12:49:32.264742-04:00

***********************************************************************

Fatal NI connect error 12537, connecting to:
 (LOCAL=NO)

  VERSION INFORMATION:
	TNS for Linux: Version 19.0.0.0.0 - Production
	TCP/IP NT Protocol Adapter for Linux: Version 19.0.0.0.0 - Production
  Version 19.24.0.0.0
  Time: 02-OCT-2026 12:49:32
  Tracing not turned on.
  Tns error struct:
    ns main err code: 12537

TNS-12537: TNS:connection closed
    ns secondary err code: 12560
    nt main err code: 0
    nt secondary err code: 0
    nt OS err code: 0
  Client address: (ADDRESS=(PROTOCOL=tcp)(HOST=10.20.48.248)(PORT=33367))
2026-10-02T12:51:31.235090-04:00
ORA-1654: unable to extend index AR.RA_CUSTOMER_TRX_LINES_N2 by 8192 in tablespace APPS_TS_TX_IDX
2026-10-02T12:55:03.455165-04:00
ALTER TABLESPACE APPS_TS_TX_IDX ADD DATAFILE '/u02/oradata/PRODDB/apps_ts_tx_idx08.dbf' SIZE 30G AUTOEXTEND ON NEXT 1G MAXSIZE UNLIMITED
2026-10-02T12:56:28.888803-04:00
Completed: ALTER TABLESPACE APPS_TS_TX_IDX ADD DATAFILE '/u02/oradata/PRODDB/apps_ts_tx_idx08.dbf' SIZE 30G AUTOEXTEND ON NEXT 1G MAXSIZE UNLIMITED
2026-10-02T12:56:31.020284-04:00
Thread 1 advanced to log sequence 45308 (LGWR switch),  current SCN: 10838048567
  Current log# 1 seq# 45308 mem# 0: /u02/oradata/PRODDB/redo01a.log
  Current log# 1 seq# 45308 mem# 1: /u02/oradata/PRODDB/redo01b.log
2026-10-02T12:56:50.227247-04:00
ARC0 (PID:12974): Archived Log entry 89082 added for B-1180943236.T-1.S-45307 ID 0x8a4d5c1e LAD:1
2026-10-02T12:57:57.379353-04:00
ORA-1653: unable to extend table XXCUST.XX_ORDER_STAGING by 8192 in tablespace APPS_TS_TX_DATA
2026-10-02T13:05:48.594144-04:00
ORA-1653: unable to extend table XXCUST.XX_ORDER_STAGING by 1024 in tablespace APPS_TS_TX_DATA
2026-10-02T13:11:39.898833-04:00
ORA-1653: unable to extend table XXCUST.XX_ORDER_STAGING by 128 in tablespace APPS_TS_TX_DATA
2026-10-02T13:12:24.724502-04:00
Thread 1 advanced to log sequence 45309 (LGWR switch),  current SCN: 10840623127
  Current log# 2 seq# 45309 mem# 0: /u02/oradata/PRODDB/redo02a.log
  Current log# 2 seq# 45309 mem# 1: /u02/oradata/PRODDB/redo02b.log
2026-10-02T13:12:45.159147-04:00
ARC3 (PID:12980): Archived Log entry 89083 added for B-1180943236.T-1.S-45308 ID 0x8a4d5c1e LAD:1
2026-10-02T13:15:36.915239-04:00
ORA-1653: unable to extend table XXCUST.XX_ORDER_STAGING by 128 in tablespace APPS_TS_TX_DATA
2026-10-02T13:20:38.993995-04:00
ALTER TABLESPACE APPS_TS_TX_DATA ADD DATAFILE '/u02/oradata/PRODDB/apps_ts_tx_data08.dbf' SIZE 30G AUTOEXTEND ON NEXT 1G MAXSIZE UNLIMITED
2026-10-02T13:21:13.516009-04:00
Completed: ALTER TABLESPACE APPS_TS_TX_DATA ADD DATAFILE '/u02/oradata/PRODDB/apps_ts_tx_data08.dbf' SIZE 30G AUTOEXTEND ON NEXT 1G MAXSIZE UNLIMITED
2026-10-02T13:39:32.546524-04:00
Thread 1 advanced to log sequence 45310 (LGWR switch),  current SCN: 10845016838
  Current log# 3 seq# 45310 mem# 0: /u02/oradata/PRODDB/redo03a.log
  Current log# 3 seq# 45310 mem# 1: /u02/oradata/PRODDB/redo03b.log
2026-10-02T13:40:04.691381-04:00
ARC0 (PID:12974): Archived Log entry 89084 added for B-1180943236.T-1.S-45309 ID 0x8a4d5c1e LAD:1
2026-10-02T14:03:01.615419-04:00
Thread 1 advanced to log sequence 45311 (LGWR switch),  current SCN: 10848820993
  Current log# 4 seq# 45311 mem# 0: /u02/oradata/PRODDB/redo04a.log
  Current log# 4 seq# 45311 mem# 1: /u02/oradata/PRODDB/redo04b.log
2026-10-02T14:03:18.298984-04:00
ARC2 (PID:12992): Archived Log entry 89085 added for B-1180943236.T-1.S-45310 ID 0x8a4d5c1e LAD:1
2026-10-02T14:08:25.277896-04:00
Errors in file /u01/app/oracle/diag/rdbms/proddb/PRODDB/trace/PRODDB_ora_53218.trc:
ORA-00060: Deadlock detected. See Note 60.1 at My Oracle Support for Troubleshooting ORA-60 Errors. More info in file /u01/app/oracle/diag/rdbms/proddb/PRODDB/trace/PRODDB_ora_53218.trc.
2026-10-02T14:14:14.767312-04:00
Thread 1 advanced to log sequence 45312 (LGWR switch),  current SCN: 10850641084
  Current log# 1 seq# 45312 mem# 0: /u02/oradata/PRODDB/redo01a.log
  Current log# 1 seq# 45312 mem# 1: /u02/oradata/PRODDB/redo01b.log
2026-10-02T14:14:32.934143-04:00
ARC0 (PID:12974): Archived Log entry 89086 added for B-1180943236.T-1.S-45311 ID 0x8a4d5c1e LAD:1
2026-10-02T14:39:21.342385-04:00
Thread 1 advanced to log sequence 45313 (LGWR switch),  current SCN: 10854708276
  Current log# 2 seq# 45313 mem# 0: /u02/oradata/PRODDB/redo02a.log
  Current log# 2 seq# 45313 mem# 1: /u02/oradata/PRODDB/redo02b.log
2026-10-02T14:39:54.794231-04:00
ARC1 (PID:12989): Archived Log entry 89087 added for B-1180943236.T-1.S-45312 ID 0x8a4d5c1e LAD:1
2026-10-02T14:51:25.120478-04:00
Thread 1 advanced to log sequence 45314 (LGWR switch),  current SCN: 10856661835
  Current log# 3 seq# 45314 mem# 0: /u02/oradata/PRODDB/redo03a.log
  Current log# 3 seq# 45314 mem# 1: /u02/oradata/PRODDB/redo03b.log
2026-10-02T14:51:50.808794-04:00
ARC2 (PID:12992): Archived Log entry 89088 added for B-1180943236.T-1.S-45313 ID 0x8a4d5c1e LAD:1
2026-10-02T15:12:19.750215-04:00
Thread 1 advanced to log sequence 45315 (LGWR switch),  current SCN: 10860048618
  Current log# 4 seq# 45315 mem# 0: /u02/oradata/PRODDB/redo04a.log
  Current log# 4 seq# 45315 mem# 1: /u02/oradata/PRODDB/redo04b.log
2026-10-02T15:12:32.323110-04:00
ARC0 (PID:12974): Archived Log entry 89089 added for B-1180943236.T-1.S-45314 ID 0x8a4d5c1e LAD:1
2026-10-02T15:23:52.347379-04:00
Thread 1 cannot allocate new log, sequence 45316
Checkpoint not complete
  Current log# 4 seq# 45315 mem# 0: /u02/oradata/PRODDB/redo04a.log
2026-10-02T15:24:16.453863-04:00
Thread 1 advanced to log sequence 45316 (LGWR switch),  current SCN: 10861983834
  Current log# 1 seq# 45316 mem# 0: /u02/oradata/PRODDB/redo01a.log
  Current log# 1 seq# 45316 mem# 1: /u02/oradata/PRODDB/redo01b.log
2026-10-02T15:24:44.730816-04:00
ARC3 (PID:12980): Archived Log entry 89090 added for B-1180943236.T-1.S-45315 ID 0x8a4d5c1e LAD:1
2026-10-02T15:47:08.683655-04:00
Thread 1 advanced to log sequence 45317 (LGWR switch),  current SCN: 10865688817
  Current log# 2 seq# 45317 mem# 0: /u02/oradata/PRODDB/redo02a.log
  Current log# 2 seq# 45317 mem# 1: /u02/oradata/PRODDB/redo02b.log
2026-10-02T15:47:17.690553-04:00
ARC1 (PID:12989): Archived Log entry 89091 added for B-1180943236.T-1.S-45316 ID 0x8a4d5c1e LAD:1
2026-10-02T16:11:02.868427-04:00
Thread 1 advanced to log sequence 45318 (LGWR switch),  current SCN: 10869561371
  Current log# 3 seq# 45318 mem# 0: /u02/oradata/PRODDB/redo03a.log
  Current log# 3 seq# 45318 mem# 1: /u02/oradata/PRODDB/redo03b.log
2026-10-02T16:11:42.059502-04:00
ARC0 (PID:12974): Archived Log entry 89092 added for B-1180943236.T-1.S-45317 ID 0x8a4d5c1e LAD:1
2026-10-02T16:21:47.287166-04:00
Thread 1 advanced to log sequence 45319 (LGWR switch),  current SCN: 10871301129
  Current log# 4 seq# 45319 mem# 0: /u02/oradata/PRODDB/redo04a.log
  Current log# 4 seq# 45319 mem# 1: /u02/oradata/PRODDB/redo04b.log
2026-10-02T16:21:54.124049-04:00
ARC2 (PID:12992): Archived Log entry 89093 added for B-1180943236.T-1.S-45318 ID 0x8a4d5c1e LAD:1
2026-10-02T16:42:55.802501-04:00
Thread 1 cannot allocate new log, sequence 45320
Checkpoint not complete
  Current log# 4 seq# 45319 mem# 0: /u02/oradata/PRODDB/redo04a.log
2026-10-02T16:43:26.454238-04:00
Thread 1 advanced to log sequence 45320 (LGWR switch),  current SCN: 10874809365
  Current log# 1 seq# 45320 mem# 0: /u02/oradata/PRODDB/redo01a.log
  Current log# 1 seq# 45320 mem# 1: /u02/oradata/PRODDB/redo01b.log
2026-10-02T16:43:56.320006-04:00
ARC0 (PID:12974): Archived Log entry 89094 added for B-1180943236.T-1.S-45319 ID 0x8a4d5c1e LAD:1
2026-10-02T17:04:53.113806-04:00
Thread 1 advanced to log sequence 45321 (LGWR switch),  current SCN: 10878282731
  Current log# 2 seq# 45321 mem# 0: /u02/oradata/PRODDB/redo02a.log
  Current log# 2 seq# 45321 mem# 1: /u02/oradata/PRODDB/redo02b.log
2026-10-02T17:05:22.556832-04:00
ARC1 (PID:12989): Archived Log entry 89095 added for B-1180943236.T-1.S-45320 ID 0x8a4d5c1e LAD:1
2026-10-02T17:22:58.797135-04:00
Resize operation completed for file# 12, fname /u02/oradata/PRODDB/sysaux01.dbf, old size 25165824K, new size 25268224K
2026-10-02T17:28:05.154269-04:00
Thread 1 advanced to log sequence 45322 (LGWR switch),  current SCN: 10882042478
  Current log# 3 seq# 45322 mem# 0: /u02/oradata/PRODDB/redo03a.log
  Current log# 3 seq# 45322 mem# 1: /u02/oradata/PRODDB/redo03b.log
2026-10-02T17:28:37.327800-04:00
ARC3 (PID:12980): Archived Log entry 89096 added for B-1180943236.T-1.S-45321 ID 0x8a4d5c1e LAD:1
2026-10-02T17:52:57.002394-04:00
Thread 1 advanced to log sequence 45323 (LGWR switch),  current SCN: 10886070320
  Current log# 4 seq# 45323 mem# 0: /u02/oradata/PRODDB/redo04a.log
  Current log# 4 seq# 45323 mem# 1: /u02/oradata/PRODDB/redo04b.log
2026-10-02T17:53:04.956911-04:00
ARC1 (PID:12989): Archived Log entry 89097 added for B-1180943236.T-1.S-45322 ID 0x8a4d5c1e LAD:1
2026-10-02T18:18:49.313395-04:00
Thread 1 advanced to log sequence 45324 (LGWR switch),  current SCN: 10890261157
  Current log# 1 seq# 45324 mem# 0: /u02/oradata/PRODDB/redo01a.log
  Current log# 1 seq# 45324 mem# 1: /u02/oradata/PRODDB/redo01b.log
2026-10-02T18:19:12.856207-04:00
ARC3 (PID:12980): Archived Log entry 89098 added for B-1180943236.T-1.S-45323 ID 0x8a4d5c1e LAD:1
2026-10-02T18:37:43.188370-04:00
Thread 1 advanced to log sequence 45325 (LGWR switch),  current SCN: 10893322555
  Current log# 2 seq# 45325 mem# 0: /u02/oradata/PRODDB/redo02a.log
  Current log# 2 seq# 45325 mem# 1: /u02/oradata/PRODDB/redo02b.log
2026-10-02T18:38:08.513724-04:00
ARC1 (PID:12989): Archived Log entry 89099 added for B-1180943236.T-1.S-45324 ID 0x8a4d5c1e LAD:1
2026-10-02T18:52:22.322852-04:00
Thread 1 advanced to log sequence 45326 (LGWR switch),  current SCN: 10895695910
  Current log# 3 seq# 45326 mem# 0: /u02/oradata/PRODDB/redo03a.log
  Current log# 3 seq# 45326 mem# 1: /u02/oradata/PRODDB/redo03b.log
2026-10-02T18:52:59.708383-04:00
ARC2 (PID:12992): Archived Log entry 89100 added for B-1180943236.T-1.S-45325 ID 0x8a4d5c1e LAD:1
2026-10-02T19:11:39.855508-04:00
Thread 1 advanced to log sequence 45327 (LGWR switch),  current SCN: 10898822395
  Current log# 4 seq# 45327 mem# 0: /u02/oradata/PRODDB/redo04a.log
  Current log# 4 seq# 45327 mem# 1: /u02/oradata/PRODDB/redo04b.log
2026-10-02T19:11:58.410224-04:00
ARC0 (PID:12974): Archived Log entry 89101 added for B-1180943236.T-1.S-45326 ID 0x8a4d5c1e LAD:1
2026-10-02T19:43:21.605050-04:00
Errors in file /u01/app/oracle/diag/rdbms/proddb/PRODDB/trace/PRODDB_ora_28260.trc  (incident=48056):
ORA-00600: internal error code, arguments: [kdsgrp1], [], [], [], [], [], [], [], []
Incident details in: /u01/app/oracle/diag/rdbms/proddb/PRODDB/incident/incdir_48056/PRODDB_ora_28260_i48056.trc
Use ADRCI or Support Workbench to package the incident.
See Note 411.1 at My Oracle Support for error and packaging details.
2026-10-02T19:43:22.159097-04:00
Dumping diagnostic data in directory=[cdmp_20261002194321], requested by (instance=1, osid=28260), summary=[incident=48056].
2026-10-02T19:58:29.310636-04:00
Resize operation completed for file# 9, fname /u02/oradata/PRODDB/ar_data01.dbf, old size 22020096K, new size 22122496K
2026-10-02T20:11:03.378564-04:00
Thread 1 advanced to log sequence 45328 (LGWR switch),  current SCN: 10908442877
  Current log# 1 seq# 45328 mem# 0: /u02/oradata/PRODDB/redo01a.log
  Current log# 1 seq# 45328 mem# 1: /u02/oradata/PRODDB/redo01b.log
2026-10-02T20:11:50.295639-04:00
ARC1 (PID:12989): Archived Log entry 89102 added for B-1180943236.T-1.S-45327 ID 0x8a4d5c1e LAD:1
2026-10-02T21:24:48.561522-04:00
Thread 1 advanced to log sequence 45329 (LGWR switch),  current SCN: 10920391053
  Current log# 2 seq# 45329 mem# 0: /u02/oradata/PRODDB/redo02a.log
  Current log# 2 seq# 45329 mem# 1: /u02/oradata/PRODDB/redo02b.log
2026-10-02T21:24:52.144432-04:00
ARC3 (PID:12980): Archived Log entry 89103 added for B-1180943236.T-1.S-45328 ID 0x8a4d5c1e LAD:1
2026-10-02T21:50:29.016093-04:00
TT00 (PID:12998): Error 3113 received logging on to the standby
Errors in file /u01/app/oracle/diag/rdbms/proddb/PRODDB/trace/PRODDB_tt00_12998.trc:
ORA-03113: end-of-file on communication channel
2026-10-02T21:52:12.429893-04:00
TT00 (PID:12998): Attempting LAD:2 network reconnect (3113)
TT00 (PID:12998): LAD:2 network reconnect successful
2026-10-02T22:00:00.201939-04:00
Setting Resource Manager plan SCHEDULER[0x4D52]:DEFAULT_MAINTENANCE_PLAN via scheduler window
Setting Resource Manager plan DEFAULT_MAINTENANCE_PLAN via parameter
2026-10-02T22:17:27.718997-04:00
Thread 1 advanced to log sequence 45330 (LGWR switch),  current SCN: 10928921023
  Current log# 3 seq# 45330 mem# 0: /u02/oradata/PRODDB/redo03a.log
  Current log# 3 seq# 45330 mem# 1: /u02/oradata/PRODDB/redo03b.log
2026-10-02T22:17:49.991164-04:00
ARC1 (PID:12989): Archived Log entry 89104 added for B-1180943236.T-1.S-45329 ID 0x8a4d5c1e LAD:1
2026-10-02T23:09:31.348121-04:00
TT00 (PID:12998): Error 12170 received logging on to the standby
Errors in file /u01/app/oracle/diag/rdbms/proddb/PRODDB/trace/PRODDB_tt00_12998.trc:
ORA-12170: TNS:Connect timeout occurred
2026-10-02T23:10:52.916655-04:00
TT00 (PID:12998): Attempting LAD:2 network reconnect (12170)
TT00 (PID:12998): LAD:2 network reconnect successful
2026-10-02T23:27:21.391308-04:00
Thread 1 advanced to log sequence 45331 (LGWR switch),  current SCN: 10940243743
  Current log# 4 seq# 45331 mem# 0: /u02/oradata/PRODDB/redo04a.log
  Current log# 4 seq# 45331 mem# 1: /u02/oradata/PRODDB/redo04b.log
2026-10-02T23:27:51.677228-04:00
ARC2 (PID:12992): Archived Log entry 89105 added for B-1180943236.T-1.S-45330 ID 0x8a4d5c1e LAD:1
2026-10-02T23:42:43.830884-04:00
TT00 (PID:12998): Error 12537 received logging on to the standby
Errors in file /u01/app/oracle/diag/rdbms/proddb/PRODDB/trace/PRODDB_tt00_12998.trc:
ORA-12537: TNS:connection closed
2026-10-02T23:44:30.519389-04:00
TT00 (PID:12998): Attempting LAD:2 network reconnect (12537)
TT00 (PID:12998): LAD:2 network reconnect successful
2026-10-03T00:00:36.651051-04:00
TABLE SYS.WRI$_OPTSTAT_HISTHEAD_HISTORY: ADDED INTERVAL PARTITION SYS_P4588 (43115) VALUES LESS THAN (TO_DATE(' 2026-10-04 00:00:00', 'SYYYY-MM-DD HH24:MI:SS', 'NLS_CALENDAR=GREGORIAN'))
2026-10-03T00:22:42.000000-04:00
Errors in file /u01/app/oracle/diag/rdbms/proddb/PRODDB/trace/PRODDB_pmon_12950.trc:
ORA-00471: DBWR process terminated with error
PMON (ospid: 12950): terminating the instance due to ORA error 471
2026-10-03T00:22:43.000000-04:00
System state dump requested by (instance=1, osid=12950 (PMON)), summary=[abnormal instance termination].
2026-10-03T00:22:45.000000-04:00
Instance terminated by PMON, pid = 12950
2026-10-03T00:29:37.142555-04:00
Starting ORACLE instance (normal) (OS id: 5252)
2026-10-03T00:29:38.541102-04:00
Oracle Database 19c Enterprise Edition Release 19.0.0.0.0 - Production
Version 19.24.0.0.0.
2026-10-03T00:29:39.400937-04:00
Using parameter settings in server-side spfile /u01/app/oracle/product/19.0.0/dbhome_1/dbs/spfilePRODDB.ora
System parameters with non-default values:
  processes                = 1500
  sessions                 = 2272
  sga_target               = 32G
  pga_aggregate_target     = 8G
  db_block_size            = 8192
  compatible               = "19.0.0"
  db_recovery_file_dest    = "/u03/fra"
  db_recovery_file_dest_size= 200G
  undo_tablespace          = "UNDOTBS1"
  db_name                  = "PRODDB"
2026-10-03T00:29:40.192131-04:00
PMON started with pid=2, OS id=5253
CLMN started with pid=3, OS id=5254
PSP0 started with pid=4, OS id=5255
VKTM started with pid=5, OS id=5265
GEN0 started with pid=6, OS id=5269
2026-10-03T00:29:42.527515-04:00
DBW0 started with pid=12, OS id=5268
LGWR started with pid=13, OS id=5259
CKPT started with pid=14, OS id=5281
SMON started with pid=15, OS id=5269
RECO started with pid=16, OS id=5262
MMON started with pid=17, OS id=5283
MMNL started with pid=18, OS id=5297
2026-10-03T00:29:44.742146-04:00
ALTER DATABASE   MOUNT
2026-10-03T00:29:47.349820-04:00
Completed: ALTER DATABASE   MOUNT
2026-10-03T00:29:48.930624-04:00
ALTER DATABASE OPEN
2026-10-03T00:29:51.182539-04:00
Beginning crash recovery of 1 threads
 parallel recovery started with 7 processes
Started redo scan
Completed redo scan
 read 66260 KB redo, 7567 data blocks need recovery
2026-10-03T00:29:52.496722-04:00
Completed crash recovery at
 Thread 1: RBA 45332.2204.16, nab 2323, scn 0x000000028cb0ccdb
2026-10-03T00:29:54.463930-04:00
Thread 1 opened at log sequence 45332
  Current log# 1 seq# 45332 mem# 0: /u02/oradata/PRODDB/redo01a.log
Successful open of redo thread 1
2026-10-03T00:29:56.197548-04:00
SMON: enabling cache recovery
2026-10-03T00:29:59.056146-04:00
Starting background process CJQ0
CJQ0 started with pid=52, OS id=5270
2026-10-03T00:29:59.810830-04:00
Completed: ALTER DATABASE OPEN
2026-10-03T01:34:30.755948-04:00
Starting control autobackup
Control autobackup written to DISK device

handle '/u03/fra/PRODDB/autobackup/2026_10_03/o1_mf_s_1811294971_.bkp'
2026-10-03T01:44:42.926183-04:00
Thread 1 advanced to log sequence 45333 (LGWR switch),  current SCN: 10962495716
  Current log# 2 seq# 45333 mem# 0: /u02/oradata/PRODDB/redo02a.log
  Current log# 2 seq# 45333 mem# 1: /u02/oradata/PRODDB/redo02b.log
2026-10-03T01:45:06.023886-04:00
ARC3 (PID:12980): Archived Log entry 89107 added for B-1180943236.T-1.S-45332 ID 0x8a4d5c1e LAD:1
2026-10-03T02:00:00.804751-04:00
Closing scheduler window
Restoring Resource Manager plan DEFAULT_PLAN via scheduler window
Setting Resource Manager plan DEFAULT_PLAN via parameter
2026-10-03T03:02:50.545661-04:00
Thread 1 advanced to log sequence 45334 (LGWR switch),  current SCN: 10975151650
  Current log# 3 seq# 45334 mem# 0: /u02/oradata/PRODDB/redo03a.log
  Current log# 3 seq# 45334 mem# 1: /u02/oradata/PRODDB/redo03b.log
2026-10-03T03:03:26.787013-04:00
ARC3 (PID:12980): Archived Log entry 89108 added for B-1180943236.T-1.S-45333 ID 0x8a4d5c1e LAD:1
2026-10-03T03:09:09.953813-04:00
Resize operation completed for file# 10, fname /u02/oradata/PRODDB/apps_ts_tx_data02.dbf, old size 32505856K, new size 32608256K
2026-10-03T04:14:52.849607-04:00
Thread 1 advanced to log sequence 45335 (LGWR switch),  current SCN: 10986823356
  Current log# 4 seq# 45335 mem# 0: /u02/oradata/PRODDB/redo04a.log
  Current log# 4 seq# 45335 mem# 1: /u02/oradata/PRODDB/redo04b.log
2026-10-03T04:15:10.386474-04:00
ARC2 (PID:12992): Archived Log entry 89109 added for B-1180943236.T-1.S-45334 ID 0x8a4d5c1e LAD:1
2026-10-03T04:55:18.072249-04:00
Thread 1 advanced to log sequence 45336 (LGWR switch),  current SCN: 10993371843
  Current log# 1 seq# 45336 mem# 0: /u02/oradata/PRODDB/redo01a.log
  Current log# 1 seq# 45336 mem# 1: /u02/oradata/PRODDB/redo01b.log
2026-10-03T04:55:49.143470-04:00
ARC0 (PID:12974): Archived Log entry 89110 added for B-1180943236.T-1.S-45335 ID 0x8a4d5c1e LAD:1
2026-10-03T05:29:50.162029-04:00
ORA-1688: unable to extend table XLA.XLA_AE_LINES partition AR by 8192 in tablespace APPS_TS_TX_DATA
2026-10-03T05:40:34.476928-04:00
ORA-1688: unable to extend table XLA.XLA_AE_LINES partition AR by 8192 in tablespace APPS_TS_TX_DATA
2026-10-03T05:50:45.038472-04:00
ORA-1688: unable to extend table XLA.XLA_AE_LINES partition AR by 8192 in tablespace APPS_TS_TX_DATA
2026-10-03T06:02:04.419861-04:00
ORA-1688: unable to extend table XLA.XLA_AE_LINES partition AR by 1024 in tablespace APPS_TS_TX_DATA
2026-10-03T06:10:40.435714-04:00
ORA-1688: unable to extend table XLA.XLA_AE_LINES partition AR by 128 in tablespace APPS_TS_TX_DATA
2026-10-03T06:11:57.320518-04:00
Thread 1 advanced to log sequence 45337 (LGWR switch),  current SCN: 11005787534
  Current log# 2 seq# 45337 mem# 0: /u02/oradata/PRODDB/redo02a.log
  Current log# 2 seq# 45337 mem# 1: /u02/oradata/PRODDB/redo02b.log
2026-10-03T06:12:01.713341-04:00
ARC0 (PID:12974): Archived Log entry 89111 added for B-1180943236.T-1.S-45336 ID 0x8a4d5c1e LAD:1
2026-10-03T06:16:34.367065-04:00
ORA-1688: unable to extend table XLA.XLA_AE_LINES partition AR by 128 in tablespace APPS_TS_TX_DATA
2026-10-03T06:21:33.228025-04:00
ORA-1688: unable to extend table XLA.XLA_AE_LINES partition AR by 8192 in tablespace APPS_TS_TX_DATA
2026-10-03T06:28:32.566411-04:00
ORA-1688: unable to extend table XLA.XLA_AE_LINES partition AR by 8192 in tablespace APPS_TS_TX_DATA
2026-10-03T06:30:12.352402-04:00
ORA-1688: unable to extend table XLA.XLA_AE_LINES partition AR by 1024 in tablespace APPS_TS_TX_DATA
2026-10-03T06:41:51.266038-04:00
ORA-1688: unable to extend table XLA.XLA_AE_LINES partition AR by 1024 in tablespace APPS_TS_TX_DATA
2026-10-03T06:48:30.914733-04:00
ALTER TABLESPACE APPS_TS_TX_DATA ADD DATAFILE '/u02/oradata/PRODDB/apps_ts_tx_data08.dbf' SIZE 30G AUTOEXTEND ON NEXT 1G MAXSIZE UNLIMITED
2026-10-03T06:48:52.297212-04:00
Completed: ALTER TABLESPACE APPS_TS_TX_DATA ADD DATAFILE '/u02/oradata/PRODDB/apps_ts_tx_data08.dbf' SIZE 30G AUTOEXTEND ON NEXT 1G MAXSIZE UNLIMITED
2026-10-03T07:29:50.267271-04:00
TT00 (PID:5317): Error 12170 received logging on to the standby
Errors in file /u01/app/oracle/diag/rdbms/proddb/PRODDB/trace/PRODDB_tt00_5317.trc:
ORA-12170: TNS:Connect timeout occurred
2026-10-03T07:33:31.999914-04:00
TT00 (PID:5317): Attempting LAD:2 network reconnect (12170)
TT00 (PID:5317): LAD:2 network reconnect successful
2026-10-03T07:34:42.797303-04:00
Thread 1 advanced to log sequence 45338 (LGWR switch),  current SCN: 11019196049
  Current log# 3 seq# 45338 mem# 0: /u02/oradata/PRODDB/redo03a.log
  Current log# 3 seq# 45338 mem# 1: /u02/oradata/PRODDB/redo03b.log
2026-10-03T07:35:08.941292-04:00
ARC2 (PID:12992): Archived Log entry 89112 added for B-1180943236.T-1.S-45337 ID 0x8a4d5c1e LAD:1
2026-10-03T08:18:27.097918-04:00
Thread 1 advanced to log sequence 45339 (LGWR switch),  current SCN: 11026280987
  Current log# 4 seq# 45339 mem# 0: /u02/oradata/PRODDB/redo04a.log
  Current log# 4 seq# 45339 mem# 1: /u02/oradata/PRODDB/redo04b.log
2026-10-03T08:19:06.255869-04:00
ARC3 (PID:12980): Archived Log entry 89113 added for B-1180943236.T-1.S-45338 ID 0x8a4d5c1e LAD:1
2026-10-03T09:29:49.612955-04:00

***********************************************************************

Fatal NI connect error 12537, connecting to:
 (LOCAL=NO)

  VERSION INFORMATION:
	TNS for Linux: Version 19.0.0.0.0 - Production
	TCP/IP NT Protocol Adapter for Linux: Version 19.0.0.0.0 - Production
  Version 19.24.0.0.0
  Time: 03-OCT-2026 09:29:49
  Tracing not turned on.
  Tns error struct:
    ns main err code: 12537

TNS-12537: TNS:connection closed
    ns secondary err code: 12560
    nt main err code: 0
    nt secondary err code: 0
    nt OS err code: 0
  Client address: (ADDRESS=(PROTOCOL=tcp)(HOST=10.20.173.192)(PORT=47181))
2026-10-03T09:40:59.789296-04:00
Thread 1 advanced to log sequence 45340 (LGWR switch),  current SCN: 11039654276
  Current log# 1 seq# 45340 mem# 0: /u02/oradata/PRODDB/redo01a.log
  Current log# 1 seq# 45340 mem# 1: /u02/oradata/PRODDB/redo01b.log
2026-10-03T09:41:02.666269-04:00

***********************************************************************

Fatal NI connect error 12537, connecting to:
 (LOCAL=NO)

  VERSION INFORMATION:
	TNS for Linux: Version 19.0.0.0.0 - Production
	TCP/IP NT Protocol Adapter for Linux: Version 19.0.0.0.0 - Production
  Version 19.24.0.0.0
  Time: 03-OCT-2026 09:41:02
  Tracing not turned on.
  Tns error struct:
    ns main err code: 12537

TNS-12537: TNS:connection closed
    ns secondary err code: 12560
    nt main err code: 0
    nt secondary err code: 0
    nt OS err code: 0
  Client address: (ADDRESS=(PROTOCOL=tcp)(HOST=10.20.157.57)(PORT=34142))
2026-10-03T09:41:08.250154-04:00
ARC1 (PID:12989): Archived Log entry 89114 added for B-1180943236.T-1.S-45339 ID 0x8a4d5c1e LAD:1
2026-10-03T10:29:54.416716-04:00
opiodr aborting process unknown ospid (46197) as a result of ORA-609
2026-10-03T10:36:02.583397-04:00
Errors in file /u01/app/oracle/diag/rdbms/proddb/PRODDB/trace/PRODDB_ora_10527.trc:
ORA-00060: Deadlock detected. See Note 60.1 at My Oracle Support for Troubleshooting ORA-60 Errors. More info in file /u01/app/oracle/diag/rdbms/proddb/PRODDB/trace/PRODDB_ora_10527.trc.
2026-10-03T11:03:41.959715-04:00

***********************************************************************

Fatal NI connect error 12537, connecting to:
 (LOCAL=NO)

  VERSION INFORMATION:
	TNS for Linux: Version 19.0.0.0.0 - Production
	TCP/IP NT Protocol Adapter for Linux: Version 19.0.0.0.0 - Production
  Version 19.24.0.0.0
  Time: 03-OCT-2026 11:03:41
  Tracing not turned on.
  Tns error struct:
    ns main err code: 12537

TNS-12537: TNS:connection closed
    ns secondary err code: 12560
    nt main err code: 0
    nt secondary err code: 0
    nt OS err code: 0
  Client address: (ADDRESS=(PROTOCOL=tcp)(HOST=10.20.159.227)(PORT=51496))
2026-10-03T11:08:15.283424-04:00
Thread 1 advanced to log sequence 45341 (LGWR switch),  current SCN: 11053788837
  Current log# 2 seq# 45341 mem# 0: /u02/oradata/PRODDB/redo02a.log
  Current log# 2 seq# 45341 mem# 1: /u02/oradata/PRODDB/redo02b.log
2026-10-03T11:08:49.590781-04:00
ARC1 (PID:12989): Archived Log entry 89115 added for B-1180943236.T-1.S-45340 ID 0x8a4d5c1e LAD:1
2026-10-03T11:47:51.113609-04:00

***********************************************************************

Fatal NI connect error 12537, connecting to:
 (LOCAL=NO)

  VERSION INFORMATION:
	TNS for Linux: Version 19.0.0.0.0 - Production
	TCP/IP NT Protocol Adapter for Linux: Version 19.0.0.0.0 - Production
  Version 19.24.0.0.0
  Time: 03-OCT-2026 11:47:51
  Tracing not turned on.
  Tns error struct:
    ns main err code: 12537

TNS-12537: TNS:connection closed
    ns secondary err code: 12560
    nt main err code: 0
    nt secondary err code: 0
    nt OS err code: 0
  Client address: (ADDRESS=(PROTOCOL=tcp)(HOST=10.20.98.211)(PORT=54344))
2026-10-03T12:02:17.285765-04:00
Resize operation completed for file# 10, fname /u02/oradata/PRODDB/apps_ts_tx_data02.dbf, old size 29360128K, new size 29462528K
2026-10-03T12:18:14.242748-04:00
Thread 1 advanced to log sequence 45342 (LGWR switch),  current SCN: 11065127125
  Current log# 3 seq# 45342 mem# 0: /u02/oradata/PRODDB/redo03a.log
  Current log# 3 seq# 45342 mem# 1: /u02/oradata/PRODDB/redo03b.log
2026-10-03T12:18:57.265595-04:00
ARC3 (PID:12980): Archived Log entry 89116 added for B-1180943236.T-1.S-45341 ID 0x8a4d5c1e LAD:1
2026-10-03T12:33:08.759396-04:00
opiodr aborting process unknown ospid (46323) as a result of ORA-609
2026-10-03T12:40:53.826952-04:00
Errors in file /u01/app/oracle/diag/rdbms/proddb/PRODDB/trace/PRODDB_ora_58996.trc:
ORA-04031: unable to allocate 4160 bytes of shared memory ("shared pool","unknown object","sga heap(3,0)","KGLH0^1c6c762")
2026-10-03T12:42:19.566456-04:00
Errors in file /u01/app/oracle/diag/rdbms/proddb/PRODDB/trace/PRODDB_ora_2185.trc:
ORA-04031: unable to allocate 32 bytes of shared memory ("shared pool","unknown object","sga heap(2,0)","KGLH0^1a2cfd0")
2026-10-03T13:20:49.152311-04:00
Thread 1 advanced to log sequence 45343 (LGWR switch),  current SCN: 11075264150
  Current log# 4 seq# 45343 mem# 0: /u02/oradata/PRODDB/redo04a.log
  Current log# 4 seq# 45343 mem# 1: /u02/oradata/PRODDB/redo04b.log
2026-10-03T13:21:21.398064-04:00
ARC0 (PID:12974): Archived Log entry 89117 added for B-1180943236.T-1.S-45342 ID 0x8a4d5c1e LAD:1
2026-10-03T14:13:04.500224-04:00
Thread 1 advanced to log sequence 45344 (LGWR switch),  current SCN: 11083729930
  Current log# 1 seq# 45344 mem# 0: /u02/oradata/PRODDB/redo01a.log
  Current log# 1 seq# 45344 mem# 1: /u02/oradata/PRODDB/redo01b.log
2026-10-03T14:13:11.390262-04:00
ARC1 (PID:12989): Archived Log entry 89118 added for B-1180943236.T-1.S-45343 ID 0x8a4d5c1e LAD:1
2026-10-03T15:44:47.391474-04:00
Thread 1 advanced to log sequence 45345 (LGWR switch),  current SCN: 11098587620
  Current log# 2 seq# 45345 mem# 0: /u02/oradata/PRODDB/redo02a.log
  Current log# 2 seq# 45345 mem# 1: /u02/oradata/PRODDB/redo02b.log
2026-10-03T15:45:30.220281-04:00
ARC2 (PID:12992): Archived Log entry 89119 added for B-1180943236.T-1.S-45344 ID 0x8a4d5c1e LAD:1
2026-10-03T15:51:31.828358-04:00
Hex dump of (file 5, block 553822) in trace file /u01/app/oracle/diag/rdbms/proddb/PRODDB/trace/PRODDB_ora_25477.trc
Corrupt block relative dba: 0x0148735e (file 5, block 553822)
Bad check value found during multiblock buffer read
Data in bad block:
 type: 6 format: 2 rdba: 0x0148735e
 last change scn: 0x0000.9597a933 seq: 0x1 flg: 0x06
Reading datafile '/u02/oradata/PRODDB/apps_ts_tx_data01.dbf' for corrupt data at rdba: 0x0148735e (file 5, block 553822)
Reread (file 5, block 553822) found same corrupt data (no logical check)
Errors in file /u01/app/oracle/diag/rdbms/proddb/PRODDB/trace/PRODDB_ora_25477.trc  (incident=48091):
ORA-01578: ORACLE data block corrupted (file # 5, block # 553822)
ORA-01110: data file 5: '/u02/oradata/PRODDB/apps_ts_tx_data01.dbf'
2026-10-03T17:01:12.383033-04:00
Thread 1 advanced to log sequence 45346 (LGWR switch),  current SCN: 11110967467
  Current log# 3 seq# 45346 mem# 0: /u02/oradata/PRODDB/redo03a.log
  Current log# 3 seq# 45346 mem# 1: /u02/oradata/PRODDB/redo03b.log
2026-10-03T17:01:27.307386-04:00
ARC2 (PID:12992): Archived Log entry 89120 added for B-1180943236.T-1.S-45345 ID 0x8a4d5c1e LAD:1
2026-10-03T17:54:35.355168-04:00
Resize operation completed for file# 12, fname /u02/oradata/PRODDB/sysaux01.dbf, old size 25165824K, new size 25268224K
2026-10-03T17:55:55.184171-04:00
Resize operation completed for file# 9, fname /u02/oradata/PRODDB/ar_data01.dbf, old size 26214400K, new size 26316800K
2026-10-03T18:27:24.023491-04:00
Thread 1 advanced to log sequence 45347 (LGWR switch),  current SCN: 11124931888
  Current log# 4 seq# 45347 mem# 0: /u02/oradata/PRODDB/redo04a.log
  Current log# 4 seq# 45347 mem# 1: /u02/oradata/PRODDB/redo04b.log
2026-10-03T18:27:51.511361-04:00
ARC1 (PID:12989): Archived Log entry 89121 added for B-1180943236.T-1.S-45346 ID 0x8a4d5c1e LAD:1
2026-10-03T18:52:06.919035-04:00
Resize operation completed for file# 8, fname /u02/oradata/PRODDB/apps_ts_media01.dbf, old size 23068672K, new size 23171072K
2026-10-03T19:23:56.474868-04:00
Thread 1 advanced to log sequence 45348 (LGWR switch),  current SCN: 11134090971
  Current log# 1 seq# 45348 mem# 0: /u02/oradata/PRODDB/redo01a.log
  Current log# 1 seq# 45348 mem# 1: /u02/oradata/PRODDB/redo01b.log
2026-10-03T19:24:01.034981-04:00
ARC2 (PID:12992): Archived Log entry 89122 added for B-1180943236.T-1.S-45347 ID 0x8a4d5c1e LAD:1
2026-10-03T19:57:15.097758-04:00
TT00 (PID:5317): Error 12514 received logging on to the standby
Errors in file /u01/app/oracle/diag/rdbms/proddb/PRODDB/trace/PRODDB_tt00_5317.trc:
ORA-12514: TNS:listener does not currently know of service requested in connect descriptor
2026-10-03T20:01:26.101255-04:00
TT00 (PID:5317): Attempting LAD:2 network reconnect (12514)
TT00 (PID:5317): LAD:2 network reconnect successful
2026-10-03T20:38:26.079774-04:00
Thread 1 advanced to log sequence 45349 (LGWR switch),  current SCN: 11146158965
  Current log# 2 seq# 45349 mem# 0: /u02/oradata/PRODDB/redo02a.log
  Current log# 2 seq# 45349 mem# 1: /u02/oradata/PRODDB/redo02b.log
2026-10-03T20:39:05.699049-04:00
ARC0 (PID:12974): Archived Log entry 89123 added for B-1180943236.T-1.S-45348 ID 0x8a4d5c1e LAD:1
2026-10-03T21:48:58.146566-04:00
Errors in file /u01/app/oracle/diag/rdbms/proddb/PRODDB/trace/PRODDB_ora_21804.trc  (incident=48083):
ORA-00600: internal error code, arguments: [kdsgrp1], [], [], [], [], [], [], [], []
Incident details in: /u01/app/oracle/diag/rdbms/proddb/PRODDB/incident/incdir_48083/PRODDB_ora_21804_i48083.trc
Use ADRCI or Support Workbench to package the incident.
See Note 411.1 at My Oracle Support for error and packaging details.
2026-10-03T21:48:59.992227-04:00
Dumping diagnostic data in directory=[cdmp_20261003214858], requested by (instance=1, osid=21804), summary=[incident=48083].
2026-10-03T21:54:35.450976-04:00
Thread 1 advanced to log sequence 45350 (LGWR switch),  current SCN: 11158494936
  Current log# 3 seq# 45350 mem# 0: /u02/oradata/PRODDB/redo03a.log
  Current log# 3 seq# 45350 mem# 1: /u02/oradata/PRODDB/redo03b.log
2026-10-03T21:55:16.451504-04:00
ARC0 (PID:12974): Archived Log entry 89124 added for B-1180943236.T-1.S-45349 ID 0x8a4d5c1e LAD:1
2026-10-03T21:55:40.990052-04:00
Resize operation completed for file# 7, fname /u02/oradata/PRODDB/users01.dbf, old size 25165824K, new size 25268224K
2026-10-03T22:59:23.836441-04:00
Thread 1 advanced to log sequence 45351 (LGWR switch),  current SCN: 11168993125
  Current log# 4 seq# 45351 mem# 0: /u02/oradata/PRODDB/redo04a.log
  Current log# 4 seq# 45351 mem# 1: /u02/oradata/PRODDB/redo04b.log
2026-10-03T22:59:40.524919-04:00
ARC2 (PID:12992): Archived Log entry 89125 added for B-1180943236.T-1.S-45350 ID 0x8a4d5c1e LAD:1
2026-10-03T23:53:32.563658-04:00
Exception [type: SIGSEGV, Address not mapped to object] [ADDR:0x0] [PC:0xF3236D1, qerixtFetch()+1205] [flags: 0x0, count: 1]
Errors in file /u01/app/oracle/diag/rdbms/proddb/PRODDB/trace/PRODDB_ora_9610.trc  (incident=48090):
ORA-07445: exception encountered: core dump [qerixtFetch()+1205] [SIGSEGV] [ADDR:0x0] [PC:0xF3236D1] [Address not mapped to object] []
Incident details in: /u01/app/oracle/diag/rdbms/proddb/PRODDB/incident/incdir_48090/PRODDB_ora_9610_i48090.trc
2026-10-04T00:00:36.450137-04:00
TABLE SYS.WRI$_OPTSTAT_HISTHEAD_HISTORY: ADDED INTERVAL PARTITION SYS_P6129 (49433) VALUES LESS THAN (TO_DATE(' 2026-10-05 00:00:00', 'SYYYY-MM-DD HH24:MI:SS', 'NLS_CALENDAR=GREGORIAN'))
2026-10-04T00:38:29.500677-04:00
Thread 1 advanced to log sequence 45352 (LGWR switch),  current SCN: 11185047388
  Current log# 1 seq# 45352 mem# 0: /u02/oradata/PRODDB/redo01a.log
  Current log# 1 seq# 45352 mem# 1: /u02/oradata/PRODDB/redo01b.log
2026-10-04T00:39:14.039878-04:00
ARC2 (PID:5309): Archived Log entry 89126 added for B-1180943236.T-1.S-45351 ID 0x8a4d5c1e LAD:1
2026-10-04T01:38:08.738832-04:00
Thread 1 advanced to log sequence 45353 (LGWR switch),  current SCN: 11194710448
  Current log# 2 seq# 45353 mem# 0: /u02/oradata/PRODDB/redo02a.log
  Current log# 2 seq# 45353 mem# 1: /u02/oradata/PRODDB/redo02b.log
2026-10-04T01:38:56.876734-04:00
ARC3 (PID:5313): Archived Log entry 89127 added for B-1180943236.T-1.S-45352 ID 0x8a4d5c1e LAD:1
2026-10-04T01:40:19.671237-04:00
Starting control autobackup
Control autobackup written to DISK device

handle '/u03/fra/PRODDB/autobackup/2026_10_04/o1_mf_s_1761818706_.bkp'
2026-10-04T03:00:00.000000-04:00
Shutting down ORACLE instance (immediate) (OS id: 35420)
2026-10-04T03:00:01.001101-04:00
Shutting down instance: further logons disabled
2026-10-04T03:00:03.807409-04:00
Stopping background process CJQ0
2026-10-04T03:00:05.295818-04:00
Stopping background process MMNL
Stopping background process MMON
2026-10-04T03:00:08.666310-04:00
License high water mark = 1187
2026-10-04T03:00:11.067183-04:00
alter database close normal
stopping change tracking
2026-10-04T03:00:11.925021-04:00
Shutting down archive processes
Archiving is disabled
2026-10-04T03:00:12.643715-04:00
Completed: alter database close normal
alter database dismount
Completed: alter database dismount
2026-10-04T03:00:13.837216-04:00
Instance shutdown complete (OS id: 35420)
2026-10-04T03:18:49.304684-04:00
Starting ORACLE instance (normal) (OS id: 25974)
2026-10-04T03:18:51.136086-04:00
Oracle Database 19c Enterprise Edition Release 19.0.0.0.0 - Production
Version 19.24.0.0.0.
2026-10-04T03:18:51.652668-04:00
Using parameter settings in server-side spfile /u01/app/oracle/product/19.0.0/dbhome_1/dbs/spfilePRODDB.ora
System parameters with non-default values:
  processes                = 1500
  sessions                 = 2272
  sga_target               = 32G
  pga_aggregate_target     = 8G
  db_block_size            = 8192
  compatible               = "19.0.0"
  db_recovery_file_dest    = "/u03/fra"
  db_recovery_file_dest_size= 200G
  undo_tablespace          = "UNDOTBS1"
  db_name                  = "PRODDB"
2026-10-04T03:18:53.195755-04:00
PMON started with pid=2, OS id=25975
CLMN started with pid=3, OS id=25977
PSP0 started with pid=4, OS id=25983
VKTM started with pid=5, OS id=25987
GEN0 started with pid=6, OS id=25991
2026-10-04T03:18:54.485694-04:00
DBW0 started with pid=12, OS id=25990
LGWR started with pid=13, OS id=25993
CKPT started with pid=14, OS id=25989
SMON started with pid=15, OS id=26007
RECO started with pid=16, OS id=25984
MMON started with pid=17, OS id=26015
MMNL started with pid=18, OS id=26019
2026-10-04T03:18:56.884160-04:00
ALTER DATABASE   MOUNT
2026-10-04T03:19:00.314002-04:00
Completed: ALTER DATABASE   MOUNT
2026-10-04T03:19:00.993921-04:00
ALTER DATABASE OPEN
2026-10-04T03:19:03.235568-04:00
Thread 1 opened at log sequence 45354
  Current log# 3 seq# 45354 mem# 0: /u02/oradata/PRODDB/redo03a.log
Successful open of redo thread 1
2026-10-04T03:19:04.827464-04:00
SMON: enabling cache recovery
2026-10-04T03:19:07.026485-04:00
Starting background process CJQ0
CJQ0 started with pid=52, OS id=26026
2026-10-04T03:19:10.384603-04:00
Completed: ALTER DATABASE OPEN
2026-10-04T04:07:23.993645-04:00
Resize operation completed for file# 5, fname /u02/oradata/PRODDB/apps_ts_tx_data01.dbf, old size 26214400K, new size 26316800K
2026-10-04T04:20:54.787578-04:00
Thread 1 advanced to log sequence 45355 (LGWR switch),  current SCN: 11221080651
  Current log# 4 seq# 45355 mem# 0: /u02/oradata/PRODDB/redo04a.log
  Current log# 4 seq# 45355 mem# 1: /u02/oradata/PRODDB/redo04b.log
2026-10-04T04:21:40.070118-04:00
ARC1 (PID:5266): Archived Log entry 89129 added for B-1180943236.T-1.S-45354 ID 0x8a4d5c1e LAD:1
2026-10-04T04:53:21.088425-04:00
Errors in file /u01/app/oracle/diag/rdbms/proddb/PRODDB/trace/PRODDB_ora_48813.trc:
ORA-30036: unable to extend segment by 8 in undo tablespace 'UNDOTBS1'
2026-10-04T05:09:21.959510-04:00
Thread 1 advanced to log sequence 45356 (LGWR switch),  current SCN: 11228930311
  Current log# 1 seq# 45356 mem# 0: /u02/oradata/PRODDB/redo01a.log
  Current log# 1 seq# 45356 mem# 1: /u02/oradata/PRODDB/redo01b.log
2026-10-04T05:10:00.231450-04:00
ARC2 (PID:5309): Archived Log entry 89130 added for B-1180943236.T-1.S-45355 ID 0x8a4d5c1e LAD:1
2026-10-04T05:51:15.725263-04:00
Thread 1 advanced to log sequence 45357 (LGWR switch),  current SCN: 11235716996
  Current log# 2 seq# 45357 mem# 0: /u02/oradata/PRODDB/redo02a.log
  Current log# 2 seq# 45357 mem# 1: /u02/oradata/PRODDB/redo02b.log
2026-10-04T05:51:46.319373-04:00
ARC1 (PID:5266): Archived Log entry 89131 added for B-1180943236.T-1.S-45356 ID 0x8a4d5c1e LAD:1
2026-10-04T06:59:55.714401-04:00
Thread 1 advanced to log sequence 45358 (LGWR switch),  current SCN: 11246839583
  Current log# 3 seq# 45358 mem# 0: /u02/oradata/PRODDB/redo03a.log
  Current log# 3 seq# 45358 mem# 1: /u02/oradata/PRODDB/redo03b.log
2026-10-04T07:00:36.883905-04:00
ARC0 (PID:5265): Archived Log entry 89132 added for B-1180943236.T-1.S-45357 ID 0x8a4d5c1e LAD:1
2026-10-04T08:07:02.661532-04:00
Errors in file /u01/app/oracle/diag/rdbms/proddb/PRODDB/trace/PRODDB_dbw0_25990.trc:
ORA-27072: File I/O error
Linux-x86_64 Error: 5: Input/output error
Additional information: 4
Additional information: 828564
ORA-01110: data file 5: '/u02/oradata/PRODDB/apps_ts_tx_data01.dbf'
2026-10-04T08:14:23.829268-04:00
Thread 1 advanced to log sequence 45359 (LGWR switch),  current SCN: 11258903702
  Current log# 4 seq# 45359 mem# 0: /u02/oradata/PRODDB/redo04a.log
  Current log# 4 seq# 45359 mem# 1: /u02/oradata/PRODDB/redo04b.log
2026-10-04T08:14:27.291290-04:00
ARC2 (PID:5309): Archived Log entry 89133 added for B-1180943236.T-1.S-45358 ID 0x8a4d5c1e LAD:1
2026-10-04T09:05:47.674954-04:00
Thread 1 advanced to log sequence 45360 (LGWR switch),  current SCN: 11267229890
  Current log# 1 seq# 45360 mem# 0: /u02/oradata/PRODDB/redo01a.log
  Current log# 1 seq# 45360 mem# 1: /u02/oradata/PRODDB/redo01b.log
2026-10-04T09:06:11.243584-04:00
ARC2 (PID:5309): Archived Log entry 89134 added for B-1180943236.T-1.S-45359 ID 0x8a4d5c1e LAD:1
2026-10-04T09:41:09.768469-04:00
Thread 1 advanced to log sequence 45361 (LGWR switch),  current SCN: 11272959239
  Current log# 2 seq# 45361 mem# 0: /u02/oradata/PRODDB/redo02a.log
  Current log# 2 seq# 45361 mem# 1: /u02/oradata/PRODDB/redo02b.log
2026-10-04T09:41:48.545627-04:00
ARC1 (PID:5266): Archived Log entry 89135 added for B-1180943236.T-1.S-45360 ID 0x8a4d5c1e LAD:1
2026-10-04T10:35:09.232335-04:00
opiodr aborting process unknown ospid (24250) as a result of ORA-609
2026-10-04T10:40:11.828756-04:00
Thread 1 advanced to log sequence 45362 (LGWR switch),  current SCN: 11282524862
  Current log# 3 seq# 45362 mem# 0: /u02/oradata/PRODDB/redo03a.log
  Current log# 3 seq# 45362 mem# 1: /u02/oradata/PRODDB/redo03b.log
2026-10-04T10:40:20.462344-04:00
ARC0 (PID:5265): Archived Log entry 89136 added for B-1180943236.T-1.S-45361 ID 0x8a4d5c1e LAD:1
2026-10-04T10:46:00.082467-04:00
opiodr aborting process unknown ospid (36338) as a result of ORA-609
2026-10-04T11:30:14.892931-04:00
ORA-00020: maximum number of processes (1500) exceeded
 ORA-20 errors will not be written to the alert log for
 the next minute. Please look at trace files to see all
 the ORA-20 errors.
2026-10-04T11:33:13.131905-04:00
ORA-00020: maximum number of processes (1500) exceeded
 ORA-20 errors will not be written to the alert log for
 the next minute. Please look at trace files to see all
 the ORA-20 errors.
2026-10-04T11:36:00.825359-04:00
ORA-00020: maximum number of processes (1500) exceeded
 ORA-20 errors will not be written to the alert log for
 the next minute. Please look at trace files to see all
 the ORA-20 errors.
2026-10-04T11:38:01.283895-04:00
ORA-00020: maximum number of processes (1500) exceeded
 ORA-20 errors will not be written to the alert log for
 the next minute. Please look at trace files to see all
 the ORA-20 errors.
2026-10-04T11:41:01.084306-04:00
ORA-00020: maximum number of processes (1500) exceeded
 ORA-20 errors will not be written to the alert log for
 the next minute. Please look at trace files to see all
 the ORA-20 errors.
2026-10-04T11:43:03.778692-04:00
ORA-00020: maximum number of processes (1500) exceeded
 ORA-20 errors will not be written to the alert log for
 the next minute. Please look at trace files to see all
 the ORA-20 errors.
2026-10-04T11:46:09.228160-04:00
ORA-00020: maximum number of processes (1500) exceeded
 ORA-20 errors will not be written to the alert log for
 the next minute. Please look at trace files to see all
 the ORA-20 errors.
2026-10-04T11:47:01.812137-04:00
Thread 1 advanced to log sequence 45363 (LGWR switch),  current SCN: 11293351154
  Current log# 4 seq# 45363 mem# 0: /u02/oradata/PRODDB/redo04a.log
  Current log# 4 seq# 45363 mem# 1: /u02/oradata/PRODDB/redo04b.log
2026-10-04T11:47:33.775124-04:00
ARC3 (PID:5313): Archived Log entry 89137 added for B-1180943236.T-1.S-45362 ID 0x8a4d5c1e LAD:1
2026-10-04T12:31:28.417837-04:00
Thread 1 advanced to log sequence 45364 (LGWR switch),  current SCN: 11300551172
  Current log# 1 seq# 45364 mem# 0: /u02/oradata/PRODDB/redo01a.log
  Current log# 1 seq# 45364 mem# 1: /u02/oradata/PRODDB/redo01b.log
2026-10-04T12:32:07.716247-04:00
ARC2 (PID:5309): Archived Log entry 89138 added for B-1180943236.T-1.S-45363 ID 0x8a4d5c1e LAD:1
2026-10-04T13:11:33.991570-04:00
Thread 1 advanced to log sequence 45365 (LGWR switch),  current SCN: 11307046955
  Current log# 2 seq# 45365 mem# 0: /u02/oradata/PRODDB/redo02a.log
  Current log# 2 seq# 45365 mem# 1: /u02/oradata/PRODDB/redo02b.log
2026-10-04T13:11:47.727489-04:00
ARC1 (PID:5266): Archived Log entry 89139 added for B-1180943236.T-1.S-45364 ID 0x8a4d5c1e LAD:1
2026-10-04T13:40:10.419902-04:00
opiodr aborting process unknown ospid (40592) as a result of ORA-609
2026-10-04T13:58:11.556379-04:00

***********************************************************************

Fatal NI connect error 12537, connecting to:
 (LOCAL=NO)

  VERSION INFORMATION:
	TNS for Linux: Version 19.0.0.0.0 - Production
	TCP/IP NT Protocol Adapter for Linux: Version 19.0.0.0.0 - Production
  Version 19.24.0.0.0
  Time: 04-OCT-2026 13:58:11
  Tracing not turned on.
  Tns error struct:
    ns main err code: 12537

TNS-12537: TNS:connection closed
    ns secondary err code: 12560
    nt main err code: 0
    nt secondary err code: 0
    nt OS err code: 0
  Client address: (ADDRESS=(PROTOCOL=tcp)(HOST=10.20.131.163)(PORT=37472))
2026-10-04T14:23:38.860568-04:00
Thread 1 advanced to log sequence 45366 (LGWR switch),  current SCN: 11318722342
  Current log# 3 seq# 45366 mem# 0: /u02/oradata/PRODDB/redo03a.log
  Current log# 3 seq# 45366 mem# 1: /u02/oradata/PRODDB/redo03b.log
2026-10-04T14:23:58.618498-04:00
ARC0 (PID:5265): Archived Log entry 89140 added for B-1180943236.T-1.S-45365 ID 0x8a4d5c1e LAD:1
2026-10-04T15:38:21.642408-04:00
Thread 1 advanced to log sequence 45367 (LGWR switch),  current SCN: 11330826386
  Current log# 4 seq# 45367 mem# 0: /u02/oradata/PRODDB/redo04a.log
  Current log# 4 seq# 45367 mem# 1: /u02/oradata/PRODDB/redo04b.log
2026-10-04T15:38:50.419591-04:00
ARC3 (PID:5313): Archived Log entry 89141 added for B-1180943236.T-1.S-45366 ID 0x8a4d5c1e LAD:1
2026-10-04T16:26:17.718664-04:00
Thread 1 advanced to log sequence 45368 (LGWR switch),  current SCN: 11338591716
  Current log# 1 seq# 45368 mem# 0: /u02/oradata/PRODDB/redo01a.log
  Current log# 1 seq# 45368 mem# 1: /u02/oradata/PRODDB/redo01b.log
2026-10-04T16:26:42.632227-04:00
ARC0 (PID:5265): Archived Log entry 89142 added for B-1180943236.T-1.S-45367 ID 0x8a4d5c1e LAD:1
2026-10-04T17:07:57.095773-04:00
Thread 1 advanced to log sequence 45369 (LGWR switch),  current SCN: 11345339565
  Current log# 2 seq# 45369 mem# 0: /u02/oradata/PRODDB/redo02a.log
  Current log# 2 seq# 45369 mem# 1: /u02/oradata/PRODDB/redo02b.log
2026-10-04T17:08:33.084149-04:00
ARC3 (PID:5313): Archived Log entry 89143 added for B-1180943236.T-1.S-45368 ID 0x8a4d5c1e LAD:1
2026-10-04T18:01:26.925651-04:00
Thread 1 advanced to log sequence 45370 (LGWR switch),  current SCN: 11354007401
  Current log# 3 seq# 45370 mem# 0: /u02/oradata/PRODDB/redo03a.log
  Current log# 3 seq# 45370 mem# 1: /u02/oradata/PRODDB/redo03b.log
2026-10-04T18:02:07.751864-04:00
ARC3 (PID:5313): Archived Log entry 89144 added for B-1180943236.T-1.S-45369 ID 0x8a4d5c1e LAD:1
2026-10-04T18:36:54.683991-04:00
Thread 1 advanced to log sequence 45371 (LGWR switch),  current SCN: 11359752120
  Current log# 4 seq# 45371 mem# 0: /u02/oradata/PRODDB/redo04a.log
  Current log# 4 seq# 45371 mem# 1: /u02/oradata/PRODDB/redo04b.log
2026-10-04T18:37:06.169210-04:00
ARC1 (PID:5266): Archived Log entry 89145 added for B-1180943236.T-1.S-45370 ID 0x8a4d5c1e LAD:1
2026-10-04T19:27:14.582205-04:00
Thread 1 advanced to log sequence 45372 (LGWR switch),  current SCN: 11367905769
  Current log# 1 seq# 45372 mem# 0: /u02/oradata/PRODDB/redo01a.log
  Current log# 1 seq# 45372 mem# 1: /u02/oradata/PRODDB/redo01b.log
2026-10-04T19:27:17.759690-04:00
ARC0 (PID:5265): Archived Log entry 89146 added for B-1180943236.T-1.S-45371 ID 0x8a4d5c1e LAD:1
2026-10-04T20:47:03.673217-04:00
Thread 1 advanced to log sequence 45373 (LGWR switch),  current SCN: 11380836747
  Current log# 2 seq# 45373 mem# 0: /u02/oradata/PRODDB/redo02a.log
  Current log# 2 seq# 45373 mem# 1: /u02/oradata/PRODDB/redo02b.log
2026-10-04T20:47:31.047441-04:00
ARC1 (PID:5266): Archived Log entry 89147 added for B-1180943236.T-1.S-45372 ID 0x8a4d5c1e LAD:1
2026-10-04T22:04:17.230099-04:00
Thread 1 advanced to log sequence 45374 (LGWR switch),  current SCN: 11393346431
  Current log# 3 seq# 45374 mem# 0: /u02/oradata/PRODDB/redo03a.log
  Current log# 3 seq# 45374 mem# 1: /u02/oradata/PRODDB/redo03b.log
2026-10-04T22:04:24.121895-04:00
ARC2 (PID:5309): Archived Log entry 89148 added for B-1180943236.T-1.S-45373 ID 0x8a4d5c1e LAD:1
2026-10-04T23:30:59.101596-04:00
Thread 1 advanced to log sequence 45375 (LGWR switch),  current SCN: 11407392781
  Current log# 4 seq# 45375 mem# 0: /u02/oradata/PRODDB/redo04a.log
  Current log# 4 seq# 45375 mem# 1: /u02/oradata/PRODDB/redo04b.log
2026-10-04T23:31:03.539326-04:00
ARC3 (PID:5313): Archived Log entry 89149 added for B-1180943236.T-1.S-45374 ID 0x8a4d5c1e LAD:1
2026-10-05T00:00:36.800152-04:00
TABLE SYS.WRI$_OPTSTAT_HISTHEAD_HISTORY: ADDED INTERVAL PARTITION SYS_P7095 (47273) VALUES LESS THAN (TO_DATE(' 2026-10-06 00:00:00', 'SYYYY-MM-DD HH24:MI:SS', 'NLS_CALENDAR=GREGORIAN'))
2026-10-05T00:38:09.646820-04:00
Thread 1 advanced to log sequence 45376 (LGWR switch),  current SCN: 11418273432
  Current log# 1 seq# 45376 mem# 0: /u02/oradata/PRODDB/redo01a.log
  Current log# 1 seq# 45376 mem# 1: /u02/oradata/PRODDB/redo01b.log
2026-10-05T00:38:53.631135-04:00
ARC0 (PID:26011): Archived Log entry 89150 added for B-1180943236.T-1.S-45375 ID 0x8a4d5c1e LAD:1
2026-10-05T01:13:08.954951-04:00
ORA-1652: unable to extend temp segment by 128 in tablespace                 TEMP
2026-10-05T01:17:33.288915-04:00
ORA-1652: unable to extend temp segment by 128 in tablespace                 TEMP
2026-10-05T01:31:23.555178-04:00
Starting control autobackup
Control autobackup written to DISK device

handle '/u03/fra/PRODDB/autobackup/2026_10_05/o1_mf_s_1147848992_.bkp'
2026-10-05T01:38:33.570434-04:00
Thread 1 advanced to log sequence 45377 (LGWR switch),  current SCN: 11428058942
  Current log# 2 seq# 45377 mem# 0: /u02/oradata/PRODDB/redo02a.log
  Current log# 2 seq# 45377 mem# 1: /u02/oradata/PRODDB/redo02b.log
2026-10-05T01:38:59.514899-04:00
ARC0 (PID:26011): Archived Log entry 89151 added for B-1180943236.T-1.S-45376 ID 0x8a4d5c1e LAD:1
2026-10-05T02:00:00.384774-04:00
Closing scheduler window
Restoring Resource Manager plan DEFAULT_PLAN via scheduler window
Setting Resource Manager plan DEFAULT_PLAN via parameter
2026-10-05T02:24:22.362149-04:00
Thread 1 advanced to log sequence 45378 (LGWR switch),  current SCN: 11435481098
  Current log# 3 seq# 45378 mem# 0: /u02/oradata/PRODDB/redo03a.log
  Current log# 3 seq# 45378 mem# 1: /u02/oradata/PRODDB/redo03b.log
2026-10-05T02:24:56.338884-04:00
ARC2 (PID:25989): Archived Log entry 89152 added for B-1180943236.T-1.S-45377 ID 0x8a4d5c1e LAD:1
2026-10-05T03:12:57.836767-04:00
Thread 1 advanced to log sequence 45379 (LGWR switch),  current SCN: 11443353096
  Current log# 4 seq# 45379 mem# 0: /u02/oradata/PRODDB/redo04a.log
  Current log# 4 seq# 45379 mem# 1: /u02/oradata/PRODDB/redo04b.log
2026-10-05T03:13:05.002680-04:00
ARC1 (PID:26014): Archived Log entry 89153 added for B-1180943236.T-1.S-45378 ID 0x8a4d5c1e LAD:1
2026-10-05T04:38:37.740772-04:00
Thread 1 advanced to log sequence 45380 (LGWR switch),  current SCN: 11457230940
  Current log# 1 seq# 45380 mem# 0: /u02/oradata/PRODDB/redo01a.log
  Current log# 1 seq# 45380 mem# 1: /u02/oradata/PRODDB/redo01b.log
2026-10-05T04:39:22.987842-04:00
ARC0 (PID:26011): Archived Log entry 89154 added for B-1180943236.T-1.S-45379 ID 0x8a4d5c1e LAD:1
2026-10-05T06:06:13.296752-04:00
Thread 1 advanced to log sequence 45381 (LGWR switch),  current SCN: 11471419478
  Current log# 2 seq# 45381 mem# 0: /u02/oradata/PRODDB/redo02a.log
  Current log# 2 seq# 45381 mem# 1: /u02/oradata/PRODDB/redo02b.log
2026-10-05T06:06:54.043719-04:00
ARC1 (PID:26014): Archived Log entry 89155 added for B-1180943236.T-1.S-45380 ID 0x8a4d5c1e LAD:1
2026-10-05T06:50:28.148271-04:00
Thread 1 advanced to log sequence 45382 (LGWR switch),  current SCN: 11478588815
  Current log# 3 seq# 45382 mem# 0: /u02/oradata/PRODDB/redo03a.log
  Current log# 3 seq# 45382 mem# 1: /u02/oradata/PRODDB/redo03b.log
2026-10-05T06:51:17.417574-04:00
ARC1 (PID:26014): Archived Log entry 89156 added for B-1180943236.T-1.S-45381 ID 0x8a4d5c1e LAD:1
2026-10-05T07:28:05.633377-04:00
Thread 1 advanced to log sequence 45383 (LGWR switch),  current SCN: 11484683505
  Current log# 4 seq# 45383 mem# 0: /u02/oradata/PRODDB/redo04a.log
  Current log# 4 seq# 45383 mem# 1: /u02/oradata/PRODDB/redo04b.log
2026-10-05T07:28:36.891637-04:00
ARC1 (PID:26014): Archived Log entry 89157 added for B-1180943236.T-1.S-45382 ID 0x8a4d5c1e LAD:1
2026-10-05T07:39:20.128473-04:00
Errors in file /u01/app/oracle/diag/rdbms/proddb/PRODDB/trace/PRODDB_dbw0_28834.trc:
ORA-01157: cannot identify/lock data file 12 - see DBWR trace file
ORA-01110: data file 12: '/u02/oradata/PRODDB/sysaux01.dbf'
ORA-27037: unable to obtain file status
Linux-x86_64 Error: 2: No such file or directory
Additional information: 7
2026-10-05T08:20:11.462674-04:00
Thread 1 advanced to log sequence 45384 (LGWR switch),  current SCN: 11493123005
  Current log# 1 seq# 45384 mem# 0: /u02/oradata/PRODDB/redo01a.log
  Current log# 1 seq# 45384 mem# 1: /u02/oradata/PRODDB/redo01b.log
2026-10-05T08:20:48.242725-04:00
ARC1 (PID:26014): Archived Log entry 89158 added for B-1180943236.T-1.S-45383 ID 0x8a4d5c1e LAD:1
2026-10-05T08:35:45.709065-04:00
Thread 1 advanced to log sequence 45385 (LGWR switch),  current SCN: 11495645413
  Current log# 2 seq# 45385 mem# 0: /u02/oradata/PRODDB/redo02a.log
  Current log# 2 seq# 45385 mem# 1: /u02/oradata/PRODDB/redo02b.log
2026-10-05T08:36:11.928523-04:00
ARC1 (PID:26014): Archived Log entry 89159 added for B-1180943236.T-1.S-45384 ID 0x8a4d5c1e LAD:1
2026-10-05T09:02:48.601957-04:00
Thread 1 advanced to log sequence 45386 (LGWR switch),  current SCN: 11500027245
  Current log# 3 seq# 45386 mem# 0: /u02/oradata/PRODDB/redo03a.log
  Current log# 3 seq# 45386 mem# 1: /u02/oradata/PRODDB/redo03b.log
2026-10-05T09:03:15.645186-04:00
ARC2 (PID:25989): Archived Log entry 89160 added for B-1180943236.T-1.S-45385 ID 0x8a4d5c1e LAD:1
2026-10-05T09:09:11.412344-04:00
Errors in file /u01/app/oracle/diag/rdbms/proddb/PRODDB/trace/PRODDB_ora_63946.trc:
ORA-00060: Deadlock detected. See Note 60.1 at My Oracle Support for Troubleshooting ORA-60 Errors. More info in file /u01/app/oracle/diag/rdbms/proddb/PRODDB/trace/PRODDB_ora_63946.trc.
2026-10-05T09:12:56.645270-04:00
TT00 (PID:28851): Error 12537 received logging on to the standby
Errors in file /u01/app/oracle/diag/rdbms/proddb/PRODDB/trace/PRODDB_tt00_28851.trc:
ORA-12537: TNS:connection closed
2026-10-05T09:17:00.260330-04:00
TT00 (PID:28851): Attempting LAD:2 network reconnect (12537)
TT00 (PID:28851): LAD:2 network reconnect successful
2026-10-05T09:22:18.630995-04:00
Thread 1 advanced to log sequence 45387 (LGWR switch),  current SCN: 11503185317
  Current log# 4 seq# 45387 mem# 0: /u02/oradata/PRODDB/redo04a.log
  Current log# 4 seq# 45387 mem# 1: /u02/oradata/PRODDB/redo04b.log
2026-10-05T09:22:58.919544-04:00
ARC1 (PID:26014): Archived Log entry 89161 added for B-1180943236.T-1.S-45386 ID 0x8a4d5c1e LAD:1
2026-10-05T09:48:01.120432-04:00
Thread 1 advanced to log sequence 45388 (LGWR switch),  current SCN: 11507350991
  Current log# 1 seq# 45388 mem# 0: /u02/oradata/PRODDB/redo01a.log
  Current log# 1 seq# 45388 mem# 1: /u02/oradata/PRODDB/redo01b.log
2026-10-05T09:48:39.596174-04:00
ARC2 (PID:25989): Archived Log entry 89162 added for B-1180943236.T-1.S-45387 ID 0x8a4d5c1e LAD:1
2026-10-05T09:59:52.305919-04:00
Thread 1 advanced to log sequence 45389 (LGWR switch),  current SCN: 11509270143
  Current log# 2 seq# 45389 mem# 0: /u02/oradata/PRODDB/redo02a.log
  Current log# 2 seq# 45389 mem# 1: /u02/oradata/PRODDB/redo02b.log
2026-10-05T10:00:12.501356-04:00
ARC0 (PID:26011): Archived Log entry 89163 added for B-1180943236.T-1.S-45388 ID 0x8a4d5c1e LAD:1
2026-10-05T10:23:36.528866-04:00
Thread 1 advanced to log sequence 45390 (LGWR switch),  current SCN: 11513115391
  Current log# 3 seq# 45390 mem# 0: /u02/oradata/PRODDB/redo03a.log
  Current log# 3 seq# 45390 mem# 1: /u02/oradata/PRODDB/redo03b.log
2026-10-05T10:24:05.675752-04:00
ARC1 (PID:26014): Archived Log entry 89164 added for B-1180943236.T-1.S-45389 ID 0x8a4d5c1e LAD:1
2026-10-05T10:26:18.894253-04:00
opiodr aborting process unknown ospid (10895) as a result of ORA-609
2026-10-05T10:50:38.178949-04:00
Thread 1 advanced to log sequence 45391 (LGWR switch),  current SCN: 11517495132
  Current log# 4 seq# 45391 mem# 0: /u02/oradata/PRODDB/redo04a.log
  Current log# 4 seq# 45391 mem# 1: /u02/oradata/PRODDB/redo04b.log
2026-10-05T10:50:42.140958-04:00
ARC2 (PID:25989): Archived Log entry 89165 added for B-1180943236.T-1.S-45390 ID 0x8a4d5c1e LAD:1
2026-10-05T11:01:35.470577-04:00
Thread 1 advanced to log sequence 45392 (LGWR switch),  current SCN: 11519270430
  Current log# 1 seq# 45392 mem# 0: /u02/oradata/PRODDB/redo01a.log
  Current log# 1 seq# 45392 mem# 1: /u02/oradata/PRODDB/redo01b.log
2026-10-05T11:01:43.616470-04:00
ARC3 (PID:26020): Archived Log entry 89166 added for B-1180943236.T-1.S-45391 ID 0x8a4d5c1e LAD:1
2026-10-05T11:15:37.829101-04:00
Thread 1 advanced to log sequence 45393 (LGWR switch),  current SCN: 11521545185
  Current log# 2 seq# 45393 mem# 0: /u02/oradata/PRODDB/redo02a.log
  Current log# 2 seq# 45393 mem# 1: /u02/oradata/PRODDB/redo02b.log
2026-10-05T11:15:49.869488-04:00
ARC2 (PID:25989): Archived Log entry 89167 added for B-1180943236.T-1.S-45392 ID 0x8a4d5c1e LAD:1
2026-10-05T11:26:19.588055-04:00
Thread 1 advanced to log sequence 45394 (LGWR switch),  current SCN: 11523276877
  Current log# 3 seq# 45394 mem# 0: /u02/oradata/PRODDB/redo03a.log
  Current log# 3 seq# 45394 mem# 1: /u02/oradata/PRODDB/redo03b.log
2026-10-05T11:27:07.584548-04:00
ARC1 (PID:26014): Archived Log entry 89168 added for B-1180943236.T-1.S-45393 ID 0x8a4d5c1e LAD:1
2026-10-05T11:44:13.602170-04:00
Thread 1 cannot allocate new log, sequence 45395
Checkpoint not complete
  Current log# 3 seq# 45394 mem# 0: /u02/oradata/PRODDB/redo03a.log
2026-10-05T11:44:23.850598-04:00
Thread 1 advanced to log sequence 45395 (LGWR switch),  current SCN: 11526204999
  Current log# 4 seq# 45395 mem# 0: /u02/oradata/PRODDB/redo04a.log
  Current log# 4 seq# 45395 mem# 1: /u02/oradata/PRODDB/redo04b.log
2026-10-05T11:44:36.157705-04:00
ARC1 (PID:26014): Archived Log entry 89169 added for B-1180943236.T-1.S-45394 ID 0x8a4d5c1e LAD:1
2026-10-05T12:02:13.490110-04:00

***********************************************************************

Fatal NI connect error 12537, connecting to:
 (LOCAL=NO)

  VERSION INFORMATION:
	TNS for Linux: Version 19.0.0.0.0 - Production
	TCP/IP NT Protocol Adapter for Linux: Version 19.0.0.0.0 - Production
  Version 19.24.0.0.0
  Time: 05-OCT-2026 12:02:13
  Tracing not turned on.
  Tns error struct:
    ns main err code: 12537

TNS-12537: TNS:connection closed
    ns secondary err code: 12560
    nt main err code: 0
    nt secondary err code: 0
    nt OS err code: 0
  Client address: (ADDRESS=(PROTOCOL=tcp)(HOST=10.20.93.142)(PORT=54176))
2026-10-05T12:11:19.470082-04:00
Thread 1 advanced to log sequence 45396 (LGWR switch),  current SCN: 11530566697
  Current log# 1 seq# 45396 mem# 0: /u02/oradata/PRODDB/redo01a.log
  Current log# 1 seq# 45396 mem# 1: /u02/oradata/PRODDB/redo01b.log
2026-10-05T12:11:40.275451-04:00
ARC0 (PID:26011): Archived Log entry 89170 added for B-1180943236.T-1.S-45395 ID 0x8a4d5c1e LAD:1
2026-10-05T12:25:14.957918-04:00
Resize operation completed for file# 7, fname /u02/oradata/PRODDB/users01.dbf, old size 28311552K, new size 28413952K
2026-10-05T12:26:44.709776-04:00
Thread 1 advanced to log sequence 45397 (LGWR switch),  current SCN: 11533064854
  Current log# 2 seq# 45397 mem# 0: /u02/oradata/PRODDB/redo02a.log
  Current log# 2 seq# 45397 mem# 1: /u02/oradata/PRODDB/redo02b.log
2026-10-05T12:26:51.385800-04:00
ARC3 (PID:26020): Archived Log entry 89171 added for B-1180943236.T-1.S-45396 ID 0x8a4d5c1e LAD:1
2026-10-05T12:36:41.332427-04:00
Exception [type: SIGSEGV, Address not mapped to object] [ADDR:0x0] [PC:0x30156A7, kghfrf()+92] [flags: 0x0, count: 1]
Errors in file /u01/app/oracle/diag/rdbms/proddb/PRODDB/trace/PRODDB_ora_52407.trc  (incident=48118):
ORA-07445: exception encountered: core dump [kghfrf()+92] [SIGSEGV] [ADDR:0x0] [PC:0x30156A7] [Address not mapped to object] []
Incident details in: /u01/app/oracle/diag/rdbms/proddb/PRODDB/incident/incdir_48118/PRODDB_ora_52407_i48118.trc
2026-10-05T12:51:48.454389-04:00
Thread 1 advanced to log sequence 45398 (LGWR switch),  current SCN: 11537124636
  Current log# 3 seq# 45398 mem# 0: /u02/oradata/PRODDB/redo03a.log
  Current log# 3 seq# 45398 mem# 1: /u02/oradata/PRODDB/redo03b.log
2026-10-05T12:52:31.432706-04:00
ARC0 (PID:26011): Archived Log entry 89172 added for B-1180943236.T-1.S-45397 ID 0x8a4d5c1e LAD:1
2026-10-05T13:12:09.248970-04:00
Thread 1 advanced to log sequence 45399 (LGWR switch),  current SCN: 11540421474
  Current log# 4 seq# 45399 mem# 0: /u02/oradata/PRODDB/redo04a.log
  Current log# 4 seq# 45399 mem# 1: /u02/oradata/PRODDB/redo04b.log
2026-10-05T13:12:12.588224-04:00
ARC3 (PID:26020): Archived Log entry 89173 added for B-1180943236.T-1.S-45398 ID 0x8a4d5c1e LAD:1
2026-10-05T13:16:24.892717-04:00

***********************************************************************

Fatal NI connect error 12537, connecting to:
 (LOCAL=NO)

  VERSION INFORMATION:
	TNS for Linux: Version 19.0.0.0.0 - Production
	TCP/IP NT Protocol Adapter for Linux: Version 19.0.0.0.0 - Production
  Version 19.24.0.0.0
  Time: 05-OCT-2026 13:16:24
  Tracing not turned on.
  Tns error struct:
    ns main err code: 12537

TNS-12537: TNS:connection closed
    ns secondary err code: 12560
    nt main err code: 0
    nt secondary err code: 0
    nt OS err code: 0
  Client address: (ADDRESS=(PROTOCOL=tcp)(HOST=10.20.75.229)(PORT=49657))
2026-10-05T13:28:30.181285-04:00
Thread 1 advanced to log sequence 45400 (LGWR switch),  current SCN: 11543070286
  Current log# 1 seq# 45400 mem# 0: /u02/oradata/PRODDB/redo01a.log
  Current log# 1 seq# 45400 mem# 1: /u02/oradata/PRODDB/redo01b.log
2026-10-05T13:29:06.362993-04:00
ARC0 (PID:26011): Archived Log entry 89174 added for B-1180943236.T-1.S-45399 ID 0x8a4d5c1e LAD:1
2026-10-05T13:39:43.610513-04:00
Thread 1 advanced to log sequence 45401 (LGWR switch),  current SCN: 11544887639
  Current log# 2 seq# 45401 mem# 0: /u02/oradata/PRODDB/redo02a.log
  Current log# 2 seq# 45401 mem# 1: /u02/oradata/PRODDB/redo02b.log
2026-10-05T13:40:10.994296-04:00
ARC0 (PID:26011): Archived Log entry 89175 added for B-1180943236.T-1.S-45400 ID 0x8a4d5c1e LAD:1
2026-10-05T13:40:23.068941-04:00

***********************************************************************

Fatal NI connect error 12537, connecting to:
 (LOCAL=NO)

  VERSION INFORMATION:
	TNS for Linux: Version 19.0.0.0.0 - Production
	TCP/IP NT Protocol Adapter for Linux: Version 19.0.0.0.0 - Production
  Version 19.24.0.0.0
  Time: 05-OCT-2026 13:40:23
  Tracing not turned on.
  Tns error struct:
    ns main err code: 12537

TNS-12537: TNS:connection closed
    ns secondary err code: 12560
    nt main err code: 0
    nt secondary err code: 0
    nt OS err code: 0
  Client address: (ADDRESS=(PROTOCOL=tcp)(HOST=10.20.157.227)(PORT=35650))
2026-10-05T13:58:11.215861-04:00
Thread 1 advanced to log sequence 45402 (LGWR switch),  current SCN: 11547878552
  Current log# 3 seq# 45402 mem# 0: /u02/oradata/PRODDB/redo03a.log
  Current log# 3 seq# 45402 mem# 1: /u02/oradata/PRODDB/redo03b.log
2026-10-05T13:59:00.841457-04:00
ARC2 (PID:25989): Archived Log entry 89176 added for B-1180943236.T-1.S-45401 ID 0x8a4d5c1e LAD:1
2026-10-05T14:02:26.466732-04:00
opiodr aborting process unknown ospid (48751) as a result of ORA-609
2026-10-05T14:14:36.738651-04:00
Thread 1 advanced to log sequence 45403 (LGWR switch),  current SCN: 11550539838
  Current log# 4 seq# 45403 mem# 0: /u02/oradata/PRODDB/redo04a.log
  Current log# 4 seq# 45403 mem# 1: /u02/oradata/PRODDB/redo04b.log
2026-10-05T14:15:17.256712-04:00
ARC0 (PID:26011): Archived Log entry 89177 added for B-1180943236.T-1.S-45402 ID 0x8a4d5c1e LAD:1
2026-10-05T14:38:14.068466-04:00
Thread 1 advanced to log sequence 45404 (LGWR switch),  current SCN: 11554366314
  Current log# 1 seq# 45404 mem# 0: /u02/oradata/PRODDB/redo01a.log
  Current log# 1 seq# 45404 mem# 1: /u02/oradata/PRODDB/redo01b.log
2026-10-05T14:38:57.882648-04:00
ARC2 (PID:25989): Archived Log entry 89178 added for B-1180943236.T-1.S-45403 ID 0x8a4d5c1e LAD:1
2026-10-05T14:55:01.832250-04:00

***********************************************************************

Fatal NI connect error 12537, connecting to:
 (LOCAL=NO)

  VERSION INFORMATION:
	TNS for Linux: Version 19.0.0.0.0 - Production
	TCP/IP NT Protocol Adapter for Linux: Version 19.0.0.0.0 - Production
  Version 19.24.0.0.0
  Time: 05-OCT-2026 14:55:01
  Tracing not turned on.
  Tns error struct:
    ns main err code: 12537

TNS-12537: TNS:connection closed
    ns secondary err code: 12560
    nt main err code: 0
    nt secondary err code: 0
    nt OS err code: 0
  Client address: (ADDRESS=(PROTOCOL=tcp)(HOST=10.20.180.164)(PORT=41409))
2026-10-05T15:03:11.242571-04:00
Thread 1 advanced to log sequence 45405 (LGWR switch),  current SCN: 11558407713
  Current log# 2 seq# 45405 mem# 0: /u02/oradata/PRODDB/redo02a.log
  Current log# 2 seq# 45405 mem# 1: /u02/oradata/PRODDB/redo02b.log
2026-10-05T15:03:53.704535-04:00
ARC3 (PID:26020): Archived Log entry 89179 added for B-1180943236.T-1.S-45404 ID 0x8a4d5c1e LAD:1
2026-10-05T15:27:47.744793-04:00
Thread 1 advanced to log sequence 45406 (LGWR switch),  current SCN: 11562394040
  Current log# 3 seq# 45406 mem# 0: /u02/oradata/PRODDB/redo03a.log
  Current log# 3 seq# 45406 mem# 1: /u02/oradata/PRODDB/redo03b.log
2026-10-05T15:27:52.238595-04:00
ARC3 (PID:26020): Archived Log entry 89180 added for B-1180943236.T-1.S-45405 ID 0x8a4d5c1e LAD:1
2026-10-05T15:41:25.577989-04:00
Thread 1 advanced to log sequence 45407 (LGWR switch),  current SCN: 11564601879
  Current log# 4 seq# 45407 mem# 0: /u02/oradata/PRODDB/redo04a.log
  Current log# 4 seq# 45407 mem# 1: /u02/oradata/PRODDB/redo04b.log
2026-10-05T15:41:48.627881-04:00
ARC0 (PID:26011): Archived Log entry 89181 added for B-1180943236.T-1.S-45406 ID 0x8a4d5c1e LAD:1
2026-10-05T15:57:00.386140-04:00
Thread 1 advanced to log sequence 45408 (LGWR switch),  current SCN: 11567126061
  Current log# 1 seq# 45408 mem# 0: /u02/oradata/PRODDB/redo01a.log
  Current log# 1 seq# 45408 mem# 1: /u02/oradata/PRODDB/redo01b.log
2026-10-05T15:57:18.569524-04:00
ARC3 (PID:26020): Archived Log entry 89182 added for B-1180943236.T-1.S-45407 ID 0x8a4d5c1e LAD:1
2026-10-05T16:10:48.127257-04:00

***********************************************************************

Fatal NI connect error 12537, connecting to:
 (LOCAL=NO)

  VERSION INFORMATION:
	TNS for Linux: Version 19.0.0.0.0 - Production
	TCP/IP NT Protocol Adapter for Linux: Version 19.0.0.0.0 - Production
  Version 19.24.0.0.0
  Time: 05-OCT-2026 16:10:48
  Tracing not turned on.
  Tns error struct:
    ns main err code: 12537

TNS-12537: TNS:connection closed
    ns secondary err code: 12560
    nt main err code: 0
    nt secondary err code: 0
    nt OS err code: 0
  Client address: (ADDRESS=(PROTOCOL=tcp)(HOST=10.20.93.131)(PORT=44695))
2026-10-05T16:20:33.459631-04:00
Thread 1 advanced to log sequence 45409 (LGWR switch),  current SCN: 11570942657
  Current log# 2 seq# 45409 mem# 0: /u02/oradata/PRODDB/redo02a.log
  Current log# 2 seq# 45409 mem# 1: /u02/oradata/PRODDB/redo02b.log
2026-10-05T16:21:17.433365-04:00
ARC0 (PID:26011): Archived Log entry 89183 added for B-1180943236.T-1.S-45408 ID 0x8a4d5c1e LAD:1
2026-10-05T16:35:28.617428-04:00
Thread 1 advanced to log sequence 45410 (LGWR switch),  current SCN: 11573359356
  Current log# 3 seq# 45410 mem# 0: /u02/oradata/PRODDB/redo03a.log
  Current log# 3 seq# 45410 mem# 1: /u02/oradata/PRODDB/redo03b.log
2026-10-05T16:36:18.620349-04:00
ARC3 (PID:26020): Archived Log entry 89184 added for B-1180943236.T-1.S-45409 ID 0x8a4d5c1e LAD:1
2026-10-05T17:01:34.563639-04:00
Thread 1 advanced to log sequence 45411 (LGWR switch),  current SCN: 11577588119
  Current log# 4 seq# 45411 mem# 0: /u02/oradata/PRODDB/redo04a.log
  Current log# 4 seq# 45411 mem# 1: /u02/oradata/PRODDB/redo04b.log
2026-10-05T17:02:21.889438-04:00
ARC3 (PID:26020): Archived Log entry 89185 added for B-1180943236.T-1.S-45410 ID 0x8a4d5c1e LAD:1
2026-10-05T17:18:11.382104-04:00
Thread 1 advanced to log sequence 45412 (LGWR switch),  current SCN: 11580279303
  Current log# 1 seq# 45412 mem# 0: /u02/oradata/PRODDB/redo01a.log
  Current log# 1 seq# 45412 mem# 1: /u02/oradata/PRODDB/redo01b.log
2026-10-05T17:19:00.547548-04:00
ARC0 (PID:26011): Archived Log entry 89186 added for B-1180943236.T-1.S-45411 ID 0x8a4d5c1e LAD:1
2026-10-05T17:26:26.027560-04:00

***********************************************************************

Fatal NI connect error 12537, connecting to:
 (LOCAL=NO)

  VERSION INFORMATION:
	TNS for Linux: Version 19.0.0.0.0 - Production
	TCP/IP NT Protocol Adapter for Linux: Version 19.0.0.0.0 - Production
  Version 19.24.0.0.0
  Time: 05-OCT-2026 17:26:26
  Tracing not turned on.
  Tns error struct:
    ns main err code: 12537

TNS-12537: TNS:connection closed
    ns secondary err code: 12560
    nt main err code: 0
    nt secondary err code: 0
    nt OS err code: 0
  Client address: (ADDRESS=(PROTOCOL=tcp)(HOST=10.20.61.203)(PORT=62376))
2026-10-05T17:29:37.205882-04:00
Thread 1 advanced to log sequence 45413 (LGWR switch),  current SCN: 11582129454
  Current log# 2 seq# 45413 mem# 0: /u02/oradata/PRODDB/redo02a.log
  Current log# 2 seq# 45413 mem# 1: /u02/oradata/PRODDB/redo02b.log
2026-10-05T17:30:13.651631-04:00
ARC1 (PID:26014): Archived Log entry 89187 added for B-1180943236.T-1.S-45412 ID 0x8a4d5c1e LAD:1
2026-10-05T17:45:23.944961-04:00
Thread 1 advanced to log sequence 45414 (LGWR switch),  current SCN: 11584686107
  Current log# 3 seq# 45414 mem# 0: /u02/oradata/PRODDB/redo03a.log
  Current log# 3 seq# 45414 mem# 1: /u02/oradata/PRODDB/redo03b.log
2026-10-05T17:45:45.719513-04:00
ARC2 (PID:25989): Archived Log entry 89188 added for B-1180943236.T-1.S-45413 ID 0x8a4d5c1e LAD:1
2026-10-05T18:06:14.806565-04:00
Thread 1 advanced to log sequence 45415 (LGWR switch),  current SCN: 11588063351
  Current log# 4 seq# 45415 mem# 0: /u02/oradata/PRODDB/redo04a.log
  Current log# 4 seq# 45415 mem# 1: /u02/oradata/PRODDB/redo04b.log
2026-10-05T18:06:39.552144-04:00
ARC3 (PID:26020): Archived Log entry 89189 added for B-1180943236.T-1.S-45414 ID 0x8a4d5c1e LAD:1
2026-10-05T18:17:00.196556-04:00
Thread 1 advanced to log sequence 45416 (LGWR switch),  current SCN: 11589806859
  Current log# 1 seq# 45416 mem# 0: /u02/oradata/PRODDB/redo01a.log
  Current log# 1 seq# 45416 mem# 1: /u02/oradata/PRODDB/redo01b.log
2026-10-05T18:17:20.497403-04:00
ARC3 (PID:26020): Archived Log entry 89190 added for B-1180943236.T-1.S-45415 ID 0x8a4d5c1e LAD:1
2026-10-05T18:18:26.522469-04:00
TT00 (PID:28851): Error 12170 received logging on to the standby
Errors in file /u01/app/oracle/diag/rdbms/proddb/PRODDB/trace/PRODDB_tt00_28851.trc:
ORA-12170: TNS:Connect timeout occurred
2026-10-05T18:23:19.489491-04:00
TT00 (PID:28851): Attempting LAD:2 network reconnect (12170)
TT00 (PID:28851): LAD:2 network reconnect successful
2026-10-05T18:35:29.738237-04:00
Resize operation completed for file# 6, fname /u02/oradata/PRODDB/apps_ts_tx_idx01.dbf, old size 25165824K, new size 25268224K
2026-10-05T18:44:38.335019-04:00
Thread 1 advanced to log sequence 45417 (LGWR switch),  current SCN: 11594284619
  Current log# 2 seq# 45417 mem# 0: /u02/oradata/PRODDB/redo02a.log
  Current log# 2 seq# 45417 mem# 1: /u02/oradata/PRODDB/redo02b.log
2026-10-05T18:45:04.794342-04:00
ARC3 (PID:26020): Archived Log entry 89191 added for B-1180943236.T-1.S-45416 ID 0x8a4d5c1e LAD:1
2026-10-05T19:09:04.152400-04:00
Thread 1 advanced to log sequence 45418 (LGWR switch),  current SCN: 11598240614
  Current log# 3 seq# 45418 mem# 0: /u02/oradata/PRODDB/redo03a.log
  Current log# 3 seq# 45418 mem# 1: /u02/oradata/PRODDB/redo03b.log
2026-10-05T19:09:07.589702-04:00
ARC1 (PID:26014): Archived Log entry 89192 added for B-1180943236.T-1.S-45417 ID 0x8a4d5c1e LAD:1
2026-10-05T20:34:59.360530-04:00
Thread 1 advanced to log sequence 45419 (LGWR switch),  current SCN: 11612159680
  Current log# 4 seq# 45419 mem# 0: /u02/oradata/PRODDB/redo04a.log
  Current log# 4 seq# 45419 mem# 1: /u02/oradata/PRODDB/redo04b.log
2026-10-05T20:35:03.781864-04:00
ARC3 (PID:26020): Archived Log entry 89193 added for B-1180943236.T-1.S-45418 ID 0x8a4d5c1e LAD:1
2026-10-05T21:14:01.505942-04:00
Thread 1 advanced to log sequence 45420 (LGWR switch),  current SCN: 11618483188
  Current log# 1 seq# 45420 mem# 0: /u02/oradata/PRODDB/redo01a.log
  Current log# 1 seq# 45420 mem# 1: /u02/oradata/PRODDB/redo01b.log
2026-10-05T21:14:27.091061-04:00
ARC2 (PID:25989): Archived Log entry 89194 added for B-1180943236.T-1.S-45419 ID 0x8a4d5c1e LAD:1
2026-10-05T22:00:00.417368-04:00
Setting Resource Manager plan SCHEDULER[0x4D52]:DEFAULT_MAINTENANCE_PLAN via scheduler window
Setting Resource Manager plan DEFAULT_MAINTENANCE_PLAN via parameter
2026-10-05T22:24:02.756157-04:00
TT00 (PID:28851): Error 12170 received logging on to the standby
Errors in file /u01/app/oracle/diag/rdbms/proddb/PRODDB/trace/PRODDB_tt00_28851.trc:
ORA-12170: TNS:Connect timeout occurred
2026-10-05T22:27:12.199055-04:00
TT00 (PID:28851): Attempting LAD:2 network reconnect (12170)
TT00 (PID:28851): LAD:2 network reconnect successful
2026-10-05T22:34:20.000000-04:00
Errors in file /u01/app/oracle/diag/rdbms/proddb/PRODDB/trace/PRODDB_pmon_25975.trc:
ORA-00470: LGWR process terminated with error
PMON (ospid: 25975): terminating the instance due to ORA error 470
2026-10-05T22:34:21.000000-04:00
System state dump requested by (instance=1, osid=25975 (PMON)), summary=[abnormal instance termination].
2026-10-05T22:34:23.000000-04:00
Instance terminated by PMON, pid = 25975
2026-10-05T22:48:10.651105-04:00
Starting ORACLE instance (normal) (OS id: 28818)
2026-10-05T22:48:11.949087-04:00
Oracle Database 19c Enterprise Edition Release 19.0.0.0.0 - Production
Version 19.24.0.0.0.
2026-10-05T22:48:15.314703-04:00
Using parameter settings in server-side spfile /u01/app/oracle/product/19.0.0/dbhome_1/dbs/spfilePRODDB.ora
System parameters with non-default values:
  processes                = 1500
  sessions                 = 2272
  sga_target               = 32G
  pga_aggregate_target     = 8G
  db_block_size            = 8192
  compatible               = "19.0.0"
  db_recovery_file_dest    = "/u03/fra"
  db_recovery_file_dest_size= 200G
  undo_tablespace          = "UNDOTBS1"
  db_name                  = "PRODDB"
2026-10-05T22:48:17.211832-04:00
PMON started with pid=2, OS id=28819
CLMN started with pid=3, OS id=28822
PSP0 started with pid=4, OS id=28823
VKTM started with pid=5, OS id=28828
GEN0 started with pid=6, OS id=28827
2026-10-05T22:48:20.106365-04:00
DBW0 started with pid=12, OS id=28834
LGWR started with pid=13, OS id=28825
CKPT started with pid=14, OS id=28833
SMON started with pid=15, OS id=28835
RECO started with pid=16, OS id=28837
MMON started with pid=17, OS id=28849
MMNL started with pid=18, OS id=28830
2026-10-05T22:48:22.629837-04:00
ALTER DATABASE   MOUNT
2026-10-05T22:48:23.951882-04:00
Completed: ALTER DATABASE   MOUNT
2026-10-05T22:48:24.578098-04:00
ALTER DATABASE OPEN
2026-10-05T22:48:25.163828-04:00
Beginning crash recovery of 1 threads
 parallel recovery started with 7 processes
Started redo scan
Completed redo scan
 read 83016 KB redo, 796 data blocks need recovery
2026-10-05T22:48:26.926605-04:00
Completed crash recovery at
 Thread 1: RBA 45421.9159.16, nab 9938, scn 0x00000002b56cc164
2026-10-05T22:48:28.827784-04:00
Thread 1 opened at log sequence 45421
  Current log# 2 seq# 45421 mem# 0: /u02/oradata/PRODDB/redo02a.log
Successful open of redo thread 1
2026-10-05T22:48:29.860255-04:00
SMON: enabling cache recovery
2026-10-05T22:48:32.140902-04:00
Starting background process CJQ0
CJQ0 started with pid=52, OS id=28887
2026-10-05T22:48:33.509908-04:00
Completed: ALTER DATABASE OPEN
2026-10-05T23:54:10.299449-04:00
Resize operation completed for file# 12, fname /u02/oradata/PRODDB/sysaux01.dbf, old size 24117248K, new size 24219648K
2026-10-06T00:00:36.685436-04:00
TABLE SYS.WRI$_OPTSTAT_HISTHEAD_HISTORY: ADDED INTERVAL PARTITION SYS_P1187 (44285) VALUES LESS THAN (TO_DATE(' 2026-10-07 00:00:00', 'SYYYY-MM-DD HH24:MI:SS', 'NLS_CALENDAR=GREGORIAN'))
2026-10-06T00:38:50.267519-04:00
Thread 1 advanced to log sequence 45422 (LGWR switch),  current SCN: 11651664440
  Current log# 3 seq# 45422 mem# 0: /u02/oradata/PRODDB/redo03a.log
  Current log# 3 seq# 45422 mem# 1: /u02/oradata/PRODDB/redo03b.log
2026-10-06T00:38:56.094919-04:00
ARC2 (PID:28833): Archived Log entry 89196 added for B-1180943236.T-1.S-45421 ID 0x8a4d5c1e LAD:1
2026-10-06T00:49:54.070559-04:00
Errors in file /u01/app/oracle/diag/rdbms/proddb/PRODDB/trace/PRODDB_j003_42299.trc:
ORA-12012: error on auto execute of job "SYS"."ORA$AT_OS_OPT_SY_1256"
ORA-01013: user requested cancel of current operation
ORA-06512: at "SYS.DBMS_STATS", line 43943
ORA-06512: at "SYS.DBMS_STATS_INTERNAL", line 21688
ORA-06512: at line 1
2026-10-06T01:30:43.551285-04:00
Thread 1 advanced to log sequence 45423 (LGWR switch),  current SCN: 11660069223
  Current log# 4 seq# 45423 mem# 0: /u02/oradata/PRODDB/redo04a.log
  Current log# 4 seq# 45423 mem# 1: /u02/oradata/PRODDB/redo04b.log
2026-10-06T01:31:04.487503-04:00
ARC3 (PID:28864): Archived Log entry 89197 added for B-1180943236.T-1.S-45422 ID 0x8a4d5c1e LAD:1
2026-10-06T01:36:28.065142-04:00
Starting control autobackup
Control autobackup written to DISK device

handle '/u03/fra/PRODDB/autobackup/2026_10_06/o1_mf_s_1253727962_.bkp'
2026-10-06T01:55:30.685280-04:00
Errors in file /u01/app/oracle/diag/rdbms/proddb/PRODDB/trace/PRODDB_lgwr_28825.trc:
ORA-00312: online log 2 thread 1: '/u02/oradata/PRODDB/redo02b.log'
ORA-27037: unable to obtain file status
Linux-x86_64 Error: 2: No such file or directory
Additional information: 7
2026-10-06T02:00:00.700224-04:00
Closing scheduler window
Restoring Resource Manager plan DEFAULT_PLAN via scheduler window
Setting Resource Manager plan DEFAULT_PLAN via parameter
2026-10-06T02:06:12.476121-04:00
Thread 1 advanced to log sequence 45424 (LGWR switch),  current SCN: 11665818708
  Current log# 1 seq# 45424 mem# 0: /u02/oradata/PRODDB/redo01a.log
  Current log# 1 seq# 45424 mem# 1: /u02/oradata/PRODDB/redo01b.log
2026-10-06T02:06:24.288724-04:00
ARC3 (PID:28864): Archived Log entry 89198 added for B-1180943236.T-1.S-45423 ID 0x8a4d5c1e LAD:1
2026-10-06T02:25:02.803028-04:00
ORA-01555 caused by SQL statement below (SQL ID: 0d42vq434y2ku, Query Duration=3848 sec, SCN: 0x00000002b784ce77):
SELECT /*+ PARALLEL(8) */ CODE_COMBINATION_ID, SUM(ACCOUNTED_DR) FROM GL.GL_JE_LINES WHERE PERIOD_NAME = :B1 GROUP BY CODE_COMBINATION_ID
2026-10-06T02:49:00.960632-04:00
Resize operation completed for file# 9, fname /u02/oradata/PRODDB/ar_data01.dbf, old size 32505856K, new size 32608256K
2026-10-06T02:57:04.849387-04:00
Thread 1 advanced to log sequence 45425 (LGWR switch),  current SCN: 11674059384
  Current log# 2 seq# 45425 mem# 0: /u02/oradata/PRODDB/redo02a.log
  Current log# 2 seq# 45425 mem# 1: /u02/oradata/PRODDB/redo02b.log
2026-10-06T02:57:30.513282-04:00
ARC3 (PID:28864): Archived Log entry 89199 added for B-1180943236.T-1.S-45424 ID 0x8a4d5c1e LAD:1
2026-10-06T03:03:18.003642-04:00
Errors in file /u01/app/oracle/diag/rdbms/proddb/PRODDB/trace/PRODDB_ora_56710.trc:
ORA-01113: file 8 needs media recovery
ORA-01110: data file 8: '/u02/oradata/PRODDB/apps_ts_media01.dbf'
2026-10-06T03:40:29.784056-04:00
Resize operation completed for file# 7, fname /u02/oradata/PRODDB/users01.dbf, old size 28311552K, new size 28413952K
2026-10-06T03:56:07.157661-04:00
Thread 1 advanced to log sequence 45426 (LGWR switch),  current SCN: 11683623038
  Current log# 3 seq# 45426 mem# 0: /u02/oradata/PRODDB/redo03a.log
  Current log# 3 seq# 45426 mem# 1: /u02/oradata/PRODDB/redo03b.log
2026-10-06T03:56:33.139774-04:00
ARC1 (PID:28832): Archived Log entry 89200 added for B-1180943236.T-1.S-45425 ID 0x8a4d5c1e LAD:1
2026-10-06T04:48:25.930903-04:00
Thread 1 advanced to log sequence 45427 (LGWR switch),  current SCN: 11692098246
  Current log# 4 seq# 45427 mem# 0: /u02/oradata/PRODDB/redo04a.log
  Current log# 4 seq# 45427 mem# 1: /u02/oradata/PRODDB/redo04b.log
2026-10-06T04:49:03.819095-04:00
ARC3 (PID:28864): Archived Log entry 89201 added for B-1180943236.T-1.S-45426 ID 0x8a4d5c1e LAD:1
2026-10-06T05:30:34.483000-04:00
TT00 (PID:28851): Error 12514 received logging on to the standby
Errors in file /u01/app/oracle/diag/rdbms/proddb/PRODDB/trace/PRODDB_tt00_28851.trc:
ORA-12514: TNS:listener does not currently know of service requested in connect descriptor
2026-10-06T05:34:01.162656-04:00
TT00 (PID:28851): Attempting LAD:2 network reconnect (12514)
TT00 (PID:28851): LAD:2 network reconnect successful
2026-10-06T06:12:57.300048-04:00
Thread 1 advanced to log sequence 45428 (LGWR switch),  current SCN: 11705790272
  Current log# 1 seq# 45428 mem# 0: /u02/oradata/PRODDB/redo01a.log
  Current log# 1 seq# 45428 mem# 1: /u02/oradata/PRODDB/redo01b.log
2026-10-06T06:13:07.747909-04:00
ARC0 (PID:28831): Archived Log entry 89202 added for B-1180943236.T-1.S-45427 ID 0x8a4d5c1e LAD:1
2026-10-06T07:11:35.533408-04:00
Thread 1 advanced to log sequence 45429 (LGWR switch),  current SCN: 11715289016
  Current log# 2 seq# 45429 mem# 0: /u02/oradata/PRODDB/redo02a.log
  Current log# 2 seq# 45429 mem# 1: /u02/oradata/PRODDB/redo02b.log
2026-10-06T07:12:13.684456-04:00
ARC2 (PID:28833): Archived Log entry 89203 added for B-1180943236.T-1.S-45428 ID 0x8a4d5c1e LAD:1
2026-10-06T08:08:31.514570-04:00
Thread 1 advanced to log sequence 45430 (LGWR switch),  current SCN: 11724512710
  Current log# 3 seq# 45430 mem# 0: /u02/oradata/PRODDB/redo03a.log
  Current log# 3 seq# 45430 mem# 1: /u02/oradata/PRODDB/redo03b.log
2026-10-06T08:09:05.925052-04:00
ARC3 (PID:28864): Archived Log entry 89204 added for B-1180943236.T-1.S-45429 ID 0x8a4d5c1e LAD:1
2026-10-06T08:19:20.159681-04:00
Thread 1 advanced to log sequence 45431 (LGWR switch),  current SCN: 11726264815
  Current log# 4 seq# 45431 mem# 0: /u02/oradata/PRODDB/redo04a.log
  Current log# 4 seq# 45431 mem# 1: /u02/oradata/PRODDB/redo04b.log
2026-10-06T08:19:56.289650-04:00
ARC3 (PID:28864): Archived Log entry 89205 added for B-1180943236.T-1.S-45430 ID 0x8a4d5c1e LAD:1
2026-10-06T08:32:00.812951-04:00
Thread 1 advanced to log sequence 45432 (LGWR switch),  current SCN: 11728319126
  Current log# 1 seq# 45432 mem# 0: /u02/oradata/PRODDB/redo01a.log
  Current log# 1 seq# 45432 mem# 1: /u02/oradata/PRODDB/redo01b.log
2026-10-06T08:32:43.000383-04:00
ARC2 (PID:28833): Archived Log entry 89206 added for B-1180943236.T-1.S-45431 ID 0x8a4d5c1e LAD:1
2026-10-06T08:44:56.943823-04:00
Thread 1 advanced to log sequence 45433 (LGWR switch),  current SCN: 11730412982
  Current log# 2 seq# 45433 mem# 0: /u02/oradata/PRODDB/redo02a.log
  Current log# 2 seq# 45433 mem# 1: /u02/oradata/PRODDB/redo02b.log
2026-10-06T08:45:36.521304-04:00
ARC2 (PID:28833): Archived Log entry 89207 added for B-1180943236.T-1.S-45432 ID 0x8a4d5c1e LAD:1
2026-10-06T09:04:04.582417-04:00
Thread 1 advanced to log sequence 45434 (LGWR switch),  current SCN: 11733512312
  Current log# 3 seq# 45434 mem# 0: /u02/oradata/PRODDB/redo03a.log
  Current log# 3 seq# 45434 mem# 1: /u02/oradata/PRODDB/redo03b.log
2026-10-06T09:04:37.924150-04:00
ARC2 (PID:28833): Archived Log entry 89208 added for B-1180943236.T-1.S-45433 ID 0x8a4d5c1e LAD:1
2026-10-06T09:14:22.151616-04:00
Thread 1 advanced to log sequence 45435 (LGWR switch),  current SCN: 11735180826
  Current log# 4 seq# 45435 mem# 0: /u02/oradata/PRODDB/redo04a.log
  Current log# 4 seq# 45435 mem# 1: /u02/oradata/PRODDB/redo04b.log
2026-10-06T09:15:02.359311-04:00
ARC3 (PID:28864): Archived Log entry 89209 added for B-1180943236.T-1.S-45434 ID 0x8a4d5c1e LAD:1
2026-10-06T09:38:43.253353-04:00
Thread 1 advanced to log sequence 45436 (LGWR switch),  current SCN: 11739124163
  Current log# 1 seq# 45436 mem# 0: /u02/oradata/PRODDB/redo01a.log
  Current log# 1 seq# 45436 mem# 1: /u02/oradata/PRODDB/redo01b.log
2026-10-06T09:39:24.029530-04:00
ARC0 (PID:28831): Archived Log entry 89210 added for B-1180943236.T-1.S-45435 ID 0x8a4d5c1e LAD:1
2026-10-06T09:53:16.064758-04:00

***********************************************************************

Fatal NI connect error 12537, connecting to:
 (LOCAL=NO)

  VERSION INFORMATION:
	TNS for Linux: Version 19.0.0.0.0 - Production
	TCP/IP NT Protocol Adapter for Linux: Version 19.0.0.0.0 - Production
  Version 19.24.0.0.0
  Time: 06-OCT-2026 09:53:16
  Tracing not turned on.
  Tns error struct:
    ns main err code: 12537

TNS-12537: TNS:connection closed
    ns secondary err code: 12560
    nt main err code: 0
    nt secondary err code: 0
    nt OS err code: 0
  Client address: (ADDRESS=(PROTOCOL=tcp)(HOST=10.20.235.145)(PORT=37353))
2026-10-06T09:53:30.118623-04:00
Thread 1 advanced to log sequence 45437 (LGWR switch),  current SCN: 11741518449
  Current log# 2 seq# 45437 mem# 0: /u02/oradata/PRODDB/redo02a.log
  Current log# 2 seq# 45437 mem# 1: /u02/oradata/PRODDB/redo02b.log
2026-10-06T09:54:18.358608-04:00
ARC1 (PID:28832): Archived Log entry 89211 added for B-1180943236.T-1.S-45436 ID 0x8a4d5c1e LAD:1
2026-10-06T10:02:43.229021-04:00
opiodr aborting process unknown ospid (56106) as a result of ORA-609
2026-10-06T10:14:00.169478-04:00
Thread 1 advanced to log sequence 45438 (LGWR switch),  current SCN: 11744840003
  Current log# 3 seq# 45438 mem# 0: /u02/oradata/PRODDB/redo03a.log
  Current log# 3 seq# 45438 mem# 1: /u02/oradata/PRODDB/redo03b.log
2026-10-06T10:14:12.371472-04:00
ARC3 (PID:28864): Archived Log entry 89212 added for B-1180943236.T-1.S-45437 ID 0x8a4d5c1e LAD:1
2026-10-06T10:36:02.894996-04:00
Thread 1 cannot allocate new log, sequence 45439
Checkpoint not complete
  Current log# 3 seq# 45438 mem# 0: /u02/oradata/PRODDB/redo03a.log
2026-10-06T10:36:14.714802-04:00
Thread 1 advanced to log sequence 45439 (LGWR switch),  current SCN: 11748445003
  Current log# 4 seq# 45439 mem# 0: /u02/oradata/PRODDB/redo04a.log
  Current log# 4 seq# 45439 mem# 1: /u02/oradata/PRODDB/redo04b.log
2026-10-06T10:36:38.134067-04:00
ARC3 (PID:28864): Archived Log entry 89213 added for B-1180943236.T-1.S-45438 ID 0x8a4d5c1e LAD:1
2026-10-06T10:48:58.671015-04:00
Thread 1 advanced to log sequence 45440 (LGWR switch),  current SCN: 11750506576
  Current log# 1 seq# 45440 mem# 0: /u02/oradata/PRODDB/redo01a.log
  Current log# 1 seq# 45440 mem# 1: /u02/oradata/PRODDB/redo01b.log
2026-10-06T10:49:49.003440-04:00
ARC3 (PID:28864): Archived Log entry 89214 added for B-1180943236.T-1.S-45439 ID 0x8a4d5c1e LAD:1
2026-10-06T11:00:05.721906-04:00
Thread 1 advanced to log sequence 45441 (LGWR switch),  current SCN: 11752308189
  Current log# 2 seq# 45441 mem# 0: /u02/oradata/PRODDB/redo02a.log
  Current log# 2 seq# 45441 mem# 1: /u02/oradata/PRODDB/redo02b.log
2026-10-06T11:00:51.006101-04:00
ARC2 (PID:28833): Archived Log entry 89215 added for B-1180943236.T-1.S-45440 ID 0x8a4d5c1e LAD:1
2026-10-06T11:04:05.463303-04:00

***********************************************************************

Fatal NI connect error 12537, connecting to:
 (LOCAL=NO)

  VERSION INFORMATION:
	TNS for Linux: Version 19.0.0.0.0 - Production
	TCP/IP NT Protocol Adapter for Linux: Version 19.0.0.0.0 - Production
  Version 19.24.0.0.0
  Time: 06-OCT-2026 11:04:05
  Tracing not turned on.
  Tns error struct:
    ns main err code: 12537

TNS-12537: TNS:connection closed
    ns secondary err code: 12560
    nt main err code: 0
    nt secondary err code: 0
    nt OS err code: 0
  Client address: (ADDRESS=(PROTOCOL=tcp)(HOST=10.20.84.219)(PORT=64101))
2026-10-06T11:19:33.201411-04:00
Thread 1 advanced to log sequence 45442 (LGWR switch),  current SCN: 11755460480
  Current log# 3 seq# 45442 mem# 0: /u02/oradata/PRODDB/redo03a.log
  Current log# 3 seq# 45442 mem# 1: /u02/oradata/PRODDB/redo03b.log
2026-10-06T11:20:10.378772-04:00
ARC3 (PID:28864): Archived Log entry 89216 added for B-1180943236.T-1.S-45441 ID 0x8a4d5c1e LAD:1
2026-10-06T11:39:23.904695-04:00
Thread 1 advanced to log sequence 45443 (LGWR switch),  current SCN: 11758673413
  Current log# 4 seq# 45443 mem# 0: /u02/oradata/PRODDB/redo04a.log
  Current log# 4 seq# 45443 mem# 1: /u02/oradata/PRODDB/redo04b.log
2026-10-06T11:40:05.502593-04:00
ARC2 (PID:28833): Archived Log entry 89217 added for B-1180943236.T-1.S-45442 ID 0x8a4d5c1e LAD:1
2026-10-06T11:47:46.751742-04:00

***********************************************************************

Fatal NI connect error 12537, connecting to:
 (LOCAL=NO)

  VERSION INFORMATION:
	TNS for Linux: Version 19.0.0.0.0 - Production
	TCP/IP NT Protocol Adapter for Linux: Version 19.0.0.0.0 - Production
  Version 19.24.0.0.0
  Time: 06-OCT-2026 11:47:46
  Tracing not turned on.
  Tns error struct:
    ns main err code: 12537

TNS-12537: TNS:connection closed
    ns secondary err code: 12560
    nt main err code: 0
    nt secondary err code: 0
    nt OS err code: 0
  Client address: (ADDRESS=(PROTOCOL=tcp)(HOST=10.20.30.175)(PORT=43461))
2026-10-06T11:52:51.225393-04:00
Thread 1 advanced to log sequence 45444 (LGWR switch),  current SCN: 11760854055
  Current log# 1 seq# 45444 mem# 0: /u02/oradata/PRODDB/redo01a.log
  Current log# 1 seq# 45444 mem# 1: /u02/oradata/PRODDB/redo01b.log
2026-10-06T11:53:08.627416-04:00
ARC2 (PID:28833): Archived Log entry 89218 added for B-1180943236.T-1.S-45443 ID 0x8a4d5c1e LAD:1
2026-10-06T12:01:57.211976-04:00

***********************************************************************

Fatal NI connect error 12537, connecting to:
 (LOCAL=NO)

  VERSION INFORMATION:
	TNS for Linux: Version 19.0.0.0.0 - Production
	TCP/IP NT Protocol Adapter for Linux: Version 19.0.0.0.0 - Production
  Version 19.24.0.0.0
  Time: 06-OCT-2026 12:01:57
  Tracing not turned on.
  Tns error struct:
    ns main err code: 12537

TNS-12537: TNS:connection closed
    ns secondary err code: 12560
    nt main err code: 0
    nt secondary err code: 0
    nt OS err code: 0
  Client address: (ADDRESS=(PROTOCOL=tcp)(HOST=10.20.213.141)(PORT=63127))
2026-10-06T12:20:21.686717-04:00
Thread 1 advanced to log sequence 45445 (LGWR switch),  current SCN: 11765311062
  Current log# 2 seq# 45445 mem# 0: /u02/oradata/PRODDB/redo02a.log
  Current log# 2 seq# 45445 mem# 1: /u02/oradata/PRODDB/redo02b.log
2026-10-06T12:21:09.122908-04:00
ARC1 (PID:28832): Archived Log entry 89219 added for B-1180943236.T-1.S-45444 ID 0x8a4d5c1e LAD:1
2026-10-06T12:39:10.094714-04:00
Thread 1 advanced to log sequence 45446 (LGWR switch),  current SCN: 11768356995
  Current log# 3 seq# 45446 mem# 0: /u02/oradata/PRODDB/redo03a.log
  Current log# 3 seq# 45446 mem# 1: /u02/oradata/PRODDB/redo03b.log
2026-10-06T12:39:30.634795-04:00
ARC2 (PID:28833): Archived Log entry 89220 added for B-1180943236.T-1.S-45445 ID 0x8a4d5c1e LAD:1
2026-10-06T12:59:29.801221-04:00
Thread 1 advanced to log sequence 45447 (LGWR switch),  current SCN: 11771649254
  Current log# 4 seq# 45447 mem# 0: /u02/oradata/PRODDB/redo04a.log
  Current log# 4 seq# 45447 mem# 1: /u02/oradata/PRODDB/redo04b.log
2026-10-06T12:59:54.672565-04:00
ARC3 (PID:28864): Archived Log entry 89221 added for B-1180943236.T-1.S-45446 ID 0x8a4d5c1e LAD:1
2026-10-06T13:23:58.148652-04:00
Thread 1 advanced to log sequence 45448 (LGWR switch),  current SCN: 11775615514
  Current log# 1 seq# 45448 mem# 0: /u02/oradata/PRODDB/redo01a.log
  Current log# 1 seq# 45448 mem# 1: /u02/oradata/PRODDB/redo01b.log
2026-10-06T13:24:23.815944-04:00
ARC0 (PID:28831): Archived Log entry 89222 added for B-1180943236.T-1.S-45447 ID 0x8a4d5c1e LAD:1
2026-10-06T13:41:56.115602-04:00
Thread 1 advanced to log sequence 45449 (LGWR switch),  current SCN: 11778525482
  Current log# 2 seq# 45449 mem# 0: /u02/oradata/PRODDB/redo02a.log
  Current log# 2 seq# 45449 mem# 1: /u02/oradata/PRODDB/redo02b.log
2026-10-06T13:42:11.481421-04:00
ARC1 (PID:28832): Archived Log entry 89223 added for B-1180943236.T-1.S-45448 ID 0x8a4d5c1e LAD:1
2026-10-06T14:01:38.007397-04:00
Thread 1 advanced to log sequence 45450 (LGWR switch),  current SCN: 11781715976
  Current log# 3 seq# 45450 mem# 0: /u02/oradata/PRODDB/redo03a.log
  Current log# 3 seq# 45450 mem# 1: /u02/oradata/PRODDB/redo03b.log
2026-10-06T14:01:48.391941-04:00
ARC2 (PID:28833): Archived Log entry 89224 added for B-1180943236.T-1.S-45449 ID 0x8a4d5c1e LAD:1
2026-10-06T14:22:42.462841-04:00
Thread 1 advanced to log sequence 45451 (LGWR switch),  current SCN: 11785131290
  Current log# 4 seq# 45451 mem# 0: /u02/oradata/PRODDB/redo04a.log
  Current log# 4 seq# 45451 mem# 1: /u02/oradata/PRODDB/redo04b.log
2026-10-06T14:23:28.157760-04:00
ARC0 (PID:28831): Archived Log entry 89225 added for B-1180943236.T-1.S-45450 ID 0x8a4d5c1e LAD:1
2026-10-06T14:42:15.788455-04:00
Thread 1 advanced to log sequence 45452 (LGWR switch),  current SCN: 11788299807
  Current log# 1 seq# 45452 mem# 0: /u02/oradata/PRODDB/redo01a.log
  Current log# 1 seq# 45452 mem# 1: /u02/oradata/PRODDB/redo01b.log
2026-10-06T14:42:45.079752-04:00
ARC0 (PID:28831): Archived Log entry 89226 added for B-1180943236.T-1.S-45451 ID 0x8a4d5c1e LAD:1
2026-10-06T14:44:41.229772-04:00
Resize operation completed for file# 9, fname /u02/oradata/PRODDB/ar_data01.dbf, old size 26214400K, new size 26316800K
2026-10-06T15:05:11.288322-04:00
Thread 1 advanced to log sequence 45453 (LGWR switch),  current SCN: 11792011623
  Current log# 2 seq# 45453 mem# 0: /u02/oradata/PRODDB/redo02a.log
  Current log# 2 seq# 45453 mem# 1: /u02/oradata/PRODDB/redo02b.log
2026-10-06T15:05:14.057202-04:00
ARC1 (PID:28832): Archived Log entry 89227 added for B-1180943236.T-1.S-45452 ID 0x8a4d5c1e LAD:1
2026-10-06T15:32:47.308292-04:00
Thread 1 advanced to log sequence 45454 (LGWR switch),  current SCN: 11796483210
  Current log# 3 seq# 45454 mem# 0: /u02/oradata/PRODDB/redo03a.log
  Current log# 3 seq# 45454 mem# 1: /u02/oradata/PRODDB/redo03b.log
2026-10-06T15:33:20.305824-04:00
ARC3 (PID:28864): Archived Log entry 89228 added for B-1180943236.T-1.S-45453 ID 0x8a4d5c1e LAD:1
2026-10-06T15:46:22.372906-04:00
Thread 1 advanced to log sequence 45455 (LGWR switch),  current SCN: 11798684824
  Current log# 4 seq# 45455 mem# 0: /u02/oradata/PRODDB/redo04a.log
  Current log# 4 seq# 45455 mem# 1: /u02/oradata/PRODDB/redo04b.log
2026-10-06T15:47:06.098174-04:00
ARC2 (PID:28833): Archived Log entry 89229 added for B-1180943236.T-1.S-45454 ID 0x8a4d5c1e LAD:1
2026-10-06T16:12:43.210075-04:00
Thread 1 advanced to log sequence 45456 (LGWR switch),  current SCN: 11802952368
  Current log# 1 seq# 45456 mem# 0: /u02/oradata/PRODDB/redo01a.log
  Current log# 1 seq# 45456 mem# 1: /u02/oradata/PRODDB/redo01b.log
2026-10-06T16:13:20.382621-04:00
ARC1 (PID:28832): Archived Log entry 89230 added for B-1180943236.T-1.S-45455 ID 0x8a4d5c1e LAD:1
2026-10-06T16:31:20.696353-04:00
opiodr aborting process unknown ospid (54559) as a result of ORA-609
2026-10-06T16:35:44.532736-04:00
Thread 1 advanced to log sequence 45457 (LGWR switch),  current SCN: 11806680979
  Current log# 2 seq# 45457 mem# 0: /u02/oradata/PRODDB/redo02a.log
  Current log# 2 seq# 45457 mem# 1: /u02/oradata/PRODDB/redo02b.log
2026-10-06T16:36:13.500246-04:00
ARC1 (PID:28832): Archived Log entry 89231 added for B-1180943236.T-1.S-45456 ID 0x8a4d5c1e LAD:1
2026-10-06T17:00:48.226531-04:00
Thread 1 advanced to log sequence 45458 (LGWR switch),  current SCN: 11810743435
  Current log# 3 seq# 45458 mem# 0: /u02/oradata/PRODDB/redo03a.log
  Current log# 3 seq# 45458 mem# 1: /u02/oradata/PRODDB/redo03b.log
2026-10-06T17:01:22.383787-04:00
ARC3 (PID:28864): Archived Log entry 89232 added for B-1180943236.T-1.S-45457 ID 0x8a4d5c1e LAD:1
2026-10-06T17:27:40.696893-04:00
Thread 1 advanced to log sequence 45459 (LGWR switch),  current SCN: 11815094586
  Current log# 4 seq# 45459 mem# 0: /u02/oradata/PRODDB/redo04a.log
  Current log# 4 seq# 45459 mem# 1: /u02/oradata/PRODDB/redo04b.log
2026-10-06T17:27:44.735587-04:00
ARC2 (PID:28833): Archived Log entry 89233 added for B-1180943236.T-1.S-45458 ID 0x8a4d5c1e LAD:1
2026-10-06T17:43:02.963013-04:00
Thread 1 advanced to log sequence 45460 (LGWR switch),  current SCN: 11817584698
  Current log# 1 seq# 45460 mem# 0: /u02/oradata/PRODDB/redo01a.log
  Current log# 1 seq# 45460 mem# 1: /u02/oradata/PRODDB/redo01b.log
2026-10-06T17:43:23.465877-04:00
ARC2 (PID:28833): Archived Log entry 89234 added for B-1180943236.T-1.S-45459 ID 0x8a4d5c1e LAD:1
2026-10-06T18:10:50.734790-04:00
Thread 1 advanced to log sequence 45461 (LGWR switch),  current SCN: 11822088912
  Current log# 2 seq# 45461 mem# 0: /u02/oradata/PRODDB/redo02a.log
  Current log# 2 seq# 45461 mem# 1: /u02/oradata/PRODDB/redo02b.log
2026-10-06T18:11:25.707641-04:00
ARC1 (PID:28832): Archived Log entry 89235 added for B-1180943236.T-1.S-45460 ID 0x8a4d5c1e LAD:1
2026-10-06T18:25:45.227681-04:00
Thread 1 advanced to log sequence 45462 (LGWR switch),  current SCN: 11824504505
  Current log# 3 seq# 45462 mem# 0: /u02/oradata/PRODDB/redo03a.log
  Current log# 3 seq# 45462 mem# 1: /u02/oradata/PRODDB/redo03b.log
2026-10-06T18:26:34.362140-04:00
ARC1 (PID:28832): Archived Log entry 89236 added for B-1180943236.T-1.S-45461 ID 0x8a4d5c1e LAD:1
2026-10-06T18:47:25.043868-04:00
Thread 1 advanced to log sequence 45463 (LGWR switch),  current SCN: 11828014905
  Current log# 4 seq# 45463 mem# 0: /u02/oradata/PRODDB/redo04a.log
  Current log# 4 seq# 45463 mem# 1: /u02/oradata/PRODDB/redo04b.log
2026-10-06T18:47:46.624461-04:00
ARC2 (PID:28833): Archived Log entry 89237 added for B-1180943236.T-1.S-45462 ID 0x8a4d5c1e LAD:1
2026-10-06T19:09:33.584875-04:00
Thread 1 advanced to log sequence 45464 (LGWR switch),  current SCN: 11831601459
  Current log# 1 seq# 45464 mem# 0: /u02/oradata/PRODDB/redo01a.log
  Current log# 1 seq# 45464 mem# 1: /u02/oradata/PRODDB/redo01b.log
2026-10-06T19:10:16.280065-04:00
ARC1 (PID:28832): Archived Log entry 89238 added for B-1180943236.T-1.S-45463 ID 0x8a4d5c1e LAD:1
2026-10-06T20:22:53.220377-04:00
Thread 1 advanced to log sequence 45465 (LGWR switch),  current SCN: 11843479874
  Current log# 2 seq# 45465 mem# 0: /u02/oradata/PRODDB/redo02a.log
  Current log# 2 seq# 45465 mem# 1: /u02/oradata/PRODDB/redo02b.log
2026-10-06T20:23:28.139046-04:00
ARC3 (PID:28864): Archived Log entry 89239 added for B-1180943236.T-1.S-45464 ID 0x8a4d5c1e LAD:1
2026-10-06T21:03:05.752926-04:00
Thread 1 advanced to log sequence 45466 (LGWR switch),  current SCN: 11849992965
  Current log# 3 seq# 45466 mem# 0: /u02/oradata/PRODDB/redo03a.log
  Current log# 3 seq# 45466 mem# 1: /u02/oradata/PRODDB/redo03b.log
2026-10-06T21:03:19.198603-04:00
ARC0 (PID:28831): Archived Log entry 89240 added for B-1180943236.T-1.S-45465 ID 0x8a4d5c1e LAD:1
2026-10-06T22:00:00.123967-04:00
Setting Resource Manager plan SCHEDULER[0x4D52]:DEFAULT_MAINTENANCE_PLAN via scheduler window
Setting Resource Manager plan DEFAULT_MAINTENANCE_PLAN via parameter
2026-10-06T22:06:44.867200-04:00
Thread 1 advanced to log sequence 45467 (LGWR switch),  current SCN: 11860303818
  Current log# 4 seq# 45467 mem# 0: /u02/oradata/PRODDB/redo04a.log
  Current log# 4 seq# 45467 mem# 1: /u02/oradata/PRODDB/redo04b.log
2026-10-06T22:06:47.159369-04:00
ARC1 (PID:28832): Archived Log entry 89241 added for B-1180943236.T-1.S-45466 ID 0x8a4d5c1e LAD:1
2026-10-06T23:04:45.222158-04:00
Thread 1 advanced to log sequence 45468 (LGWR switch),  current SCN: 11869702162
  Current log# 1 seq# 45468 mem# 0: /u02/oradata/PRODDB/redo01a.log
  Current log# 1 seq# 45468 mem# 1: /u02/oradata/PRODDB/redo01b.log
2026-10-06T23:05:09.070335-04:00
ARC2 (PID:28833): Archived Log entry 89242 added for B-1180943236.T-1.S-45467 ID 0x8a4d5c1e LAD:1
2026-10-07T00:00:36.102430-04:00
TABLE SYS.WRI$_OPTSTAT_HISTHEAD_HISTORY: ADDED INTERVAL PARTITION SYS_P6666 (40879) VALUES LESS THAN (TO_DATE(' 2026-10-08 00:00:00', 'SYYYY-MM-DD HH24:MI:SS', 'NLS_CALENDAR=GREGORIAN'))
2026-10-07T00:08:31.918304-04:00
Thread 1 advanced to log sequence 45469 (LGWR switch),  current SCN: 11880035411
  Current log# 2 seq# 45469 mem# 0: /u02/oradata/PRODDB/redo02a.log
  Current log# 2 seq# 45469 mem# 1: /u02/oradata/PRODDB/redo02b.log
2026-10-07T00:09:13.587764-04:00
ARC3 (PID:28864): Archived Log entry 89243 added for B-1180943236.T-1.S-45468 ID 0x8a4d5c1e LAD:1
2026-10-07T00:40:33.642439-04:00
Errors in file /u01/app/oracle/diag/rdbms/proddb/PRODDB/trace/PRODDB_j001_45096.trc:
ORA-12012: error on auto execute of job "SYS"."ORA$AT_OS_OPT_SY_6816"
ORA-01013: user requested cancel of current operation
ORA-06512: at "SYS.DBMS_STATS", line 42725
ORA-06512: at "SYS.DBMS_STATS_INTERNAL", line 25300
ORA-06512: at line 1
2026-10-07T01:25:43.764698-04:00
Thread 1 advanced to log sequence 45470 (LGWR switch),  current SCN: 11892541353
  Current log# 3 seq# 45470 mem# 0: /u02/oradata/PRODDB/redo03a.log
  Current log# 3 seq# 45470 mem# 1: /u02/oradata/PRODDB/redo03b.log
2026-10-07T01:26:33.760043-04:00
ARC1 (PID:28832): Archived Log entry 89244 added for B-1180943236.T-1.S-45469 ID 0x8a4d5c1e LAD:1
2026-10-07T01:37:52.079710-04:00
Starting control autobackup
Control autobackup written to DISK device

handle '/u03/fra/PRODDB/autobackup/2026_10_07/o1_mf_s_1900520057_.bkp'
2026-10-07T01:45:48.280989-04:00
Resize operation completed for file# 8, fname /u02/oradata/PRODDB/apps_ts_media01.dbf, old size 32505856K, new size 32608256K
2026-10-07T01:46:27.626979-04:00
TT00 (PID:11131): Error 3113 received logging on to the standby
Errors in file /u01/app/oracle/diag/rdbms/proddb/PRODDB/trace/PRODDB_tt00_11131.trc:
ORA-03113: end-of-file on communication channel
2026-10-07T01:51:02.610527-04:00
TT00 (PID:11131): Attempting LAD:2 network reconnect (3113)
TT00 (PID:11131): LAD:2 network reconnect successful
2026-10-07T02:00:00.357137-04:00
Closing scheduler window
Restoring Resource Manager plan DEFAULT_PLAN via scheduler window
Setting Resource Manager plan DEFAULT_PLAN via parameter
2026-10-07T02:24:52.114643-04:00
Thread 1 advanced to log sequence 45471 (LGWR switch),  current SCN: 11902121373
  Current log# 4 seq# 45471 mem# 0: /u02/oradata/PRODDB/redo04a.log
  Current log# 4 seq# 45471 mem# 1: /u02/oradata/PRODDB/redo04b.log
2026-10-07T02:24:58.015863-04:00
ARC1 (PID:28832): Archived Log entry 89245 added for B-1180943236.T-1.S-45470 ID 0x8a4d5c1e LAD:1
2026-10-07T03:14:39.958819-04:00
Errors in file /u01/app/oracle/diag/rdbms/proddb/PRODDB/trace/PRODDB_j002_47982.trc:
ORA-12012: error on auto execute of job "SYS"."ORA$AT_OS_OPT_SY_9796"
ORA-01013: user requested cancel of current operation
ORA-06512: at "SYS.DBMS_STATS", line 49729
ORA-06512: at "SYS.DBMS_STATS_INTERNAL", line 25227
ORA-06512: at line 1
2026-10-07T03:30:06.197291-04:00
Thread 1 advanced to log sequence 45472 (LGWR switch),  current SCN: 11912689240
  Current log# 1 seq# 45472 mem# 0: /u02/oradata/PRODDB/redo01a.log
  Current log# 1 seq# 45472 mem# 1: /u02/oradata/PRODDB/redo01b.log
2026-10-07T03:30:55.498072-04:00
ARC1 (PID:28832): Archived Log entry 89246 added for B-1180943236.T-1.S-45471 ID 0x8a4d5c1e LAD:1
2026-10-07T04:24:14.574246-04:00
Thread 1 advanced to log sequence 45473 (LGWR switch),  current SCN: 11921458984
  Current log# 2 seq# 45473 mem# 0: /u02/oradata/PRODDB/redo02a.log
  Current log# 2 seq# 45473 mem# 1: /u02/oradata/PRODDB/redo02b.log
2026-10-07T04:24:32.263706-04:00
ARC2 (PID:28833): Archived Log entry 89247 added for B-1180943236.T-1.S-45472 ID 0x8a4d5c1e LAD:1
2026-10-07T04:27:21.614334-04:00
Resize operation completed for file# 11, fname /u02/oradata/PRODDB/apps_ts_tx_idx02.dbf, old size 27262976K, new size 27365376K
2026-10-07T04:41:28.000000-04:00
Errors in file /u01/app/oracle/diag/rdbms/proddb/PRODDB/trace/PRODDB_pmon_28819.trc:
ORA-00474: SMON process terminated with error
PMON (ospid: 28819): terminating the instance due to ORA error 474
2026-10-07T04:41:29.000000-04:00
System state dump requested by (instance=1, osid=28819 (PMON)), summary=[abnormal instance termination].
2026-10-07T04:41:31.000000-04:00
Instance terminated by PMON, pid = 28819
2026-10-07T04:46:38.601763-04:00
Starting ORACLE instance (normal) (OS id: 11082)
2026-10-07T04:46:40.167534-04:00
Oracle Database 19c Enterprise Edition Release 19.0.0.0.0 - Production
Version 19.24.0.0.0.
2026-10-07T04:46:43.098667-04:00
Using parameter settings in server-side spfile /u01/app/oracle/product/19.0.0/dbhome_1/dbs/spfilePRODDB.ora
System parameters with non-default values:
  processes                = 1500
  sessions                 = 2272
  sga_target               = 32G
  pga_aggregate_target     = 8G
  db_block_size            = 8192
  compatible               = "19.0.0"
  db_recovery_file_dest    = "/u03/fra"
  db_recovery_file_dest_size= 200G
  undo_tablespace          = "UNDOTBS1"
  db_name                  = "PRODDB"
2026-10-07T04:46:44.716766-04:00
PMON started with pid=2, OS id=11083
CLMN started with pid=3, OS id=11087
PSP0 started with pid=4, OS id=11089
VKTM started with pid=5, OS id=11095
GEN0 started with pid=6, OS id=11095
2026-10-07T04:46:45.469818-04:00
DBW0 started with pid=12, OS id=11103
LGWR started with pid=13, OS id=11101
CKPT started with pid=14, OS id=11111
SMON started with pid=15, OS id=11099
RECO started with pid=16, OS id=11110
MMON started with pid=17, OS id=11113
MMNL started with pid=18, OS id=11105
2026-10-07T04:46:47.617755-04:00
ALTER DATABASE   MOUNT
2026-10-07T04:46:49.853659-04:00
Completed: ALTER DATABASE   MOUNT
2026-10-07T04:46:51.945109-04:00
ALTER DATABASE OPEN
2026-10-07T04:46:54.458418-04:00
Beginning crash recovery of 1 threads
 parallel recovery started with 7 processes
Started redo scan
Completed redo scan
 read 84955 KB redo, 8344 data blocks need recovery
2026-10-07T04:46:56.563725-04:00
Completed crash recovery at
 Thread 1: RBA 45473.4971.16, nab 6339, scn 0x00000002c6ca6d0f
2026-10-07T04:46:59.918039-04:00
Thread 1 opened at log sequence 45473
  Current log# 2 seq# 45473 mem# 0: /u02/oradata/PRODDB/redo02a.log
Successful open of redo thread 1
2026-10-07T04:47:01.749068-04:00
SMON: enabling cache recovery
2026-10-07T04:47:04.345006-04:00
Starting background process CJQ0
CJQ0 started with pid=52, OS id=11134
2026-10-07T04:47:06.104216-04:00
Completed: ALTER DATABASE OPEN
2026-10-07T05:51:49.169526-04:00
Thread 1 advanced to log sequence 45474 (LGWR switch),  current SCN: 11935646215
  Current log# 3 seq# 45474 mem# 0: /u02/oradata/PRODDB/redo03a.log
  Current log# 3 seq# 45474 mem# 1: /u02/oradata/PRODDB/redo03b.log
2026-10-07T05:52:17.792342-04:00
ARC1 (PID:28832): Archived Log entry 89248 added for B-1180943236.T-1.S-45473 ID 0x8a4d5c1e LAD:1
2026-10-07T06:43:19.615119-04:00
Thread 1 advanced to log sequence 45475 (LGWR switch),  current SCN: 11943990711
  Current log# 4 seq# 45475 mem# 0: /u02/oradata/PRODDB/redo04a.log
  Current log# 4 seq# 45475 mem# 1: /u02/oradata/PRODDB/redo04b.log
2026-10-07T06:44:02.743079-04:00
ARC1 (PID:28832): Archived Log entry 89249 added for B-1180943236.T-1.S-45474 ID 0x8a4d5c1e LAD:1
2026-10-07T07:11:27.378666-04:00
Errors in file /u01/app/oracle/diag/rdbms/proddb/PRODDB/trace/PRODDB_ora_53292.trc  (incident=48123):
ORA-04030: out of process memory when trying to allocate 16328 bytes (koh-kghu sessi,pl/sql vc2)
Incident details in: /u01/app/oracle/diag/rdbms/proddb/PRODDB/incident/incdir_48123/PRODDB_ora_53292_i48123.trc
2026-10-07T07:43:57.473150-04:00
Thread 1 advanced to log sequence 45476 (LGWR switch),  current SCN: 11953813101
  Current log# 1 seq# 45476 mem# 0: /u02/oradata/PRODDB/redo01a.log
  Current log# 1 seq# 45476 mem# 1: /u02/oradata/PRODDB/redo01b.log
2026-10-07T07:44:22.940778-04:00
ARC0 (PID:28831): Archived Log entry 89250 added for B-1180943236.T-1.S-45475 ID 0x8a4d5c1e LAD:1
2026-10-07T08:57:33.441228-04:00
Thread 1 advanced to log sequence 45477 (LGWR switch),  current SCN: 11965736133
  Current log# 2 seq# 45477 mem# 0: /u02/oradata/PRODDB/redo02a.log
  Current log# 2 seq# 45477 mem# 1: /u02/oradata/PRODDB/redo02b.log
2026-10-07T08:58:20.327837-04:00
ARC2 (PID:28833): Archived Log entry 89251 added for B-1180943236.T-1.S-45476 ID 0x8a4d5c1e LAD:1
2026-10-07T09:14:54.004011-04:00
Thread 1 advanced to log sequence 45478 (LGWR switch),  current SCN: 11968546617
  Current log# 3 seq# 45478 mem# 0: /u02/oradata/PRODDB/redo03a.log
  Current log# 3 seq# 45478 mem# 1: /u02/oradata/PRODDB/redo03b.log
2026-10-07T09:15:12.701798-04:00
ARC3 (PID:28864): Archived Log entry 89252 added for B-1180943236.T-1.S-45477 ID 0x8a4d5c1e LAD:1
2026-10-07T09:28:57.334675-04:00
Thread 1 advanced to log sequence 45479 (LGWR switch),  current SCN: 11970823721
  Current log# 4 seq# 45479 mem# 0: /u02/oradata/PRODDB/redo04a.log
  Current log# 4 seq# 45479 mem# 1: /u02/oradata/PRODDB/redo04b.log
2026-10-07T09:29:03.773016-04:00
ARC3 (PID:28864): Archived Log entry 89253 added for B-1180943236.T-1.S-45478 ID 0x8a4d5c1e LAD:1
2026-10-07T09:46:23.430736-04:00
Thread 1 advanced to log sequence 45480 (LGWR switch),  current SCN: 11973647089
  Current log# 1 seq# 45480 mem# 0: /u02/oradata/PRODDB/redo01a.log
  Current log# 1 seq# 45480 mem# 1: /u02/oradata/PRODDB/redo01b.log
2026-10-07T09:46:50.129655-04:00
ARC1 (PID:28832): Archived Log entry 89254 added for B-1180943236.T-1.S-45479 ID 0x8a4d5c1e LAD:1
2026-10-07T10:00:58.353208-04:00
Thread 1 advanced to log sequence 45481 (LGWR switch),  current SCN: 11976010656
  Current log# 2 seq# 45481 mem# 0: /u02/oradata/PRODDB/redo02a.log
  Current log# 2 seq# 45481 mem# 1: /u02/oradata/PRODDB/redo02b.log
2026-10-07T10:01:24.367252-04:00
ARC3 (PID:28864): Archived Log entry 89255 added for B-1180943236.T-1.S-45480 ID 0x8a4d5c1e LAD:1
2026-10-07T10:20:36.810716-04:00
Thread 1 advanced to log sequence 45482 (LGWR switch),  current SCN: 11979192570
  Current log# 3 seq# 45482 mem# 0: /u02/oradata/PRODDB/redo03a.log
  Current log# 3 seq# 45482 mem# 1: /u02/oradata/PRODDB/redo03b.log
2026-10-07T10:21:04.463072-04:00
ARC2 (PID:28833): Archived Log entry 89256 added for B-1180943236.T-1.S-45481 ID 0x8a4d5c1e LAD:1
2026-10-07T10:41:21.320981-04:00
Thread 1 cannot allocate new log, sequence 45483
Checkpoint not complete
  Current log# 3 seq# 45482 mem# 0: /u02/oradata/PRODDB/redo03a.log
2026-10-07T10:41:30.967415-04:00
Thread 1 advanced to log sequence 45483 (LGWR switch),  current SCN: 11982576660
  Current log# 4 seq# 45483 mem# 0: /u02/oradata/PRODDB/redo04a.log
  Current log# 4 seq# 45483 mem# 1: /u02/oradata/PRODDB/redo04b.log
2026-10-07T10:42:03.342714-04:00
ARC1 (PID:28832): Archived Log entry 89257 added for B-1180943236.T-1.S-45482 ID 0x8a4d5c1e LAD:1
2026-10-07T11:07:10.108587-04:00
Thread 1 advanced to log sequence 45484 (LGWR switch),  current SCN: 11986732046
  Current log# 1 seq# 45484 mem# 0: /u02/oradata/PRODDB/redo01a.log
  Current log# 1 seq# 45484 mem# 1: /u02/oradata/PRODDB/redo01b.log
2026-10-07T11:07:26.138121-04:00
ARC0 (PID:28831): Archived Log entry 89258 added for B-1180943236.T-1.S-45483 ID 0x8a4d5c1e LAD:1
2026-10-07T11:20:35.164190-04:00
Thread 1 advanced to log sequence 45485 (LGWR switch),  current SCN: 11988906155
  Current log# 2 seq# 45485 mem# 0: /u02/oradata/PRODDB/redo02a.log
  Current log# 2 seq# 45485 mem# 1: /u02/oradata/PRODDB/redo02b.log
2026-10-07T11:20:53.110448-04:00
ARC3 (PID:28864): Archived Log entry 89259 added for B-1180943236.T-1.S-45484 ID 0x8a4d5c1e LAD:1
2026-10-07T11:41:28.094267-04:00
Thread 1 advanced to log sequence 45486 (LGWR switch),  current SCN: 11992288590
  Current log# 3 seq# 45486 mem# 0: /u02/oradata/PRODDB/redo03a.log
  Current log# 3 seq# 45486 mem# 1: /u02/oradata/PRODDB/redo03b.log
2026-10-07T11:42:05.471925-04:00
ARC1 (PID:28832): Archived Log entry 89260 added for B-1180943236.T-1.S-45485 ID 0x8a4d5c1e LAD:1
2026-10-07T11:46:10.373095-04:00
Resize operation completed for file# 9, fname /u02/oradata/PRODDB/ar_data01.dbf, old size 28311552K, new size 28413952K
2026-10-07T12:05:25.249253-04:00
Thread 1 advanced to log sequence 45487 (LGWR switch),  current SCN: 11996169989
  Current log# 4 seq# 45487 mem# 0: /u02/oradata/PRODDB/redo04a.log
  Current log# 4 seq# 45487 mem# 1: /u02/oradata/PRODDB/redo04b.log
2026-10-07T12:05:46.963948-04:00
ARC2 (PID:28833): Archived Log entry 89261 added for B-1180943236.T-1.S-45486 ID 0x8a4d5c1e LAD:1
2026-10-07T12:21:53.594508-04:00
Thread 1 advanced to log sequence 45488 (LGWR switch),  current SCN: 11998838712
  Current log# 1 seq# 45488 mem# 0: /u02/oradata/PRODDB/redo01a.log
  Current log# 1 seq# 45488 mem# 1: /u02/oradata/PRODDB/redo01b.log
2026-10-07T12:22:42.598164-04:00
ARC0 (PID:28831): Archived Log entry 89262 added for B-1180943236.T-1.S-45487 ID 0x8a4d5c1e LAD:1
2026-10-07T12:40:38.091537-04:00

***********************************************************************

Fatal NI connect error 12537, connecting to:
 (LOCAL=NO)

  VERSION INFORMATION:
	TNS for Linux: Version 19.0.0.0.0 - Production
	TCP/IP NT Protocol Adapter for Linux: Version 19.0.0.0.0 - Production
  Version 19.24.0.0.0
  Time: 07-OCT-2026 12:40:38
  Tracing not turned on.
  Tns error struct:
    ns main err code: 12537

TNS-12537: TNS:connection closed
    ns secondary err code: 12560
    nt main err code: 0
    nt secondary err code: 0
    nt OS err code: 0
  Client address: (ADDRESS=(PROTOCOL=tcp)(HOST=10.20.70.27)(PORT=38683))
2026-10-07T12:43:26.798329-04:00

***********************************************************************

Fatal NI connect error 12537, connecting to:
 (LOCAL=NO)

  VERSION INFORMATION:
	TNS for Linux: Version 19.0.0.0.0 - Production
	TCP/IP NT Protocol Adapter for Linux: Version 19.0.0.0.0 - Production
  Version 19.24.0.0.0
  Time: 07-OCT-2026 12:43:26
  Tracing not turned on.
  Tns error struct:
    ns main err code: 12537

TNS-12537: TNS:connection closed
    ns secondary err code: 12560
    nt main err code: 0
    nt secondary err code: 0
    nt OS err code: 0
  Client address: (ADDRESS=(PROTOCOL=tcp)(HOST=10.20.79.114)(PORT=53587))
2026-10-07T12:45:35.878149-04:00
Thread 1 advanced to log sequence 45489 (LGWR switch),  current SCN: 12002679622
  Current log# 2 seq# 45489 mem# 0: /u02/oradata/PRODDB/redo02a.log
  Current log# 2 seq# 45489 mem# 1: /u02/oradata/PRODDB/redo02b.log
2026-10-07T12:45:59.099192-04:00
ARC2 (PID:28833): Archived Log entry 89263 added for B-1180943236.T-1.S-45488 ID 0x8a4d5c1e LAD:1
2026-10-07T12:56:25.815098-04:00
Thread 1 advanced to log sequence 45490 (LGWR switch),  current SCN: 12004432929
  Current log# 3 seq# 45490 mem# 0: /u02/oradata/PRODDB/redo03a.log
  Current log# 3 seq# 45490 mem# 1: /u02/oradata/PRODDB/redo03b.log
2026-10-07T12:56:29.311280-04:00
ARC1 (PID:28832): Archived Log entry 89264 added for B-1180943236.T-1.S-45489 ID 0x8a4d5c1e LAD:1
2026-10-07T13:16:23.369315-04:00
Thread 1 advanced to log sequence 45491 (LGWR switch),  current SCN: 12007666385
  Current log# 4 seq# 45491 mem# 0: /u02/oradata/PRODDB/redo04a.log
  Current log# 4 seq# 45491 mem# 1: /u02/oradata/PRODDB/redo04b.log
2026-10-07T13:16:43.774142-04:00
ARC3 (PID:28864): Archived Log entry 89265 added for B-1180943236.T-1.S-45490 ID 0x8a4d5c1e LAD:1
2026-10-07T13:29:55.098920-04:00
Thread 1 advanced to log sequence 45492 (LGWR switch),  current SCN: 12009858480
  Current log# 1 seq# 45492 mem# 0: /u02/oradata/PRODDB/redo01a.log
  Current log# 1 seq# 45492 mem# 1: /u02/oradata/PRODDB/redo01b.log
2026-10-07T13:30:29.078843-04:00
ARC1 (PID:28832): Archived Log entry 89266 added for B-1180943236.T-1.S-45491 ID 0x8a4d5c1e LAD:1
2026-10-07T13:40:17.108310-04:00

***********************************************************************

Fatal NI connect error 12537, connecting to:
 (LOCAL=NO)

  VERSION INFORMATION:
	TNS for Linux: Version 19.0.0.0.0 - Production
	TCP/IP NT Protocol Adapter for Linux: Version 19.0.0.0.0 - Production
  Version 19.24.0.0.0
  Time: 07-OCT-2026 13:40:17
  Tracing not turned on.
  Tns error struct:
    ns main err code: 12537

TNS-12537: TNS:connection closed
    ns secondary err code: 12560
    nt main err code: 0
    nt secondary err code: 0
    nt OS err code: 0
  Client address: (ADDRESS=(PROTOCOL=tcp)(HOST=10.20.143.132)(PORT=56741))
2026-10-07T13:51:41.747882-04:00
Thread 1 advanced to log sequence 45493 (LGWR switch),  current SCN: 12013387317
  Current log# 2 seq# 45493 mem# 0: /u02/oradata/PRODDB/redo02a.log
  Current log# 2 seq# 45493 mem# 1: /u02/oradata/PRODDB/redo02b.log
2026-10-07T13:52:31.150921-04:00
ARC3 (PID:28864): Archived Log entry 89267 added for B-1180943236.T-1.S-45492 ID 0x8a4d5c1e LAD:1
2026-10-07T14:15:01.008041-04:00
Thread 1 advanced to log sequence 45494 (LGWR switch),  current SCN: 12017163974
  Current log# 3 seq# 45494 mem# 0: /u02/oradata/PRODDB/redo03a.log
  Current log# 3 seq# 45494 mem# 1: /u02/oradata/PRODDB/redo03b.log
2026-10-07T14:15:13.386431-04:00
ARC2 (PID:28833): Archived Log entry 89268 added for B-1180943236.T-1.S-45493 ID 0x8a4d5c1e LAD:1
2026-10-07T14:37:59.139725-04:00
Thread 1 advanced to log sequence 45495 (LGWR switch),  current SCN: 12020884408
  Current log# 4 seq# 45495 mem# 0: /u02/oradata/PRODDB/redo04a.log
  Current log# 4 seq# 45495 mem# 1: /u02/oradata/PRODDB/redo04b.log
2026-10-07T14:38:34.213753-04:00
ARC0 (PID:28831): Archived Log entry 89269 added for B-1180943236.T-1.S-45494 ID 0x8a4d5c1e LAD:1
2026-10-07T15:03:05.229990-04:00
Thread 1 advanced to log sequence 45496 (LGWR switch),  current SCN: 12024951132
  Current log# 1 seq# 45496 mem# 0: /u02/oradata/PRODDB/redo01a.log
  Current log# 1 seq# 45496 mem# 1: /u02/oradata/PRODDB/redo01b.log
2026-10-07T15:03:07.804684-04:00
ARC0 (PID:28831): Archived Log entry 89270 added for B-1180943236.T-1.S-45495 ID 0x8a4d5c1e LAD:1
2026-10-07T15:15:32.934382-04:00
Thread 1 advanced to log sequence 45497 (LGWR switch),  current SCN: 12026972057
  Current log# 2 seq# 45497 mem# 0: /u02/oradata/PRODDB/redo02a.log
  Current log# 2 seq# 45497 mem# 1: /u02/oradata/PRODDB/redo02b.log
2026-10-07T15:15:36.092457-04:00
ARC1 (PID:28832): Archived Log entry 89271 added for B-1180943236.T-1.S-45496 ID 0x8a4d5c1e LAD:1
2026-10-07T15:19:22.406637-04:00
ORA-1654: unable to extend index GL.GL_JE_LINES_N1 by 1024 in tablespace APPS_TS_TX_IDX
2026-10-07T15:28:57.196519-04:00
ORA-1654: unable to extend index GL.GL_JE_LINES_N1 by 8192 in tablespace APPS_TS_TX_IDX
2026-10-07T15:34:39.702513-04:00
Thread 1 advanced to log sequence 45498 (LGWR switch),  current SCN: 12030066774
  Current log# 3 seq# 45498 mem# 0: /u02/oradata/PRODDB/redo03a.log
  Current log# 3 seq# 45498 mem# 1: /u02/oradata/PRODDB/redo03b.log
2026-10-07T15:35:24.566218-04:00
ARC3 (PID:28864): Archived Log entry 89272 added for B-1180943236.T-1.S-45497 ID 0x8a4d5c1e LAD:1
2026-10-07T15:37:40.345617-04:00
ALTER TABLESPACE APPS_TS_TX_IDX ADD DATAFILE '/u02/oradata/PRODDB/apps_ts_tx_idx04.dbf' SIZE 30G AUTOEXTEND ON NEXT 1G MAXSIZE UNLIMITED
2026-10-07T15:39:05.923694-04:00
Completed: ALTER TABLESPACE APPS_TS_TX_IDX ADD DATAFILE '/u02/oradata/PRODDB/apps_ts_tx_idx04.dbf' SIZE 30G AUTOEXTEND ON NEXT 1G MAXSIZE UNLIMITED
2026-10-07T15:44:56.476293-04:00
Thread 1 advanced to log sequence 45499 (LGWR switch),  current SCN: 12031732648
  Current log# 4 seq# 45499 mem# 0: /u02/oradata/PRODDB/redo04a.log
  Current log# 4 seq# 45499 mem# 1: /u02/oradata/PRODDB/redo04b.log
2026-10-07T15:45:00.600108-04:00
ARC0 (PID:28831): Archived Log entry 89273 added for B-1180943236.T-1.S-45498 ID 0x8a4d5c1e LAD:1
2026-10-07T16:07:56.313727-04:00
Thread 1 advanced to log sequence 45500 (LGWR switch),  current SCN: 12035458562
  Current log# 1 seq# 45500 mem# 0: /u02/oradata/PRODDB/redo01a.log
  Current log# 1 seq# 45500 mem# 1: /u02/oradata/PRODDB/redo01b.log
2026-10-07T16:08:31.865770-04:00
ARC0 (PID:28831): Archived Log entry 89274 added for B-1180943236.T-1.S-45499 ID 0x8a4d5c1e LAD:1
2026-10-07T16:30:30.686274-04:00
Thread 1 advanced to log sequence 45501 (LGWR switch),  current SCN: 12039113519
  Current log# 2 seq# 45501 mem# 0: /u02/oradata/PRODDB/redo02a.log
  Current log# 2 seq# 45501 mem# 1: /u02/oradata/PRODDB/redo02b.log
2026-10-07T16:30:39.663558-04:00
ARC1 (PID:28832): Archived Log entry 89275 added for B-1180943236.T-1.S-45500 ID 0x8a4d5c1e LAD:1
2026-10-07T16:42:13.921171-04:00
Thread 1 advanced to log sequence 45502 (LGWR switch),  current SCN: 12041014370
  Current log# 3 seq# 45502 mem# 0: /u02/oradata/PRODDB/redo03a.log
  Current log# 3 seq# 45502 mem# 1: /u02/oradata/PRODDB/redo03b.log
2026-10-07T16:42:39.000226-04:00
ARC2 (PID:28833): Archived Log entry 89276 added for B-1180943236.T-1.S-45501 ID 0x8a4d5c1e LAD:1
2026-10-07T17:06:32.676905-04:00
Thread 1 advanced to log sequence 45503 (LGWR switch),  current SCN: 12044952405
  Current log# 4 seq# 45503 mem# 0: /u02/oradata/PRODDB/redo04a.log
  Current log# 4 seq# 45503 mem# 1: /u02/oradata/PRODDB/redo04b.log
2026-10-07T17:07:11.506176-04:00
ARC3 (PID:28864): Archived Log entry 89277 added for B-1180943236.T-1.S-45502 ID 0x8a4d5c1e LAD:1
2026-10-07T17:34:22.420098-04:00
Thread 1 advanced to log sequence 45504 (LGWR switch),  current SCN: 12049459924
  Current log# 1 seq# 45504 mem# 0: /u02/oradata/PRODDB/redo01a.log
  Current log# 1 seq# 45504 mem# 1: /u02/oradata/PRODDB/redo01b.log
2026-10-07T17:35:06.602737-04:00
ARC0 (PID:28831): Archived Log entry 89278 added for B-1180943236.T-1.S-45503 ID 0x8a4d5c1e LAD:1
2026-10-07T17:55:33.986524-04:00
Thread 1 cannot allocate new log, sequence 45505
Checkpoint not complete
  Current log# 1 seq# 45504 mem# 0: /u02/oradata/PRODDB/redo01a.log
2026-10-07T17:56:03.984327-04:00
Thread 1 advanced to log sequence 45505 (LGWR switch),  current SCN: 12052975016
  Current log# 2 seq# 45505 mem# 0: /u02/oradata/PRODDB/redo02a.log
  Current log# 2 seq# 45505 mem# 1: /u02/oradata/PRODDB/redo02b.log
2026-10-07T17:56:10.256515-04:00
ARC3 (PID:28864): Archived Log entry 89279 added for B-1180943236.T-1.S-45504 ID 0x8a4d5c1e LAD:1
2026-10-07T18:06:14.319162-04:00
Thread 1 advanced to log sequence 45506 (LGWR switch),  current SCN: 12054622573
  Current log# 3 seq# 45506 mem# 0: /u02/oradata/PRODDB/redo03a.log
  Current log# 3 seq# 45506 mem# 1: /u02/oradata/PRODDB/redo03b.log
2026-10-07T18:06:58.617501-04:00
ARC3 (PID:28864): Archived Log entry 89280 added for B-1180943236.T-1.S-45505 ID 0x8a4d5c1e LAD:1
2026-10-07T18:22:11.667283-04:00
Thread 1 advanced to log sequence 45507 (LGWR switch),  current SCN: 12057208558
  Current log# 4 seq# 45507 mem# 0: /u02/oradata/PRODDB/redo04a.log
  Current log# 4 seq# 45507 mem# 1: /u02/oradata/PRODDB/redo04b.log
2026-10-07T18:22:28.788975-04:00
ARC0 (PID:28831): Archived Log entry 89281 added for B-1180943236.T-1.S-45506 ID 0x8a4d5c1e LAD:1
2026-10-07T18:31:27.309727-04:00
Resize operation completed for file# 11, fname /u02/oradata/PRODDB/apps_ts_tx_idx02.dbf, old size 22020096K, new size 22122496K
2026-10-07T18:48:25.536401-04:00
Thread 1 advanced to log sequence 45508 (LGWR switch),  current SCN: 12061456670
  Current log# 1 seq# 45508 mem# 0: /u02/oradata/PRODDB/redo01a.log
  Current log# 1 seq# 45508 mem# 1: /u02/oradata/PRODDB/redo01b.log
2026-10-07T18:48:44.990908-04:00
ARC3 (PID:28864): Archived Log entry 89282 added for B-1180943236.T-1.S-45507 ID 0x8a4d5c1e LAD:1
2026-10-07T19:15:03.751768-04:00
Thread 1 advanced to log sequence 45509 (LGWR switch),  current SCN: 12065771519
  Current log# 2 seq# 45509 mem# 0: /u02/oradata/PRODDB/redo02a.log
  Current log# 2 seq# 45509 mem# 1: /u02/oradata/PRODDB/redo02b.log
2026-10-07T19:15:40.624975-04:00
ARC2 (PID:28833): Archived Log entry 89283 added for B-1180943236.T-1.S-45508 ID 0x8a4d5c1e LAD:1
2026-10-07T20:29:32.415425-04:00
Thread 1 advanced to log sequence 45510 (LGWR switch),  current SCN: 12077838340
  Current log# 3 seq# 45510 mem# 0: /u02/oradata/PRODDB/redo03a.log
  Current log# 3 seq# 45510 mem# 1: /u02/oradata/PRODDB/redo03b.log
2026-10-07T20:29:36.444580-04:00
ARC2 (PID:28833): Archived Log entry 89284 added for B-1180943236.T-1.S-45509 ID 0x8a4d5c1e LAD:1
2026-10-07T21:39:46.346129-04:00
Thread 1 advanced to log sequence 45511 (LGWR switch),  current SCN: 12089214331
  Current log# 4 seq# 45511 mem# 0: /u02/oradata/PRODDB/redo04a.log
  Current log# 4 seq# 45511 mem# 1: /u02/oradata/PRODDB/redo04b.log
2026-10-07T21:39:52.871148-04:00
ARC3 (PID:28864): Archived Log entry 89285 added for B-1180943236.T-1.S-45510 ID 0x8a4d5c1e LAD:1
2026-10-07T22:00:00.634565-04:00
Setting Resource Manager plan SCHEDULER[0x4D52]:DEFAULT_MAINTENANCE_PLAN via scheduler window
Setting Resource Manager plan DEFAULT_MAINTENANCE_PLAN via parameter
2026-10-07T22:24:30.630390-04:00
Thread 1 advanced to log sequence 45512 (LGWR switch),  current SCN: 12096463348
  Current log# 1 seq# 45512 mem# 0: /u02/oradata/PRODDB/redo01a.log
  Current log# 1 seq# 45512 mem# 1: /u02/oradata/PRODDB/redo01b.log
2026-10-07T22:25:17.318312-04:00
ARC3 (PID:28864): Archived Log entry 89286 added for B-1180943236.T-1.S-45511 ID 0x8a4d5c1e LAD:1
2026-10-07T23:31:56.805480-04:00
Thread 1 advanced to log sequence 45513 (LGWR switch),  current SCN: 12107387615
  Current log# 2 seq# 45513 mem# 0: /u02/oradata/PRODDB/redo02a.log
  Current log# 2 seq# 45513 mem# 1: /u02/oradata/PRODDB/redo02b.log
2026-10-07T23:32:44.162329-04:00
ARC1 (PID:28832): Archived Log entry 89287 added for B-1180943236.T-1.S-45512 ID 0x8a4d5c1e LAD:1
2026-10-08T00:00:36.000708-04:00
TABLE SYS.WRI$_OPTSTAT_HISTHEAD_HISTORY: ADDED INTERVAL PARTITION SYS_P8230 (47479) VALUES LESS THAN (TO_DATE(' 2026-10-09 00:00:00', 'SYYYY-MM-DD HH24:MI:SS', 'NLS_CALENDAR=GREGORIAN'))
2026-10-08T00:06:33.699420-04:00
Thread 1 advanced to log sequence 45514 (LGWR switch),  current SCN: 12112994489
  Current log# 3 seq# 45514 mem# 0: /u02/oradata/PRODDB/redo03a.log
  Current log# 3 seq# 45514 mem# 1: /u02/oradata/PRODDB/redo03b.log
2026-10-08T00:06:57.857964-04:00
ARC3 (PID:11143): Archived Log entry 89288 added for B-1180943236.T-1.S-45513 ID 0x8a4d5c1e LAD:1
2026-10-08T01:07:22.674074-04:00
Thread 1 advanced to log sequence 45515 (LGWR switch),  current SCN: 12122848517
  Current log# 4 seq# 45515 mem# 0: /u02/oradata/PRODDB/redo04a.log
  Current log# 4 seq# 45515 mem# 1: /u02/oradata/PRODDB/redo04b.log
2026-10-08T01:07:41.895799-04:00
ARC0 (PID:11131): Archived Log entry 89289 added for B-1180943236.T-1.S-45514 ID 0x8a4d5c1e LAD:1
2026-10-08T01:28:55.757524-04:00
ORA-01555 caused by SQL statement below (SQL ID: 566nrm8s8940a, Query Duration=8110 sec, SCN: 0x00000002d2c93b23):
SELECT H.HEADER_ID, L.LINE_ID, L.ORDERED_QUANTITY FROM ONT.OE_ORDER_HEADERS_ALL H, ONT.OE_ORDER_LINES_ALL L WHERE H.HEADER_ID = L.HEADER_ID AND H.CREATION_DATE > :B1
2026-10-08T01:47:51.212146-04:00
Starting control autobackup
Control autobackup written to DISK device

handle '/u03/fra/PRODDB/autobackup/2026_10_08/o1_mf_s_1459346003_.bkp'
2026-10-08T02:00:00.722040-04:00
Closing scheduler window
Restoring Resource Manager plan DEFAULT_PLAN via scheduler window
Setting Resource Manager plan DEFAULT_PLAN via parameter
2026-10-08T02:13:01.641478-04:00
Thread 1 advanced to log sequence 45516 (LGWR switch),  current SCN: 12133482290
  Current log# 1 seq# 45516 mem# 0: /u02/oradata/PRODDB/redo01a.log
  Current log# 1 seq# 45516 mem# 1: /u02/oradata/PRODDB/redo01b.log
2026-10-08T02:13:32.489772-04:00
ARC1 (PID:11122): Archived Log entry 89290 added for B-1180943236.T-1.S-45515 ID 0x8a4d5c1e LAD:1
2026-10-08T03:11:29.990346-04:00
Thread 1 advanced to log sequence 45517 (LGWR switch),  current SCN: 12142954114
  Current log# 2 seq# 45517 mem# 0: /u02/oradata/PRODDB/redo02a.log
  Current log# 2 seq# 45517 mem# 1: /u02/oradata/PRODDB/redo02b.log
2026-10-08T03:11:54.206242-04:00
ARC1 (PID:11122): Archived Log entry 89291 added for B-1180943236.T-1.S-45516 ID 0x8a4d5c1e LAD:1
2026-10-08T04:15:27.466174-04:00
Thread 1 advanced to log sequence 45518 (LGWR switch),  current SCN: 12153316649
  Current log# 3 seq# 45518 mem# 0: /u02/oradata/PRODDB/redo03a.log
  Current log# 3 seq# 45518 mem# 1: /u02/oradata/PRODDB/redo03b.log
2026-10-08T04:15:35.278098-04:00
ARC3 (PID:11143): Archived Log entry 89292 added for B-1180943236.T-1.S-45517 ID 0x8a4d5c1e LAD:1
2026-10-08T05:40:20.665890-04:00
Thread 1 advanced to log sequence 45519 (LGWR switch),  current SCN: 12167067057
  Current log# 4 seq# 45519 mem# 0: /u02/oradata/PRODDB/redo04a.log
  Current log# 4 seq# 45519 mem# 1: /u02/oradata/PRODDB/redo04b.log
2026-10-08T05:40:45.227312-04:00
ARC1 (PID:11122): Archived Log entry 89293 added for B-1180943236.T-1.S-45518 ID 0x8a4d5c1e LAD:1
2026-10-08T06:35:55.762689-04:00
Thread 1 advanced to log sequence 45520 (LGWR switch),  current SCN: 12176071665
  Current log# 1 seq# 45520 mem# 0: /u02/oradata/PRODDB/redo01a.log
  Current log# 1 seq# 45520 mem# 1: /u02/oradata/PRODDB/redo01b.log
2026-10-08T06:36:31.446707-04:00
ARC1 (PID:11122): Archived Log entry 89294 added for B-1180943236.T-1.S-45519 ID 0x8a4d5c1e LAD:1
2026-10-08T07:31:48.923756-04:00
Thread 1 advanced to log sequence 45521 (LGWR switch),  current SCN: 12185127144
  Current log# 2 seq# 45521 mem# 0: /u02/oradata/PRODDB/redo02a.log
  Current log# 2 seq# 45521 mem# 1: /u02/oradata/PRODDB/redo02b.log
2026-10-08T07:32:38.552000-04:00
ARC3 (PID:11143): Archived Log entry 89295 added for B-1180943236.T-1.S-45520 ID 0x8a4d5c1e LAD:1
2026-10-08T08:33:57.678140-04:00
Thread 1 advanced to log sequence 45522 (LGWR switch),  current SCN: 12195194931
  Current log# 3 seq# 45522 mem# 0: /u02/oradata/PRODDB/redo03a.log
  Current log# 3 seq# 45522 mem# 1: /u02/oradata/PRODDB/redo03b.log
2026-10-08T08:34:02.521716-04:00
ARC0 (PID:11131): Archived Log entry 89296 added for B-1180943236.T-1.S-45521 ID 0x8a4d5c1e LAD:1
2026-10-08T08:50:08.994383-04:00
Thread 1 advanced to log sequence 45523 (LGWR switch),  current SCN: 12197815346
  Current log# 4 seq# 45523 mem# 0: /u02/oradata/PRODDB/redo04a.log
  Current log# 4 seq# 45523 mem# 1: /u02/oradata/PRODDB/redo04b.log
2026-10-08T08:50:58.411231-04:00
ARC1 (PID:11122): Archived Log entry 89297 added for B-1180943236.T-1.S-45522 ID 0x8a4d5c1e LAD:1
2026-10-08T09:09:25.775951-04:00
Thread 1 advanced to log sequence 45524 (LGWR switch),  current SCN: 12200939984
  Current log# 1 seq# 45524 mem# 0: /u02/oradata/PRODDB/redo01a.log
  Current log# 1 seq# 45524 mem# 1: /u02/oradata/PRODDB/redo01b.log
2026-10-08T09:09:57.672002-04:00
ARC3 (PID:11143): Archived Log entry 89298 added for B-1180943236.T-1.S-45523 ID 0x8a4d5c1e LAD:1
2026-10-08T09:33:47.200575-04:00
Thread 1 advanced to log sequence 45525 (LGWR switch),  current SCN: 12204886240
  Current log# 2 seq# 45525 mem# 0: /u02/oradata/PRODDB/redo02a.log
  Current log# 2 seq# 45525 mem# 1: /u02/oradata/PRODDB/redo02b.log
2026-10-08T09:34:15.035745-04:00
ARC3 (PID:11143): Archived Log entry 89299 added for B-1180943236.T-1.S-45524 ID 0x8a4d5c1e LAD:1
2026-10-08T09:57:03.855987-04:00
Thread 1 advanced to log sequence 45526 (LGWR switch),  current SCN: 12208656465
  Current log# 3 seq# 45526 mem# 0: /u02/oradata/PRODDB/redo03a.log
  Current log# 3 seq# 45526 mem# 1: /u02/oradata/PRODDB/redo03b.log
2026-10-08T09:57:30.389240-04:00
ARC3 (PID:11143): Archived Log entry 89300 added for B-1180943236.T-1.S-45525 ID 0x8a4d5c1e LAD:1
2026-10-08T10:19:45.287909-04:00
Thread 1 advanced to log sequence 45527 (LGWR switch),  current SCN: 12212331474
  Current log# 4 seq# 45527 mem# 0: /u02/oradata/PRODDB/redo04a.log
  Current log# 4 seq# 45527 mem# 1: /u02/oradata/PRODDB/redo04b.log
2026-10-08T10:20:23.605733-04:00
ARC0 (PID:11131): Archived Log entry 89301 added for B-1180943236.T-1.S-45526 ID 0x8a4d5c1e LAD:1
2026-10-08T10:33:25.724016-04:00
Errors in file /u01/app/oracle/diag/rdbms/proddb/PRODDB/trace/PRODDB_ora_63687.trc:
ORA-00060: Deadlock detected. See Note 60.1 at My Oracle Support for Troubleshooting ORA-60 Errors. More info in file /u01/app/oracle/diag/rdbms/proddb/PRODDB/trace/PRODDB_ora_63687.trc.
2026-10-08T10:44:08.345145-04:00
Thread 1 advanced to log sequence 45528 (LGWR switch),  current SCN: 12216282823
  Current log# 1 seq# 45528 mem# 0: /u02/oradata/PRODDB/redo01a.log
  Current log# 1 seq# 45528 mem# 1: /u02/oradata/PRODDB/redo01b.log
2026-10-08T10:44:23.441360-04:00
ARC2 (PID:11111): Archived Log entry 89302 added for B-1180943236.T-1.S-45527 ID 0x8a4d5c1e LAD:1
2026-10-08T10:56:11.546213-04:00
Thread 1 advanced to log sequence 45529 (LGWR switch),  current SCN: 12218235115
  Current log# 2 seq# 45529 mem# 0: /u02/oradata/PRODDB/redo02a.log
  Current log# 2 seq# 45529 mem# 1: /u02/oradata/PRODDB/redo02b.log
2026-10-08T10:56:52.440469-04:00
ARC2 (PID:11111): Archived Log entry 89303 added for B-1180943236.T-1.S-45528 ID 0x8a4d5c1e LAD:1
2026-10-08T11:17:11.610872-04:00
Thread 1 advanced to log sequence 45530 (LGWR switch),  current SCN: 12221637691
  Current log# 3 seq# 45530 mem# 0: /u02/oradata/PRODDB/redo03a.log
  Current log# 3 seq# 45530 mem# 1: /u02/oradata/PRODDB/redo03b.log
2026-10-08T11:17:43.893398-04:00
ARC2 (PID:11111): Archived Log entry 89304 added for B-1180943236.T-1.S-45529 ID 0x8a4d5c1e LAD:1
2026-10-08T11:30:18.415264-04:00
Thread 1 advanced to log sequence 45531 (LGWR switch),  current SCN: 12223760781
  Current log# 4 seq# 45531 mem# 0: /u02/oradata/PRODDB/redo04a.log
  Current log# 4 seq# 45531 mem# 1: /u02/oradata/PRODDB/redo04b.log
2026-10-08T11:31:00.194597-04:00
ARC2 (PID:11111): Archived Log entry 89305 added for B-1180943236.T-1.S-45530 ID 0x8a4d5c1e LAD:1
2026-10-08T11:41:49.231473-04:00
Thread 1 advanced to log sequence 45532 (LGWR switch),  current SCN: 12225627918
  Current log# 1 seq# 45532 mem# 0: /u02/oradata/PRODDB/redo01a.log
  Current log# 1 seq# 45532 mem# 1: /u02/oradata/PRODDB/redo01b.log
2026-10-08T11:42:11.230516-04:00
ARC1 (PID:11122): Archived Log entry 89306 added for B-1180943236.T-1.S-45531 ID 0x8a4d5c1e LAD:1
2026-10-08T11:51:40.001139-04:00

***********************************************************************

Fatal NI connect error 12537, connecting to:
 (LOCAL=NO)

  VERSION INFORMATION:
	TNS for Linux: Version 19.0.0.0.0 - Production
	TCP/IP NT Protocol Adapter for Linux: Version 19.0.0.0.0 - Production
  Version 19.24.0.0.0
  Time: 08-OCT-2026 11:51:40
  Tracing not turned on.
  Tns error struct:
    ns main err code: 12537

TNS-12537: TNS:connection closed
    ns secondary err code: 12560
    nt main err code: 0
    nt secondary err code: 0
    nt OS err code: 0
  Client address: (ADDRESS=(PROTOCOL=tcp)(HOST=10.20.168.24)(PORT=36237))
2026-10-08T11:55:07.331605-04:00
Thread 1 advanced to log sequence 45533 (LGWR switch),  current SCN: 12227781676
  Current log# 2 seq# 45533 mem# 0: /u02/oradata/PRODDB/redo02a.log
  Current log# 2 seq# 45533 mem# 1: /u02/oradata/PRODDB/redo02b.log
2026-10-08T11:55:36.421364-04:00
ARC3 (PID:11143): Archived Log entry 89307 added for B-1180943236.T-1.S-45532 ID 0x8a4d5c1e LAD:1
2026-10-08T12:07:35.887425-04:00
Thread 1 advanced to log sequence 45534 (LGWR switch),  current SCN: 12229803697
  Current log# 3 seq# 45534 mem# 0: /u02/oradata/PRODDB/redo03a.log
  Current log# 3 seq# 45534 mem# 1: /u02/oradata/PRODDB/redo03b.log
2026-10-08T12:08:19.256132-04:00
ARC3 (PID:11143): Archived Log entry 89308 added for B-1180943236.T-1.S-45533 ID 0x8a4d5c1e LAD:1
2026-10-08T12:30:04.781859-04:00
Thread 1 advanced to log sequence 45535 (LGWR switch),  current SCN: 12233445747
  Current log# 4 seq# 45535 mem# 0: /u02/oradata/PRODDB/redo04a.log
  Current log# 4 seq# 45535 mem# 1: /u02/oradata/PRODDB/redo04b.log
2026-10-08T12:30:38.903075-04:00
ARC1 (PID:11122): Archived Log entry 89309 added for B-1180943236.T-1.S-45534 ID 0x8a4d5c1e LAD:1
2026-10-08T12:42:36.593376-04:00
Thread 1 advanced to log sequence 45536 (LGWR switch),  current SCN: 12235474852
  Current log# 1 seq# 45536 mem# 0: /u02/oradata/PRODDB/redo01a.log
  Current log# 1 seq# 45536 mem# 1: /u02/oradata/PRODDB/redo01b.log
2026-10-08T12:43:02.118546-04:00
ARC0 (PID:11131): Archived Log entry 89310 added for B-1180943236.T-1.S-45535 ID 0x8a4d5c1e LAD:1
2026-10-08T12:52:47.325398-04:00
Thread 1 advanced to log sequence 45537 (LGWR switch),  current SCN: 12237122797
  Current log# 2 seq# 45537 mem# 0: /u02/oradata/PRODDB/redo02a.log
  Current log# 2 seq# 45537 mem# 1: /u02/oradata/PRODDB/redo02b.log
2026-10-08T12:53:25.000573-04:00
ARC3 (PID:11143): Archived Log entry 89311 added for B-1180943236.T-1.S-45536 ID 0x8a4d5c1e LAD:1
2026-10-08T13:14:32.301535-04:00
Thread 1 advanced to log sequence 45538 (LGWR switch),  current SCN: 12240647148
  Current log# 3 seq# 45538 mem# 0: /u02/oradata/PRODDB/redo03a.log
  Current log# 3 seq# 45538 mem# 1: /u02/oradata/PRODDB/redo03b.log
2026-10-08T13:15:20.666614-04:00
ARC3 (PID:11143): Archived Log entry 89312 added for B-1180943236.T-1.S-45537 ID 0x8a4d5c1e LAD:1
2026-10-08T13:32:31.738668-04:00
Thread 1 advanced to log sequence 45539 (LGWR switch),  current SCN: 12243561420
  Current log# 4 seq# 45539 mem# 0: /u02/oradata/PRODDB/redo04a.log
  Current log# 4 seq# 45539 mem# 1: /u02/oradata/PRODDB/redo04b.log
2026-10-08T13:32:48.452084-04:00
ARC0 (PID:11131): Archived Log entry 89313 added for B-1180943236.T-1.S-45538 ID 0x8a4d5c1e LAD:1
2026-10-08T13:43:06.759192-04:00
Thread 1 advanced to log sequence 45540 (LGWR switch),  current SCN: 12245276759
  Current log# 1 seq# 45540 mem# 0: /u02/oradata/PRODDB/redo01a.log
  Current log# 1 seq# 45540 mem# 1: /u02/oradata/PRODDB/redo01b.log
2026-10-08T13:43:39.049627-04:00
ARC1 (PID:11122): Archived Log entry 89314 added for B-1180943236.T-1.S-45539 ID 0x8a4d5c1e LAD:1
2026-10-08T14:06:28.952641-04:00
Thread 1 advanced to log sequence 45541 (LGWR switch),  current SCN: 12249061942
  Current log# 2 seq# 45541 mem# 0: /u02/oradata/PRODDB/redo02a.log
  Current log# 2 seq# 45541 mem# 1: /u02/oradata/PRODDB/redo02b.log
2026-10-08T14:07:07.495966-04:00
ARC0 (PID:11131): Archived Log entry 89315 added for B-1180943236.T-1.S-45540 ID 0x8a4d5c1e LAD:1
2026-10-08T14:21:18.080916-04:00
Thread 1 advanced to log sequence 45542 (LGWR switch),  current SCN: 12251463106
  Current log# 3 seq# 45542 mem# 0: /u02/oradata/PRODDB/redo03a.log
  Current log# 3 seq# 45542 mem# 1: /u02/oradata/PRODDB/redo03b.log
2026-10-08T14:22:07.159040-04:00
ARC0 (PID:11131): Archived Log entry 89316 added for B-1180943236.T-1.S-45541 ID 0x8a4d5c1e LAD:1
2026-10-08T14:41:07.865162-04:00
Thread 1 advanced to log sequence 45543 (LGWR switch),  current SCN: 12254676272
  Current log# 4 seq# 45543 mem# 0: /u02/oradata/PRODDB/redo04a.log
  Current log# 4 seq# 45543 mem# 1: /u02/oradata/PRODDB/redo04b.log
2026-10-08T14:41:30.675075-04:00
ARC1 (PID:11122): Archived Log entry 89317 added for B-1180943236.T-1.S-45542 ID 0x8a4d5c1e LAD:1
2026-10-08T15:09:07.380963-04:00
Thread 1 advanced to log sequence 45544 (LGWR switch),  current SCN: 12259210268
  Current log# 1 seq# 45544 mem# 0: /u02/oradata/PRODDB/redo01a.log
  Current log# 1 seq# 45544 mem# 1: /u02/oradata/PRODDB/redo01b.log
2026-10-08T15:09:38.922776-04:00
ARC0 (PID:11131): Archived Log entry 89318 added for B-1180943236.T-1.S-45543 ID 0x8a4d5c1e LAD:1
2026-10-08T15:37:00.738208-04:00
Thread 1 advanced to log sequence 45545 (LGWR switch),  current SCN: 12263728649
  Current log# 2 seq# 45545 mem# 0: /u02/oradata/PRODDB/redo02a.log
  Current log# 2 seq# 45545 mem# 1: /u02/oradata/PRODDB/redo02b.log
2026-10-08T15:37:51.106235-04:00
ARC1 (PID:11122): Archived Log entry 89319 added for B-1180943236.T-1.S-45544 ID 0x8a4d5c1e LAD:1
2026-10-08T15:42:12.262552-04:00
Resize operation completed for file# 9, fname /u02/oradata/PRODDB/ar_data01.dbf, old size 22020096K, new size 22122496K
2026-10-08T15:56:29.680432-04:00
Resize operation completed for file# 6, fname /u02/oradata/PRODDB/apps_ts_tx_idx01.dbf, old size 26214400K, new size 26316800K
2026-10-08T15:59:25.393932-04:00
Thread 1 advanced to log sequence 45546 (LGWR switch),  current SCN: 12267358162
  Current log# 3 seq# 45546 mem# 0: /u02/oradata/PRODDB/redo03a.log
  Current log# 3 seq# 45546 mem# 1: /u02/oradata/PRODDB/redo03b.log
2026-10-08T15:59:38.400108-04:00
ARC3 (PID:11143): Archived Log entry 89320 added for B-1180943236.T-1.S-45545 ID 0x8a4d5c1e LAD:1
2026-10-08T16:11:55.344785-04:00
Thread 1 advanced to log sequence 45547 (LGWR switch),  current SCN: 12269384172
  Current log# 4 seq# 45547 mem# 0: /u02/oradata/PRODDB/redo04a.log
  Current log# 4 seq# 45547 mem# 1: /u02/oradata/PRODDB/redo04b.log
2026-10-08T16:12:34.495646-04:00
ARC0 (PID:11131): Archived Log entry 89321 added for B-1180943236.T-1.S-45546 ID 0x8a4d5c1e LAD:1
2026-10-08T16:31:30.167607-04:00
Thread 1 advanced to log sequence 45548 (LGWR switch),  current SCN: 12272556302
  Current log# 1 seq# 45548 mem# 0: /u02/oradata/PRODDB/redo01a.log
  Current log# 1 seq# 45548 mem# 1: /u02/oradata/PRODDB/redo01b.log
2026-10-08T16:32:18.297900-04:00
ARC2 (PID:11111): Archived Log entry 89322 added for B-1180943236.T-1.S-45547 ID 0x8a4d5c1e LAD:1
2026-10-08T16:46:43.370649-04:00
Thread 1 advanced to log sequence 45549 (LGWR switch),  current SCN: 12275019998
  Current log# 2 seq# 45549 mem# 0: /u02/oradata/PRODDB/redo02a.log
  Current log# 2 seq# 45549 mem# 1: /u02/oradata/PRODDB/redo02b.log
2026-10-08T16:46:54.257484-04:00
ARC0 (PID:11131): Archived Log entry 89323 added for B-1180943236.T-1.S-45548 ID 0x8a4d5c1e LAD:1
2026-10-08T17:10:51.308080-04:00
Thread 1 advanced to log sequence 45550 (LGWR switch),  current SCN: 12278931073
  Current log# 3 seq# 45550 mem# 0: /u02/oradata/PRODDB/redo03a.log
  Current log# 3 seq# 45550 mem# 1: /u02/oradata/PRODDB/redo03b.log
2026-10-08T17:11:38.925435-04:00
ARC1 (PID:11122): Archived Log entry 89324 added for B-1180943236.T-1.S-45549 ID 0x8a4d5c1e LAD:1
2026-10-08T17:23:14.661153-04:00
Thread 1 advanced to log sequence 45551 (LGWR switch),  current SCN: 12280938000
  Current log# 4 seq# 45551 mem# 0: /u02/oradata/PRODDB/redo04a.log
  Current log# 4 seq# 45551 mem# 1: /u02/oradata/PRODDB/redo04b.log
2026-10-08T17:24:00.735187-04:00
ARC1 (PID:11122): Archived Log entry 89325 added for B-1180943236.T-1.S-45550 ID 0x8a4d5c1e LAD:1
2026-10-08T17:42:03.220605-04:00
Thread 1 advanced to log sequence 45552 (LGWR switch),  current SCN: 12283985261
  Current log# 1 seq# 45552 mem# 0: /u02/oradata/PRODDB/redo01a.log
  Current log# 1 seq# 45552 mem# 1: /u02/oradata/PRODDB/redo01b.log
2026-10-08T17:42:30.412782-04:00
ARC3 (PID:11143): Archived Log entry 89326 added for B-1180943236.T-1.S-45551 ID 0x8a4d5c1e LAD:1
2026-10-08T17:53:25.302643-04:00
Thread 1 advanced to log sequence 45553 (LGWR switch),  current SCN: 12285825467
  Current log# 2 seq# 45553 mem# 0: /u02/oradata/PRODDB/redo02a.log
  Current log# 2 seq# 45553 mem# 1: /u02/oradata/PRODDB/redo02b.log
2026-10-08T17:53:53.037069-04:00
ARC0 (PID:11131): Archived Log entry 89327 added for B-1180943236.T-1.S-45552 ID 0x8a4d5c1e LAD:1
2026-10-08T18:16:55.202917-04:00
Thread 1 advanced to log sequence 45554 (LGWR switch),  current SCN: 12289631891
  Current log# 3 seq# 45554 mem# 0: /u02/oradata/PRODDB/redo03a.log
  Current log# 3 seq# 45554 mem# 1: /u02/oradata/PRODDB/redo03b.log
2026-10-08T18:17:27.279397-04:00
ARC2 (PID:11111): Archived Log entry 89328 added for B-1180943236.T-1.S-45553 ID 0x8a4d5c1e LAD:1
2026-10-08T18:35:42.282138-04:00
Thread 1 advanced to log sequence 45555 (LGWR switch),  current SCN: 12292675028
  Current log# 4 seq# 45555 mem# 0: /u02/oradata/PRODDB/redo04a.log
  Current log# 4 seq# 45555 mem# 1: /u02/oradata/PRODDB/redo04b.log
2026-10-08T18:36:30.851741-04:00
ARC0 (PID:11131): Archived Log entry 89329 added for B-1180943236.T-1.S-45554 ID 0x8a4d5c1e LAD:1
2026-10-08T18:57:07.890213-04:00
Thread 1 advanced to log sequence 45556 (LGWR switch),  current SCN: 12296146223
  Current log# 1 seq# 45556 mem# 0: /u02/oradata/PRODDB/redo01a.log
  Current log# 1 seq# 45556 mem# 1: /u02/oradata/PRODDB/redo01b.log
2026-10-08T18:57:44.415847-04:00
ARC0 (PID:11131): Archived Log entry 89330 added for B-1180943236.T-1.S-45555 ID 0x8a4d5c1e LAD:1
2026-10-08T19:11:02.705655-04:00
Thread 1 advanced to log sequence 45557 (LGWR switch),  current SCN: 12298401415
  Current log# 2 seq# 45557 mem# 0: /u02/oradata/PRODDB/redo02a.log
  Current log# 2 seq# 45557 mem# 1: /u02/oradata/PRODDB/redo02b.log
2026-10-08T19:11:36.536723-04:00
ARC1 (PID:11122): Archived Log entry 89331 added for B-1180943236.T-1.S-45556 ID 0x8a4d5c1e LAD:1
2026-10-08T20:05:24.867049-04:00
Thread 1 advanced to log sequence 45558 (LGWR switch),  current SCN: 12307209665
  Current log# 3 seq# 45558 mem# 0: /u02/oradata/PRODDB/redo03a.log
  Current log# 3 seq# 45558 mem# 1: /u02/oradata/PRODDB/redo03b.log
2026-10-08T20:06:03.175688-04:00
ARC2 (PID:11111): Archived Log entry 89332 added for B-1180943236.T-1.S-45557 ID 0x8a4d5c1e LAD:1
2026-10-08T20:48:15.602811-04:00
Thread 1 advanced to log sequence 45559 (LGWR switch),  current SCN: 12314149041
  Current log# 4 seq# 45559 mem# 0: /u02/oradata/PRODDB/redo04a.log
  Current log# 4 seq# 45559 mem# 1: /u02/oradata/PRODDB/redo04b.log
2026-10-08T20:48:39.646571-04:00
ARC3 (PID:11143): Archived Log entry 89333 added for B-1180943236.T-1.S-45558 ID 0x8a4d5c1e LAD:1
2026-10-08T22:00:00.953582-04:00
Setting Resource Manager plan SCHEDULER[0x4D52]:DEFAULT_MAINTENANCE_PLAN via scheduler window
Setting Resource Manager plan DEFAULT_MAINTENANCE_PLAN via parameter
2026-10-08T22:04:11.946676-04:00
Thread 1 advanced to log sequence 45560 (LGWR switch),  current SCN: 12326453445
  Current log# 1 seq# 45560 mem# 0: /u02/oradata/PRODDB/redo01a.log
  Current log# 1 seq# 45560 mem# 1: /u02/oradata/PRODDB/redo01b.log
2026-10-08T22:04:21.552512-04:00
ARC0 (PID:11131): Archived Log entry 89334 added for B-1180943236.T-1.S-45559 ID 0x8a4d5c1e LAD:1
2026-10-08T23:26:14.380965-04:00
Thread 1 advanced to log sequence 45561 (LGWR switch),  current SCN: 12339742854
  Current log# 2 seq# 45561 mem# 0: /u02/oradata/PRODDB/redo02a.log
  Current log# 2 seq# 45561 mem# 1: /u02/oradata/PRODDB/redo02b.log
2026-10-08T23:26:24.873640-04:00
ARC0 (PID:11131): Archived Log entry 89335 added for B-1180943236.T-1.S-45560 ID 0x8a4d5c1e LAD:1
2026-10-09T00:00:36.165271-04:00
TABLE SYS.WRI$_OPTSTAT_HISTHEAD_HISTORY: ADDED INTERVAL PARTITION SYS_P2964 (41481) VALUES LESS THAN (TO_DATE(' 2026-10-10 00:00:00', 'SYYYY-MM-DD HH24:MI:SS', 'NLS_CALENDAR=GREGORIAN'))
2026-10-09T00:34:39.765415-04:00
Thread 1 advanced to log sequence 45562 (LGWR switch),  current SCN: 12350826214
  Current log# 3 seq# 45562 mem# 0: /u02/oradata/PRODDB/redo03a.log
  Current log# 3 seq# 45562 mem# 1: /u02/oradata/PRODDB/redo03b.log
2026-10-09T00:34:55.389943-04:00
ARC2 (PID:11111): Archived Log entry 89336 added for B-1180943236.T-1.S-45561 ID 0x8a4d5c1e LAD:1
2026-10-09T01:44:32.866529-04:00
Starting control autobackup
Control autobackup written to DISK device

handle '/u03/fra/PRODDB/autobackup/2026_10_09/o1_mf_s_1326648350_.bkp'
2026-10-09T01:46:03.981585-04:00
Thread 1 advanced to log sequence 45563 (LGWR switch),  current SCN: 12362395543
  Current log# 4 seq# 45563 mem# 0: /u02/oradata/PRODDB/redo04a.log
  Current log# 4 seq# 45563 mem# 1: /u02/oradata/PRODDB/redo04b.log
2026-10-09T01:46:25.461333-04:00
ARC3 (PID:11143): Archived Log entry 89337 added for B-1180943236.T-1.S-45562 ID 0x8a4d5c1e LAD:1
2026-10-09T02:00:00.738936-04:00
Closing scheduler window
Restoring Resource Manager plan DEFAULT_PLAN via scheduler window
Setting Resource Manager plan DEFAULT_PLAN via parameter
2026-10-09T02:24:21.174176-04:00
Thread 1 advanced to log sequence 45564 (LGWR switch),  current SCN: 12368595955
  Current log# 1 seq# 45564 mem# 0: /u02/oradata/PRODDB/redo01a.log
  Current log# 1 seq# 45564 mem# 1: /u02/oradata/PRODDB/redo01b.log
2026-10-09T02:24:54.637277-04:00
ARC1 (PID:11122): Archived Log entry 89338 added for B-1180943236.T-1.S-45563 ID 0x8a4d5c1e LAD:1
2026-10-09T02:56:47.154887-04:00
ORA-01555 caused by SQL statement below (SQL ID: 53ff1y0pc8pbn, Query Duration=1875 sec, SCN: 0x00000002e18a0043):
SELECT /*+ PARALLEL(8) */ CODE_COMBINATION_ID, SUM(ACCOUNTED_DR) FROM GL.GL_JE_LINES WHERE PERIOD_NAME = :B1 GROUP BY CODE_COMBINATION_ID
2026-10-09T03:06:06.633682-04:00
Thread 1 advanced to log sequence 45565 (LGWR switch),  current SCN: 12375361823
  Current log# 2 seq# 45565 mem# 0: /u02/oradata/PRODDB/redo02a.log
  Current log# 2 seq# 45565 mem# 1: /u02/oradata/PRODDB/redo02b.log
2026-10-09T03:06:43.041727-04:00
ARC0 (PID:11131): Archived Log entry 89339 added for B-1180943236.T-1.S-45564 ID 0x8a4d5c1e LAD:1
2026-10-09T04:39:46.197482-04:00
Thread 1 advanced to log sequence 45566 (LGWR switch),  current SCN: 12390535037
  Current log# 3 seq# 45566 mem# 0: /u02/oradata/PRODDB/redo03a.log
  Current log# 3 seq# 45566 mem# 1: /u02/oradata/PRODDB/redo03b.log
2026-10-09T04:39:57.224473-04:00
ARC2 (PID:11111): Archived Log entry 89340 added for B-1180943236.T-1.S-45565 ID 0x8a4d5c1e LAD:1
2026-10-09T04:43:42.804092-04:00
ORA-1652: unable to extend temp segment by 128 in tablespace                 TEMP
2026-10-09T04:46:49.921076-04:00
ORA-1652: unable to extend temp segment by 128 in tablespace                 TEMP
2026-10-09T04:48:33.017081-04:00
ORA-1652: unable to extend temp segment by 128 in tablespace                 TEMP
2026-10-09T04:53:28.054123-04:00
ORA-1652: unable to extend temp segment by 128 in tablespace                 TEMP
2026-10-09T05:46:47.184084-04:00
ORA-01555 caused by SQL statement below (SQL ID: fsqbbgnq1q9cz, Query Duration=9782 sec, SCN: 0x00000002e32e3a63):
SELECT H.HEADER_ID, L.LINE_ID, L.ORDERED_QUANTITY FROM ONT.OE_ORDER_HEADERS_ALL H, ONT.OE_ORDER_LINES_ALL L WHERE H.HEADER_ID = L.HEADER_ID AND H.CREATION_DATE > :B1
2026-10-09T06:06:25.345248-04:00
Thread 1 advanced to log sequence 45567 (LGWR switch),  current SCN: 12404572149
  Current log# 4 seq# 45567 mem# 0: /u02/oradata/PRODDB/redo04a.log
  Current log# 4 seq# 45567 mem# 1: /u02/oradata/PRODDB/redo04b.log
2026-10-09T06:06:51.322154-04:00
ARC3 (PID:11143): Archived Log entry 89341 added for B-1180943236.T-1.S-45566 ID 0x8a4d5c1e LAD:1
2026-10-09T07:22:24.140410-04:00
Thread 1 advanced to log sequence 45568 (LGWR switch),  current SCN: 12416880346
  Current log# 1 seq# 45568 mem# 0: /u02/oradata/PRODDB/redo01a.log
  Current log# 1 seq# 45568 mem# 1: /u02/oradata/PRODDB/redo01b.log
2026-10-09T07:22:30.358134-04:00
ARC3 (PID:11143): Archived Log entry 89342 added for B-1180943236.T-1.S-45567 ID 0x8a4d5c1e LAD:1
2026-10-09T07:35:20.127352-04:00
opiodr aborting process unknown ospid (11161) as a result of ORA-609
2026-10-09T08:32:19.890984-04:00
Thread 1 cannot allocate new log, sequence 45569
Checkpoint not complete
  Current log# 1 seq# 45568 mem# 0: /u02/oradata/PRODDB/redo01a.log
2026-10-09T08:32:38.816617-04:00
Thread 1 advanced to log sequence 45569 (LGWR switch),  current SCN: 12428259519
  Current log# 2 seq# 45569 mem# 0: /u02/oradata/PRODDB/redo02a.log
  Current log# 2 seq# 45569 mem# 1: /u02/oradata/PRODDB/redo02b.log
2026-10-09T08:33:06.380442-04:00
ARC0 (PID:11131): Archived Log entry 89343 added for B-1180943236.T-1.S-45568 ID 0x8a4d5c1e LAD:1
2026-10-09T08:47:48.060420-04:00
Thread 1 advanced to log sequence 45570 (LGWR switch),  current SCN: 12430714918
  Current log# 3 seq# 45570 mem# 0: /u02/oradata/PRODDB/redo03a.log
  Current log# 3 seq# 45570 mem# 1: /u02/oradata/PRODDB/redo03b.log
2026-10-09T08:48:17.991948-04:00
ARC3 (PID:11143): Archived Log entry 89344 added for B-1180943236.T-1.S-45569 ID 0x8a4d5c1e LAD:1
2026-10-09T09:05:02.279422-04:00
Thread 1 advanced to log sequence 45571 (LGWR switch),  current SCN: 12433507959
  Current log# 4 seq# 45571 mem# 0: /u02/oradata/PRODDB/redo04a.log
  Current log# 4 seq# 45571 mem# 1: /u02/oradata/PRODDB/redo04b.log
2026-10-09T09:05:21.803307-04:00
ARC1 (PID:11122): Archived Log entry 89345 added for B-1180943236.T-1.S-45570 ID 0x8a4d5c1e LAD:1
2026-10-09T09:20:36.628154-04:00
Thread 1 advanced to log sequence 45572 (LGWR switch),  current SCN: 12436031647
  Current log# 1 seq# 45572 mem# 0: /u02/oradata/PRODDB/redo01a.log
  Current log# 1 seq# 45572 mem# 1: /u02/oradata/PRODDB/redo01b.log
2026-10-09T09:21:13.757708-04:00
ARC1 (PID:11122): Archived Log entry 89346 added for B-1180943236.T-1.S-45571 ID 0x8a4d5c1e LAD:1
2026-10-09T09:30:21.051328-04:00
Resize operation completed for file# 8, fname /u02/oradata/PRODDB/apps_ts_media01.dbf, old size 26214400K, new size 26316800K
2026-10-09T09:37:39.280173-04:00
Thread 1 advanced to log sequence 45573 (LGWR switch),  current SCN: 12438791020
  Current log# 2 seq# 45573 mem# 0: /u02/oradata/PRODDB/redo02a.log
  Current log# 2 seq# 45573 mem# 1: /u02/oradata/PRODDB/redo02b.log
2026-10-09T09:38:01.137723-04:00
ARC0 (PID:11131): Archived Log entry 89347 added for B-1180943236.T-1.S-45572 ID 0x8a4d5c1e LAD:1
2026-10-09T09:55:31.140264-04:00
Thread 1 advanced to log sequence 45574 (LGWR switch),  current SCN: 12441686730
  Current log# 3 seq# 45574 mem# 0: /u02/oradata/PRODDB/redo03a.log
  Current log# 3 seq# 45574 mem# 1: /u02/oradata/PRODDB/redo03b.log
2026-10-09T09:55:48.980435-04:00
ARC0 (PID:11131): Archived Log entry 89348 added for B-1180943236.T-1.S-45573 ID 0x8a4d5c1e LAD:1
2026-10-09T10:22:10.130049-04:00
Thread 1 advanced to log sequence 45575 (LGWR switch),  current SCN: 12446002944
  Current log# 4 seq# 45575 mem# 0: /u02/oradata/PRODDB/redo04a.log
  Current log# 4 seq# 45575 mem# 1: /u02/oradata/PRODDB/redo04b.log
2026-10-09T10:22:32.186445-04:00
ARC0 (PID:11131): Archived Log entry 89349 added for B-1180943236.T-1.S-45574 ID 0x8a4d5c1e LAD:1
2026-10-09T10:45:30.642245-04:00
Thread 1 advanced to log sequence 45576 (LGWR switch),  current SCN: 12449785722
  Current log# 1 seq# 45576 mem# 0: /u02/oradata/PRODDB/redo01a.log
  Current log# 1 seq# 45576 mem# 1: /u02/oradata/PRODDB/redo01b.log
2026-10-09T10:46:18.660876-04:00
ARC0 (PID:11131): Archived Log entry 89350 added for B-1180943236.T-1.S-45575 ID 0x8a4d5c1e LAD:1
2026-10-09T11:08:09.135889-04:00
Thread 1 advanced to log sequence 45577 (LGWR switch),  current SCN: 12453451295
  Current log# 2 seq# 45577 mem# 0: /u02/oradata/PRODDB/redo02a.log
  Current log# 2 seq# 45577 mem# 1: /u02/oradata/PRODDB/redo02b.log
2026-10-09T11:08:44.678927-04:00
ARC2 (PID:11111): Archived Log entry 89351 added for B-1180943236.T-1.S-45576 ID 0x8a4d5c1e LAD:1
2026-10-09T11:32:13.937723-04:00
Thread 1 advanced to log sequence 45578 (LGWR switch),  current SCN: 12457354486
  Current log# 3 seq# 45578 mem# 0: /u02/oradata/PRODDB/redo03a.log
  Current log# 3 seq# 45578 mem# 1: /u02/oradata/PRODDB/redo03b.log
2026-10-09T11:32:25.548847-04:00
ARC2 (PID:11111): Archived Log entry 89352 added for B-1180943236.T-1.S-45577 ID 0x8a4d5c1e LAD:1
2026-10-09T11:56:18.306021-04:00
Thread 1 advanced to log sequence 45579 (LGWR switch),  current SCN: 12461252243
  Current log# 4 seq# 45579 mem# 0: /u02/oradata/PRODDB/redo04a.log
  Current log# 4 seq# 45579 mem# 1: /u02/oradata/PRODDB/redo04b.log
2026-10-09T11:56:21.727832-04:00
ARC0 (PID:11131): Archived Log entry 89353 added for B-1180943236.T-1.S-45578 ID 0x8a4d5c1e LAD:1
2026-10-09T12:14:21.333674-04:00
Errors in file /u01/app/oracle/diag/rdbms/proddb/PRODDB/trace/PRODDB_ora_41478.trc:
ORA-00060: Deadlock detected. See Note 60.1 at My Oracle Support for Troubleshooting ORA-60 Errors. More info in file /u01/app/oracle/diag/rdbms/proddb/PRODDB/trace/PRODDB_ora_41478.trc.
2026-10-09T12:20:49.119996-04:00
Thread 1 advanced to log sequence 45580 (LGWR switch),  current SCN: 12465225770
  Current log# 1 seq# 45580 mem# 0: /u02/oradata/PRODDB/redo01a.log
  Current log# 1 seq# 45580 mem# 1: /u02/oradata/PRODDB/redo01b.log
2026-10-09T12:21:37.657685-04:00
ARC2 (PID:11111): Archived Log entry 89354 added for B-1180943236.T-1.S-45579 ID 0x8a4d5c1e LAD:1
2026-10-09T12:42:07.324075-04:00
Thread 1 advanced to log sequence 45581 (LGWR switch),  current SCN: 12468675655
  Current log# 2 seq# 45581 mem# 0: /u02/oradata/PRODDB/redo02a.log
  Current log# 2 seq# 45581 mem# 1: /u02/oradata/PRODDB/redo02b.log
2026-10-09T12:42:13.312361-04:00
ARC2 (PID:11111): Archived Log entry 89355 added for B-1180943236.T-1.S-45580 ID 0x8a4d5c1e LAD:1
2026-10-09T13:07:35.061998-04:00
Thread 1 advanced to log sequence 45582 (LGWR switch),  current SCN: 12472801549
  Current log# 3 seq# 45582 mem# 0: /u02/oradata/PRODDB/redo03a.log
  Current log# 3 seq# 45582 mem# 1: /u02/oradata/PRODDB/redo03b.log
2026-10-09T13:07:44.834755-04:00
ARC2 (PID:11111): Archived Log entry 89356 added for B-1180943236.T-1.S-45581 ID 0x8a4d5c1e LAD:1
2026-10-09T13:27:54.961836-04:00
Thread 1 advanced to log sequence 45583 (LGWR switch),  current SCN: 12476095077
  Current log# 4 seq# 45583 mem# 0: /u02/oradata/PRODDB/redo04a.log
  Current log# 4 seq# 45583 mem# 1: /u02/oradata/PRODDB/redo04b.log
2026-10-09T13:28:00.622737-04:00
ARC0 (PID:11131): Archived Log entry 89357 added for B-1180943236.T-1.S-45582 ID 0x8a4d5c1e LAD:1
2026-10-09T13:41:38.949043-04:00
ORA-1653: unable to extend table XXCUST.XX_ORDER_STAGING by 128 in tablespace APPS_TS_TX_DATA
2026-10-09T13:51:57.330266-04:00
ORA-1653: unable to extend table XXCUST.XX_ORDER_STAGING by 1024 in tablespace APPS_TS_TX_DATA
2026-10-09T13:53:25.434454-04:00
ORA-1653: unable to extend table XXCUST.XX_ORDER_STAGING by 1024 in tablespace APPS_TS_TX_DATA
2026-10-09T13:53:27.179792-04:00
Thread 1 advanced to log sequence 45584 (LGWR switch),  current SCN: 12480231376
  Current log# 1 seq# 45584 mem# 0: /u02/oradata/PRODDB/redo01a.log
  Current log# 1 seq# 45584 mem# 1: /u02/oradata/PRODDB/redo01b.log
2026-10-09T13:53:54.650038-04:00
ARC2 (PID:11111): Archived Log entry 89358 added for B-1180943236.T-1.S-45583 ID 0x8a4d5c1e LAD:1
2026-10-09T13:56:16.708432-04:00
ORA-1653: unable to extend table XXCUST.XX_ORDER_STAGING by 8192 in tablespace APPS_TS_TX_DATA
2026-10-09T14:06:09.675691-04:00
Thread 1 advanced to log sequence 45585 (LGWR switch),  current SCN: 12482289023
  Current log# 2 seq# 45585 mem# 0: /u02/oradata/PRODDB/redo02a.log
  Current log# 2 seq# 45585 mem# 1: /u02/oradata/PRODDB/redo02b.log
2026-10-09T14:06:19.086826-04:00
ORA-1653: unable to extend table XXCUST.XX_ORDER_STAGING by 1024 in tablespace APPS_TS_TX_DATA
2026-10-09T14:06:47.618680-04:00
ARC0 (PID:11131): Archived Log entry 89359 added for B-1180943236.T-1.S-45584 ID 0x8a4d5c1e LAD:1
2026-10-09T14:07:38.472303-04:00
ORA-1653: unable to extend table XXCUST.XX_ORDER_STAGING by 8192 in tablespace APPS_TS_TX_DATA
2026-10-09T14:10:33.030099-04:00
ORA-1653: unable to extend table XXCUST.XX_ORDER_STAGING by 128 in tablespace APPS_TS_TX_DATA
2026-10-09T14:13:36.065084-04:00
ORA-1653: unable to extend table XXCUST.XX_ORDER_STAGING by 1024 in tablespace APPS_TS_TX_DATA
2026-10-09T14:24:19.301053-04:00
ORA-1653: unable to extend table XXCUST.XX_ORDER_STAGING by 128 in tablespace APPS_TS_TX_DATA
2026-10-09T14:32:07.992358-04:00
ORA-1653: unable to extend table XXCUST.XX_ORDER_STAGING by 128 in tablespace APPS_TS_TX_DATA
2026-10-09T14:32:36.279776-04:00
Thread 1 advanced to log sequence 45586 (LGWR switch),  current SCN: 12486574095
  Current log# 3 seq# 45586 mem# 0: /u02/oradata/PRODDB/redo03a.log
  Current log# 3 seq# 45586 mem# 1: /u02/oradata/PRODDB/redo03b.log
2026-10-09T14:32:59.100358-04:00
ARC1 (PID:11122): Archived Log entry 89360 added for B-1180943236.T-1.S-45585 ID 0x8a4d5c1e LAD:1
2026-10-09T14:36:23.008706-04:00
ORA-1653: unable to extend table XXCUST.XX_ORDER_STAGING by 1024 in tablespace APPS_TS_TX_DATA
2026-10-09T14:43:25.629547-04:00
ORA-1653: unable to extend table XXCUST.XX_ORDER_STAGING by 128 in tablespace APPS_TS_TX_DATA
2026-10-09T14:47:30.629315-04:00
ORA-1653: unable to extend table XXCUST.XX_ORDER_STAGING by 128 in tablespace APPS_TS_TX_DATA
2026-10-09T14:50:05.681596-04:00
Thread 1 advanced to log sequence 45587 (LGWR switch),  current SCN: 12489407899
  Current log# 4 seq# 45587 mem# 0: /u02/oradata/PRODDB/redo04a.log
  Current log# 4 seq# 45587 mem# 1: /u02/oradata/PRODDB/redo04b.log
2026-10-09T14:50:42.093119-04:00
ORA-1653: unable to extend table XXCUST.XX_ORDER_STAGING by 8192 in tablespace APPS_TS_TX_DATA
2026-10-09T14:50:44.788079-04:00
ARC0 (PID:11131): Archived Log entry 89361 added for B-1180943236.T-1.S-45586 ID 0x8a4d5c1e LAD:1
2026-10-09T14:58:38.963221-04:00
ORA-1653: unable to extend table XXCUST.XX_ORDER_STAGING by 8192 in tablespace APPS_TS_TX_DATA
2026-10-09T14:59:51.839452-04:00
ORA-1653: unable to extend table XXCUST.XX_ORDER_STAGING by 1024 in tablespace APPS_TS_TX_DATA
2026-10-09T15:02:14.405396-04:00
Thread 1 advanced to log sequence 45588 (LGWR switch),  current SCN: 12491376072
  Current log# 1 seq# 45588 mem# 0: /u02/oradata/PRODDB/redo01a.log
  Current log# 1 seq# 45588 mem# 1: /u02/oradata/PRODDB/redo01b.log
2026-10-09T15:02:32.193575-04:00
ARC1 (PID:11122): Archived Log entry 89362 added for B-1180943236.T-1.S-45587 ID 0x8a4d5c1e LAD:1
2026-10-09T15:08:42.415164-04:00
ORA-1653: unable to extend table XXCUST.XX_ORDER_STAGING by 1024 in tablespace APPS_TS_TX_DATA
2026-10-09T15:18:18.548376-04:00
ORA-1653: unable to extend table XXCUST.XX_ORDER_STAGING by 1024 in tablespace APPS_TS_TX_DATA
2026-10-09T15:21:31.806627-04:00
Thread 1 advanced to log sequence 45589 (LGWR switch),  current SCN: 12494500069
  Current log# 2 seq# 45589 mem# 0: /u02/oradata/PRODDB/redo02a.log
  Current log# 2 seq# 45589 mem# 1: /u02/oradata/PRODDB/redo02b.log
2026-10-09T15:22:04.294327-04:00
ARC0 (PID:11131): Archived Log entry 89363 added for B-1180943236.T-1.S-45588 ID 0x8a4d5c1e LAD:1
2026-10-09T15:23:36.988838-04:00
ALTER TABLESPACE APPS_TS_TX_DATA ADD DATAFILE '/u02/oradata/PRODDB/apps_ts_tx_data05.dbf' SIZE 30G AUTOEXTEND ON NEXT 1G MAXSIZE UNLIMITED
2026-10-09T15:24:30.770141-04:00
Completed: ALTER TABLESPACE APPS_TS_TX_DATA ADD DATAFILE '/u02/oradata/PRODDB/apps_ts_tx_data05.dbf' SIZE 30G AUTOEXTEND ON NEXT 1G MAXSIZE UNLIMITED
2026-10-09T15:34:25.182664-04:00
TT00 (PID:11131): Error 12537 received logging on to the standby
Errors in file /u01/app/oracle/diag/rdbms/proddb/PRODDB/trace/PRODDB_tt00_11131.trc:
ORA-12537: TNS:connection closed
2026-10-09T15:36:36.620846-04:00
Thread 1 advanced to log sequence 45590 (LGWR switch),  current SCN: 12496943276
  Current log# 3 seq# 45590 mem# 0: /u02/oradata/PRODDB/redo03a.log
  Current log# 3 seq# 45590 mem# 1: /u02/oradata/PRODDB/redo03b.log
2026-10-09T15:37:14.756580-04:00
ARC0 (PID:11131): Archived Log entry 89364 added for B-1180943236.T-1.S-45589 ID 0x8a4d5c1e LAD:1
2026-10-09T15:37:57.234081-04:00
TT00 (PID:11131): Attempting LAD:2 network reconnect (12537)
TT00 (PID:11131): LAD:2 network reconnect successful
2026-10-09T15:46:45.475548-04:00
Thread 1 advanced to log sequence 45591 (LGWR switch),  current SCN: 12498586514
  Current log# 4 seq# 45591 mem# 0: /u02/oradata/PRODDB/redo04a.log
  Current log# 4 seq# 45591 mem# 1: /u02/oradata/PRODDB/redo04b.log
2026-10-09T15:47:35.537320-04:00
ARC2 (PID:11111): Archived Log entry 89365 added for B-1180943236.T-1.S-45590 ID 0x8a4d5c1e LAD:1
2026-10-09T15:57:57.854017-04:00
TT00 (PID:11131): Error 12537 received logging on to the standby
Errors in file /u01/app/oracle/diag/rdbms/proddb/PRODDB/trace/PRODDB_tt00_11131.trc:
ORA-12537: TNS:connection closed
2026-10-09T15:59:56.396764-04:00
TT00 (PID:11131): Attempting LAD:2 network reconnect (12537)
TT00 (PID:11131): LAD:2 network reconnect successful
2026-10-09T16:01:07.392393-04:00
Thread 1 advanced to log sequence 45592 (LGWR switch),  current SCN: 12500913889
  Current log# 1 seq# 45592 mem# 0: /u02/oradata/PRODDB/redo01a.log
  Current log# 1 seq# 45592 mem# 1: /u02/oradata/PRODDB/redo01b.log
2026-10-09T16:01:56.819250-04:00
ARC1 (PID:11122): Archived Log entry 89366 added for B-1180943236.T-1.S-45591 ID 0x8a4d5c1e LAD:1
2026-10-09T16:20:57.316929-04:00
Thread 1 advanced to log sequence 45593 (LGWR switch),  current SCN: 12504127656
  Current log# 2 seq# 45593 mem# 0: /u02/oradata/PRODDB/redo02a.log
  Current log# 2 seq# 45593 mem# 1: /u02/oradata/PRODDB/redo02b.log
2026-10-09T16:21:26.184120-04:00
ARC0 (PID:11131): Archived Log entry 89367 added for B-1180943236.T-1.S-45592 ID 0x8a4d5c1e LAD:1
2026-10-09T16:35:09.676967-04:00
Thread 1 advanced to log sequence 45594 (LGWR switch),  current SCN: 12506427077
  Current log# 3 seq# 45594 mem# 0: /u02/oradata/PRODDB/redo03a.log
  Current log# 3 seq# 45594 mem# 1: /u02/oradata/PRODDB/redo03b.log
2026-10-09T16:35:32.798143-04:00
ARC0 (PID:11131): Archived Log entry 89368 added for B-1180943236.T-1.S-45593 ID 0x8a4d5c1e LAD:1
2026-10-09T16:58:49.214030-04:00
Thread 1 advanced to log sequence 45595 (LGWR switch),  current SCN: 12510260115
  Current log# 4 seq# 45595 mem# 0: /u02/oradata/PRODDB/redo04a.log
  Current log# 4 seq# 45595 mem# 1: /u02/oradata/PRODDB/redo04b.log
2026-10-09T16:58:57.655256-04:00
ARC2 (PID:11111): Archived Log entry 89369 added for B-1180943236.T-1.S-45594 ID 0x8a4d5c1e LAD:1
2026-10-09T17:18:21.155672-04:00
Thread 1 advanced to log sequence 45596 (LGWR switch),  current SCN: 12513425054
  Current log# 1 seq# 45596 mem# 0: /u02/oradata/PRODDB/redo01a.log
  Current log# 1 seq# 45596 mem# 1: /u02/oradata/PRODDB/redo01b.log
2026-10-09T17:18:33.385964-04:00
ARC0 (PID:11131): Archived Log entry 89370 added for B-1180943236.T-1.S-45595 ID 0x8a4d5c1e LAD:1
2026-10-09T17:33:23.093752-04:00
Thread 1 advanced to log sequence 45597 (LGWR switch),  current SCN: 12515861024
  Current log# 2 seq# 45597 mem# 0: /u02/oradata/PRODDB/redo02a.log
  Current log# 2 seq# 45597 mem# 1: /u02/oradata/PRODDB/redo02b.log
2026-10-09T17:34:10.790117-04:00
ARC3 (PID:11143): Archived Log entry 89371 added for B-1180943236.T-1.S-45596 ID 0x8a4d5c1e LAD:1
2026-10-09T17:50:05.231394-04:00
Thread 1 advanced to log sequence 45598 (LGWR switch),  current SCN: 12518567211
  Current log# 3 seq# 45598 mem# 0: /u02/oradata/PRODDB/redo03a.log
  Current log# 3 seq# 45598 mem# 1: /u02/oradata/PRODDB/redo03b.log
2026-10-09T17:50:40.282367-04:00
ARC0 (PID:11131): Archived Log entry 89372 added for B-1180943236.T-1.S-45597 ID 0x8a4d5c1e LAD:1
2026-10-09T18:11:33.955949-04:00
Thread 1 advanced to log sequence 45599 (LGWR switch),  current SCN: 12522045332
  Current log# 4 seq# 45599 mem# 0: /u02/oradata/PRODDB/redo04a.log
  Current log# 4 seq# 45599 mem# 1: /u02/oradata/PRODDB/redo04b.log
2026-10-09T18:12:04.029924-04:00
ARC0 (PID:11131): Archived Log entry 89373 added for B-1180943236.T-1.S-45598 ID 0x8a4d5c1e LAD:1
2026-10-09T18:38:54.964707-04:00
Thread 1 advanced to log sequence 45600 (LGWR switch),  current SCN: 12526476992
  Current log# 1 seq# 45600 mem# 0: /u02/oradata/PRODDB/redo01a.log
  Current log# 1 seq# 45600 mem# 1: /u02/oradata/PRODDB/redo01b.log
2026-10-09T18:39:23.425803-04:00
ARC2 (PID:11111): Archived Log entry 89374 added for B-1180943236.T-1.S-45599 ID 0x8a4d5c1e LAD:1
2026-10-09T18:56:49.670718-04:00
Errors in file /u01/app/oracle/diag/rdbms/proddb/PRODDB/trace/PRODDB_ora_16476.trc:
ORA-00060: Deadlock detected. See Note 60.1 at My Oracle Support for Troubleshooting ORA-60 Errors. More info in file /u01/app/oracle/diag/rdbms/proddb/PRODDB/trace/PRODDB_ora_16476.trc.
2026-10-09T19:03:53.484959-04:00
Thread 1 advanced to log sequence 45601 (LGWR switch),  current SCN: 12530522812
  Current log# 2 seq# 45601 mem# 0: /u02/oradata/PRODDB/redo02a.log
  Current log# 2 seq# 45601 mem# 1: /u02/oradata/PRODDB/redo02b.log
2026-10-09T19:04:24.428026-04:00
ARC2 (PID:11111): Archived Log entry 89375 added for B-1180943236.T-1.S-45600 ID 0x8a4d5c1e LAD:1
2026-10-09T19:30:00.190926-04:00
Errors in file /u01/app/oracle/diag/rdbms/proddb/PRODDB/trace/PRODDB_ora_4122.trc:
ORA-00060: Deadlock detected. See Note 60.1 at My Oracle Support for Troubleshooting ORA-60 Errors. More info in file /u01/app/oracle/diag/rdbms/proddb/PRODDB/trace/PRODDB_ora_4122.trc.
2026-10-09T19:40:26.182313-04:00
Resize operation completed for file# 9, fname /u02/oradata/PRODDB/ar_data01.dbf, old size 25165824K, new size 25268224K
2026-10-09T19:45:35.852227-04:00
Exception [type: SIGSEGV, Address not mapped to object] [ADDR:0x0] [PC:0xFADC996, kkqsGetLeafs()+341] [flags: 0x0, count: 1]
Errors in file /u01/app/oracle/diag/rdbms/proddb/PRODDB/trace/PRODDB_ora_26395.trc  (incident=48129):
ORA-07445: exception encountered: core dump [kkqsGetLeafs()+341] [SIGSEGV] [ADDR:0x0] [PC:0xFADC996] [Address not mapped to object] []
Incident details in: /u01/app/oracle/diag/rdbms/proddb/PRODDB/incident/incdir_48129/PRODDB_ora_26395_i48129.trc
2026-10-09T19:52:55.132664-04:00
Thread 1 advanced to log sequence 45602 (LGWR switch),  current SCN: 12538463513
  Current log# 3 seq# 45602 mem# 0: /u02/oradata/PRODDB/redo03a.log
  Current log# 3 seq# 45602 mem# 1: /u02/oradata/PRODDB/redo03b.log
2026-10-09T19:53:05.961099-04:00
ARC1 (PID:11122): Archived Log entry 89376 added for B-1180943236.T-1.S-45601 ID 0x8a4d5c1e LAD:1
2026-10-09T20:30:06.582959-04:00
Resize operation completed for file# 5, fname /u02/oradata/PRODDB/apps_ts_tx_data01.dbf, old size 27262976K, new size 27365376K
2026-10-09T21:14:06.785375-04:00
Thread 1 advanced to log sequence 45603 (LGWR switch),  current SCN: 12551619338
  Current log# 4 seq# 45603 mem# 0: /u02/oradata/PRODDB/redo04a.log
  Current log# 4 seq# 45603 mem# 1: /u02/oradata/PRODDB/redo04b.log
2026-10-09T21:14:15.843468-04:00
ARC1 (PID:11122): Archived Log entry 89377 added for B-1180943236.T-1.S-45602 ID 0x8a4d5c1e LAD:1
2026-10-09T22:00:00.730729-04:00
Setting Resource Manager plan SCHEDULER[0x4D52]:DEFAULT_MAINTENANCE_PLAN via scheduler window
Setting Resource Manager plan DEFAULT_MAINTENANCE_PLAN via parameter
2026-10-09T22:16:05.440688-04:00
Thread 1 advanced to log sequence 45604 (LGWR switch),  current SCN: 12561659127
  Current log# 1 seq# 45604 mem# 0: /u02/oradata/PRODDB/redo01a.log
  Current log# 1 seq# 45604 mem# 1: /u02/oradata/PRODDB/redo01b.log
2026-10-09T22:16:15.673358-04:00
ARC3 (PID:11143): Archived Log entry 89378 added for B-1180943236.T-1.S-45603 ID 0x8a4d5c1e LAD:1
2026-10-09T23:12:35.753962-04:00
Thread 1 advanced to log sequence 45605 (LGWR switch),  current SCN: 12570811681
  Current log# 2 seq# 45605 mem# 0: /u02/oradata/PRODDB/redo02a.log
  Current log# 2 seq# 45605 mem# 1: /u02/oradata/PRODDB/redo02b.log
2026-10-09T23:13:06.269490-04:00
ARC1 (PID:11122): Archived Log entry 89379 added for B-1180943236.T-1.S-45604 ID 0x8a4d5c1e LAD:1
2026-10-10T00:00:36.673045-04:00
TABLE SYS.WRI$_OPTSTAT_HISTHEAD_HISTORY: ADDED INTERVAL PARTITION SYS_P5341 (41493) VALUES LESS THAN (TO_DATE(' 2026-10-11 00:00:00', 'SYYYY-MM-DD HH24:MI:SS', 'NLS_CALENDAR=GREGORIAN'))
2026-10-10T00:37:47.191841-04:00
Thread 1 advanced to log sequence 45606 (LGWR switch),  current SCN: 12584614346
  Current log# 3 seq# 45606 mem# 0: /u02/oradata/PRODDB/redo03a.log
  Current log# 3 seq# 45606 mem# 1: /u02/oradata/PRODDB/redo03b.log
2026-10-10T00:38:37.125952-04:00
ARC2 (PID:11111): Archived Log entry 89380 added for B-1180943236.T-1.S-45605 ID 0x8a4d5c1e LAD:1
2026-10-10T01:27:04.164736-04:00
Thread 1 advanced to log sequence 45607 (LGWR switch),  current SCN: 12592597667
  Current log# 4 seq# 45607 mem# 0: /u02/oradata/PRODDB/redo04a.log
  Current log# 4 seq# 45607 mem# 1: /u02/oradata/PRODDB/redo04b.log
2026-10-10T01:27:47.758022-04:00
ARC1 (PID:11122): Archived Log entry 89381 added for B-1180943236.T-1.S-45606 ID 0x8a4d5c1e LAD:1
2026-10-10T01:28:43.788775-04:00
Resize operation completed for file# 9, fname /u02/oradata/PRODDB/ar_data01.dbf, old size 30408704K, new size 30511104K
2026-10-10T01:39:47.389043-04:00
Starting control autobackup
Control autobackup written to DISK device

handle '/u03/fra/PRODDB/autobackup/2026_10_10/o1_mf_s_1198514700_.bkp'
2026-10-10T02:00:00.928506-04:00
Closing scheduler window
Restoring Resource Manager plan DEFAULT_PLAN via scheduler window
Setting Resource Manager plan DEFAULT_PLAN via parameter
2026-10-10T02:34:15.862520-04:00
ORA-1652: unable to extend temp segment by 128 in tablespace                 TEMP
2026-10-10T02:37:35.225702-04:00
ORA-1652: unable to extend temp segment by 128 in tablespace                 TEMP
2026-10-10T02:40:36.661015-04:00
ORA-1652: unable to extend temp segment by 128 in tablespace                 TEMP
2026-10-10T02:48:03.710213-04:00
ORA-1652: unable to extend temp segment by 128 in tablespace                 TEMP
2026-10-10T02:59:51.777919-04:00
Thread 1 advanced to log sequence 45608 (LGWR switch),  current SCN: 12607628801
  Current log# 1 seq# 45608 mem# 0: /u02/oradata/PRODDB/redo01a.log
  Current log# 1 seq# 45608 mem# 1: /u02/oradata/PRODDB/redo01b.log
2026-10-10T03:00:21.928294-04:00
ARC2 (PID:11111): Archived Log entry 89382 added for B-1180943236.T-1.S-45607 ID 0x8a4d5c1e LAD:1
2026-10-10T03:17:29.961713-04:00
ORA-1652: unable to extend temp segment by 128 in tablespace                 TEMP
2026-10-10T03:21:55.660646-04:00
ORA-1652: unable to extend temp segment by 128 in tablespace                 TEMP
2026-10-10T03:24:47.838664-04:00
ORA-1652: unable to extend temp segment by 128 in tablespace                 TEMP
2026-10-10T03:50:45.942793-04:00
Thread 1 advanced to log sequence 45609 (LGWR switch),  current SCN: 12615876666
  Current log# 2 seq# 45609 mem# 0: /u02/oradata/PRODDB/redo02a.log
  Current log# 2 seq# 45609 mem# 1: /u02/oradata/PRODDB/redo02b.log
2026-10-10T03:51:10.950256-04:00
ARC0 (PID:11131): Archived Log entry 89383 added for B-1180943236.T-1.S-45608 ID 0x8a4d5c1e LAD:1
2026-10-10T04:43:16.416656-04:00
ORA-1652: unable to extend temp segment by 128 in tablespace                 TEMP
2026-10-10T05:12:59.708561-04:00
Thread 1 advanced to log sequence 45610 (LGWR switch),  current SCN: 12629196500
  Current log# 3 seq# 45610 mem# 0: /u02/oradata/PRODDB/redo03a.log
  Current log# 3 seq# 45610 mem# 1: /u02/oradata/PRODDB/redo03b.log
2026-10-10T05:13:05.357837-04:00
ARC0 (PID:11131): Archived Log entry 89384 added for B-1180943236.T-1.S-45609 ID 0x8a4d5c1e LAD:1
2026-10-10T06:14:16.985700-04:00
Thread 1 advanced to log sequence 45611 (LGWR switch),  current SCN: 12639126000
  Current log# 4 seq# 45611 mem# 0: /u02/oradata/PRODDB/redo04a.log
  Current log# 4 seq# 45611 mem# 1: /u02/oradata/PRODDB/redo04b.log
2026-10-10T06:14:46.062695-04:00
ARC1 (PID:11122): Archived Log entry 89385 added for B-1180943236.T-1.S-45610 ID 0x8a4d5c1e LAD:1
2026-10-10T06:19:08.877740-04:00
Resize operation completed for file# 12, fname /u02/oradata/PRODDB/sysaux01.dbf, old size 28311552K, new size 28413952K
2026-10-10T07:42:11.288324-04:00
Thread 1 advanced to log sequence 45612 (LGWR switch),  current SCN: 12653366811
  Current log# 1 seq# 45612 mem# 0: /u02/oradata/PRODDB/redo01a.log
  Current log# 1 seq# 45612 mem# 1: /u02/oradata/PRODDB/redo01b.log
2026-10-10T07:42:20.789099-04:00
ARC3 (PID:11143): Archived Log entry 89386 added for B-1180943236.T-1.S-45611 ID 0x8a4d5c1e LAD:1
2026-10-10T08:45:57.987355-04:00
Thread 1 advanced to log sequence 45613 (LGWR switch),  current SCN: 12663697446
  Current log# 2 seq# 45613 mem# 0: /u02/oradata/PRODDB/redo02a.log
  Current log# 2 seq# 45613 mem# 1: /u02/oradata/PRODDB/redo02b.log
2026-10-10T08:46:10.554542-04:00
ARC1 (PID:11122): Archived Log entry 89387 added for B-1180943236.T-1.S-45612 ID 0x8a4d5c1e LAD:1
2026-10-10T09:00:36.360491-04:00
opiodr aborting process unknown ospid (45787) as a result of ORA-609
2026-10-10T09:25:23.321981-04:00
Thread 1 advanced to log sequence 45614 (LGWR switch),  current SCN: 12670083901
  Current log# 3 seq# 45614 mem# 0: /u02/oradata/PRODDB/redo03a.log
  Current log# 3 seq# 45614 mem# 1: /u02/oradata/PRODDB/redo03b.log
2026-10-10T09:25:43.456188-04:00
ARC0 (PID:11131): Archived Log entry 89388 added for B-1180943236.T-1.S-45613 ID 0x8a4d5c1e LAD:1
2026-10-10T10:19:30.813894-04:00
Thread 1 advanced to log sequence 45615 (LGWR switch),  current SCN: 12678851830
  Current log# 4 seq# 45615 mem# 0: /u02/oradata/PRODDB/redo04a.log
  Current log# 4 seq# 45615 mem# 1: /u02/oradata/PRODDB/redo04b.log
2026-10-10T10:19:37.174415-04:00
ARC0 (PID:11131): Archived Log entry 89389 added for B-1180943236.T-1.S-45614 ID 0x8a4d5c1e LAD:1
2026-10-10T11:04:42.588431-04:00
Thread 1 advanced to log sequence 45616 (LGWR switch),  current SCN: 12686175252
  Current log# 1 seq# 45616 mem# 0: /u02/oradata/PRODDB/redo01a.log
  Current log# 1 seq# 45616 mem# 1: /u02/oradata/PRODDB/redo01b.log
2026-10-10T11:05:31.273380-04:00
ARC1 (PID:11122): Archived Log entry 89390 added for B-1180943236.T-1.S-45615 ID 0x8a4d5c1e LAD:1
2026-10-10T12:12:32.503017-04:00
Thread 1 advanced to log sequence 45617 (LGWR switch),  current SCN: 12697162542
  Current log# 2 seq# 45617 mem# 0: /u02/oradata/PRODDB/redo02a.log
  Current log# 2 seq# 45617 mem# 1: /u02/oradata/PRODDB/redo02b.log
2026-10-10T12:12:56.184152-04:00
ARC0 (PID:11131): Archived Log entry 89391 added for B-1180943236.T-1.S-45616 ID 0x8a4d5c1e LAD:1
2026-10-10T13:32:09.313369-04:00

***********************************************************************

Fatal NI connect error 12537, connecting to:
 (LOCAL=NO)

  VERSION INFORMATION:
	TNS for Linux: Version 19.0.0.0.0 - Production
	TCP/IP NT Protocol Adapter for Linux: Version 19.0.0.0.0 - Production
  Version 19.24.0.0.0
  Time: 10-OCT-2026 13:32:09
  Tracing not turned on.
  Tns error struct:
    ns main err code: 12537

TNS-12537: TNS:connection closed
    ns secondary err code: 12560
    nt main err code: 0
    nt secondary err code: 0
    nt OS err code: 0
  Client address: (ADDRESS=(PROTOCOL=tcp)(HOST=10.20.226.61)(PORT=61212))
2026-10-10T13:46:39.491842-04:00
Thread 1 advanced to log sequence 45618 (LGWR switch),  current SCN: 12712409426
  Current log# 3 seq# 45618 mem# 0: /u02/oradata/PRODDB/redo03a.log
  Current log# 3 seq# 45618 mem# 1: /u02/oradata/PRODDB/redo03b.log
2026-10-10T13:47:26.587725-04:00
ARC3 (PID:11143): Archived Log entry 89392 added for B-1180943236.T-1.S-45617 ID 0x8a4d5c1e LAD:1
2026-10-10T14:47:32.004616-04:00
Thread 1 advanced to log sequence 45619 (LGWR switch),  current SCN: 12722271888
  Current log# 4 seq# 45619 mem# 0: /u02/oradata/PRODDB/redo04a.log
  Current log# 4 seq# 45619 mem# 1: /u02/oradata/PRODDB/redo04b.log
2026-10-10T14:48:13.252203-04:00
ARC1 (PID:11122): Archived Log entry 89393 added for B-1180943236.T-1.S-45618 ID 0x8a4d5c1e LAD:1
2026-10-10T15:04:10.600534-04:00

***********************************************************************

Fatal NI connect error 12537, connecting to:
 (LOCAL=NO)

  VERSION INFORMATION:
	TNS for Linux: Version 19.0.0.0.0 - Production
	TCP/IP NT Protocol Adapter for Linux: Version 19.0.0.0.0 - Production
  Version 19.24.0.0.0
  Time: 10-OCT-2026 15:04:10
  Tracing not turned on.
  Tns error struct:
    ns main err code: 12537

TNS-12537: TNS:connection closed
    ns secondary err code: 12560
    nt main err code: 0
    nt secondary err code: 0
    nt OS err code: 0
  Client address: (ADDRESS=(PROTOCOL=tcp)(HOST=10.20.134.108)(PORT=61118))
2026-10-10T15:48:34.496773-04:00
Thread 1 advanced to log sequence 45620 (LGWR switch),  current SCN: 12732162316
  Current log# 1 seq# 45620 mem# 0: /u02/oradata/PRODDB/redo01a.log
  Current log# 1 seq# 45620 mem# 1: /u02/oradata/PRODDB/redo01b.log
2026-10-10T15:48:58.656151-04:00
ARC0 (PID:11131): Archived Log entry 89394 added for B-1180943236.T-1.S-45619 ID 0x8a4d5c1e LAD:1
2026-10-10T17:22:02.704091-04:00
Thread 1 advanced to log sequence 45621 (LGWR switch),  current SCN: 12747303469
  Current log# 2 seq# 45621 mem# 0: /u02/oradata/PRODDB/redo02a.log
  Current log# 2 seq# 45621 mem# 1: /u02/oradata/PRODDB/redo02b.log
2026-10-10T17:22:47.570128-04:00
ARC2 (PID:11111): Archived Log entry 89395 added for B-1180943236.T-1.S-45620 ID 0x8a4d5c1e LAD:1
2026-10-10T17:48:59.598967-04:00

***********************************************************************

Fatal NI connect error 12537, connecting to:
 (LOCAL=NO)

  VERSION INFORMATION:
	TNS for Linux: Version 19.0.0.0.0 - Production
	TCP/IP NT Protocol Adapter for Linux: Version 19.0.0.0.0 - Production
  Version 19.24.0.0.0
  Time: 10-OCT-2026 17:48:59
  Tracing not turned on.
  Tns error struct:
    ns main err code: 12537

TNS-12537: TNS:connection closed
    ns secondary err code: 12560
    nt main err code: 0
    nt secondary err code: 0
    nt OS err code: 0
  Client address: (ADDRESS=(PROTOCOL=tcp)(HOST=10.20.183.9)(PORT=62905))
2026-10-10T18:14:53.017837-04:00
Thread 1 advanced to log sequence 45622 (LGWR switch),  current SCN: 12755864203
  Current log# 3 seq# 45622 mem# 0: /u02/oradata/PRODDB/redo03a.log
  Current log# 3 seq# 45622 mem# 1: /u02/oradata/PRODDB/redo03b.log
2026-10-10T18:15:21.516806-04:00
ARC0 (PID:11131): Archived Log entry 89396 added for B-1180943236.T-1.S-45621 ID 0x8a4d5c1e LAD:1
2026-10-10T19:22:52.217539-04:00
Thread 1 advanced to log sequence 45623 (LGWR switch),  current SCN: 12766876924
  Current log# 4 seq# 45623 mem# 0: /u02/oradata/PRODDB/redo04a.log
  Current log# 4 seq# 45623 mem# 1: /u02/oradata/PRODDB/redo04b.log
2026-10-10T19:22:58.081099-04:00
ARC1 (PID:11122): Archived Log entry 89397 added for B-1180943236.T-1.S-45622 ID 0x8a4d5c1e LAD:1
2026-10-10T19:58:05.530687-04:00
Thread 1 advanced to log sequence 45624 (LGWR switch),  current SCN: 12772584011
  Current log# 1 seq# 45624 mem# 0: /u02/oradata/PRODDB/redo01a.log
  Current log# 1 seq# 45624 mem# 1: /u02/oradata/PRODDB/redo01b.log
2026-10-10T19:58:51.094258-04:00
ARC2 (PID:11111): Archived Log entry 89398 added for B-1180943236.T-1.S-45623 ID 0x8a4d5c1e LAD:1
2026-10-10T21:09:06.424078-04:00
Thread 1 advanced to log sequence 45625 (LGWR switch),  current SCN: 12784088106
  Current log# 2 seq# 45625 mem# 0: /u02/oradata/PRODDB/redo02a.log
  Current log# 2 seq# 45625 mem# 1: /u02/oradata/PRODDB/redo02b.log
2026-10-10T21:09:10.431709-04:00
ARC0 (PID:11131): Archived Log entry 89399 added for B-1180943236.T-1.S-45624 ID 0x8a4d5c1e LAD:1
2026-10-10T21:54:21.516580-04:00
Thread 1 advanced to log sequence 45626 (LGWR switch),  current SCN: 12791418595
  Current log# 3 seq# 45626 mem# 0: /u02/oradata/PRODDB/redo03a.log
  Current log# 3 seq# 45626 mem# 1: /u02/oradata/PRODDB/redo03b.log
2026-10-10T21:54:55.095350-04:00
ARC0 (PID:11131): Archived Log entry 89400 added for B-1180943236.T-1.S-45625 ID 0x8a4d5c1e LAD:1
2026-10-10T22:36:17.865721-04:00
Thread 1 advanced to log sequence 45627 (LGWR switch),  current SCN: 12798211342
  Current log# 4 seq# 45627 mem# 0: /u02/oradata/PRODDB/redo04a.log
  Current log# 4 seq# 45627 mem# 1: /u02/oradata/PRODDB/redo04b.log
2026-10-10T22:36:50.555574-04:00
ARC3 (PID:11143): Archived Log entry 89401 added for B-1180943236.T-1.S-45626 ID 0x8a4d5c1e LAD:1
2026-10-11T00:00:36.892952-04:00
TABLE SYS.WRI$_OPTSTAT_HISTHEAD_HISTORY: ADDED INTERVAL PARTITION SYS_P7943 (46168) VALUES LESS THAN (TO_DATE(' 2026-10-12 00:00:00', 'SYYYY-MM-DD HH24:MI:SS', 'NLS_CALENDAR=GREGORIAN'))
2026-10-11T00:29:16.729298-04:00
Thread 1 advanced to log sequence 45628 (LGWR switch),  current SCN: 12816516386
  Current log# 1 seq# 45628 mem# 0: /u02/oradata/PRODDB/redo01a.log
  Current log# 1 seq# 45628 mem# 1: /u02/oradata/PRODDB/redo01b.log
2026-10-11T00:29:41.412688-04:00
ARC3 (PID:11143): Archived Log entry 89402 added for B-1180943236.T-1.S-45627 ID 0x8a4d5c1e LAD:1
2026-10-11T01:18:32.756065-04:00
Thread 1 advanced to log sequence 45629 (LGWR switch),  current SCN: 12824495657
  Current log# 2 seq# 45629 mem# 0: /u02/oradata/PRODDB/redo02a.log
  Current log# 2 seq# 45629 mem# 1: /u02/oradata/PRODDB/redo02b.log
2026-10-11T01:18:52.914695-04:00
ARC3 (PID:11143): Archived Log entry 89403 added for B-1180943236.T-1.S-45628 ID 0x8a4d5c1e LAD:1
2026-10-11T01:36:16.228808-04:00
Starting control autobackup
Control autobackup written to DISK device

handle '/u03/fra/PRODDB/autobackup/2026_10_11/o1_mf_s_1270581558_.bkp'
2026-10-11T02:07:18.560605-04:00
Errors in file /u01/app/oracle/diag/rdbms/proddb/PRODDB/trace/PRODDB_arc1_11122.trc:
ORA-19809: limit exceeded for recovery files
ORA-19804: cannot reclaim 46137344 bytes disk space from 214748364800 bytes limit
ARC1 (PID:11122): Error 19809 Creating archive log file to '/u03/fra/PRODDB/archivelog/2026_10_11/o1_mf_1_45629_.arc'
2026-10-11T02:07:20.669320-04:00
ARC1 (PID:11122): Archival stopped, error occurred. Will continue retrying
ORACLE Instance PRODDB - Archival Error
2026-10-11T02:12:56.270866-04:00
Errors in file /u01/app/oracle/diag/rdbms/proddb/PRODDB/trace/PRODDB_arc1_11122.trc:
ORA-16038: log 2 sequence# 45629 cannot be archived
ORA-19809: limit exceeded for recovery files
ORA-00312: online log 2 thread 1: '/u02/oradata/PRODDB/redo02a.log'
2026-10-11T02:13:19.744604-04:00
Errors in file /u01/app/oracle/diag/rdbms/proddb/PRODDB/trace/PRODDB_ora_57405.trc:
ORA-00257: Archiver error. Connect AS SYSDBA only until resolved.
2026-10-11T02:15:53.114873-04:00
Thread 1 advanced to log sequence 45630 (LGWR switch),  current SCN: 12833785780
  Current log# 3 seq# 45630 mem# 0: /u02/oradata/PRODDB/redo03a.log
  Current log# 3 seq# 45630 mem# 1: /u02/oradata/PRODDB/redo03b.log
2026-10-11T02:20:59.115362-04:00
Errors in file /u01/app/oracle/diag/rdbms/proddb/PRODDB/trace/PRODDB_arc1_11122.trc:
ORA-16038: log 2 sequence# 45629 cannot be archived
ORA-19809: limit exceeded for recovery files
ORA-00312: online log 2 thread 1: '/u02/oradata/PRODDB/redo02a.log'
2026-10-11T02:21:21.689940-04:00
Errors in file /u01/app/oracle/diag/rdbms/proddb/PRODDB/trace/PRODDB_ora_8396.trc:
ORA-00257: Archiver error. Connect AS SYSDBA only until resolved.
2026-10-11T02:24:44.527398-04:00
Errors in file /u01/app/oracle/diag/rdbms/proddb/PRODDB/trace/PRODDB_arc1_11122.trc:
ORA-16038: log 2 sequence# 45629 cannot be archived
ORA-19809: limit exceeded for recovery files
ORA-00312: online log 2 thread 1: '/u02/oradata/PRODDB/redo02a.log'
2026-10-11T02:31:06.464534-04:00
Errors in file /u01/app/oracle/diag/rdbms/proddb/PRODDB/trace/PRODDB_arc1_11122.trc:
ORA-16038: log 2 sequence# 45629 cannot be archived
ORA-19809: limit exceeded for recovery files
ORA-00312: online log 2 thread 1: '/u02/oradata/PRODDB/redo02a.log'
2026-10-11T02:31:53.859514-04:00
Errors in file /u01/app/oracle/diag/rdbms/proddb/PRODDB/trace/PRODDB_ora_60955.trc:
ORA-00257: Archiver error. Connect AS SYSDBA only until resolved.
2026-10-11T02:38:01.337099-04:00
Errors in file /u01/app/oracle/diag/rdbms/proddb/PRODDB/trace/PRODDB_arc1_11122.trc:
ORA-16038: log 2 sequence# 45629 cannot be archived
ORA-19809: limit exceeded for recovery files
ORA-00312: online log 2 thread 1: '/u02/oradata/PRODDB/redo02a.log'
2026-10-11T02:38:25.930422-04:00
Errors in file /u01/app/oracle/diag/rdbms/proddb/PRODDB/trace/PRODDB_ora_29556.trc:
ORA-00257: Archiver error. Connect AS SYSDBA only until resolved.
2026-10-11T02:46:20.757465-04:00
Errors in file /u01/app/oracle/diag/rdbms/proddb/PRODDB/trace/PRODDB_arc1_11122.trc:
ORA-16038: log 2 sequence# 45629 cannot be archived
ORA-19809: limit exceeded for recovery files
ORA-00312: online log 2 thread 1: '/u02/oradata/PRODDB/redo02a.log'
2026-10-11T02:46:44.260290-04:00
Errors in file /u01/app/oracle/diag/rdbms/proddb/PRODDB/trace/PRODDB_ora_32393.trc:
ORA-00257: Archiver error. Connect AS SYSDBA only until resolved.
2026-10-11T02:50:02.825341-04:00
Errors in file /u01/app/oracle/diag/rdbms/proddb/PRODDB/trace/PRODDB_arc1_11122.trc:
ORA-16038: log 2 sequence# 45629 cannot be archived
ORA-19809: limit exceeded for recovery files
ORA-00312: online log 2 thread 1: '/u02/oradata/PRODDB/redo02a.log'
2026-10-11T02:56:33.846091-04:00
Errors in file /u01/app/oracle/diag/rdbms/proddb/PRODDB/trace/PRODDB_arc1_11122.trc:
ORA-16038: log 2 sequence# 45629 cannot be archived
ORA-19809: limit exceeded for recovery files
ORA-00312: online log 2 thread 1: '/u02/oradata/PRODDB/redo02a.log'
2026-10-11T03:02:23.058999-04:00
Errors in file /u01/app/oracle/diag/rdbms/proddb/PRODDB/trace/PRODDB_arc1_11122.trc:
ORA-16038: log 2 sequence# 45629 cannot be archived
ORA-19809: limit exceeded for recovery files
ORA-00312: online log 2 thread 1: '/u02/oradata/PRODDB/redo02a.log'
2026-10-11T03:03:11.410581-04:00
Errors in file /u01/app/oracle/diag/rdbms/proddb/PRODDB/trace/PRODDB_ora_27013.trc:
ORA-00257: Archiver error. Connect AS SYSDBA only until resolved.
2026-10-11T03:07:10.319766-04:00
Errors in file /u01/app/oracle/diag/rdbms/proddb/PRODDB/trace/PRODDB_arc1_11122.trc:
ORA-16038: log 2 sequence# 45629 cannot be archived
ORA-19809: limit exceeded for recovery files
ORA-00312: online log 2 thread 1: '/u02/oradata/PRODDB/redo02a.log'
2026-10-11T03:10:25.657128-04:00
ORA-1652: unable to extend temp segment by 128 in tablespace                 TEMP
2026-10-11T03:11:04.753346-04:00
Errors in file /u01/app/oracle/diag/rdbms/proddb/PRODDB/trace/PRODDB_arc1_11122.trc:
ORA-16038: log 2 sequence# 45629 cannot be archived
ORA-19809: limit exceeded for recovery files
ORA-00312: online log 2 thread 1: '/u02/oradata/PRODDB/redo02a.log'
2026-10-11T03:11:46.493980-04:00
Errors in file /u01/app/oracle/diag/rdbms/proddb/PRODDB/trace/PRODDB_ora_60513.trc:
ORA-00257: Archiver error. Connect AS SYSDBA only until resolved.
2026-10-11T03:19:59.887233-04:00
Errors in file /u01/app/oracle/diag/rdbms/proddb/PRODDB/trace/PRODDB_arc1_11122.trc:
ORA-16038: log 2 sequence# 45629 cannot be archived
ORA-19809: limit exceeded for recovery files
ORA-00312: online log 2 thread 1: '/u02/oradata/PRODDB/redo02a.log'
2026-10-11T03:20:50.553831-04:00
Errors in file /u01/app/oracle/diag/rdbms/proddb/PRODDB/trace/PRODDB_ora_13819.trc:
ORA-00257: Archiver error. Connect AS SYSDBA only until resolved.
2026-10-11T03:23:29.177967-04:00
Errors in file /u01/app/oracle/diag/rdbms/proddb/PRODDB/trace/PRODDB_arc1_11122.trc:
ORA-16038: log 2 sequence# 45629 cannot be archived
ORA-19809: limit exceeded for recovery files
ORA-00312: online log 2 thread 1: '/u02/oradata/PRODDB/redo02a.log'
2026-10-11T03:27:33.151236-04:00
Errors in file /u01/app/oracle/diag/rdbms/proddb/PRODDB/trace/PRODDB_arc1_11122.trc:
ORA-16038: log 2 sequence# 45629 cannot be archived
ORA-19809: limit exceeded for recovery files
ORA-00312: online log 2 thread 1: '/u02/oradata/PRODDB/redo02a.log'
2026-10-11T03:28:05.705469-04:00
Errors in file /u01/app/oracle/diag/rdbms/proddb/PRODDB/trace/PRODDB_ora_19925.trc:
ORA-00257: Archiver error. Connect AS SYSDBA only until resolved.
2026-10-11T03:35:06.692292-04:00
Errors in file /u01/app/oracle/diag/rdbms/proddb/PRODDB/trace/PRODDB_arc1_11122.trc:
ORA-16038: log 2 sequence# 45629 cannot be archived
ORA-19809: limit exceeded for recovery files
ORA-00312: online log 2 thread 1: '/u02/oradata/PRODDB/redo02a.log'
2026-10-11T03:35:22.338850-04:00
Errors in file /u01/app/oracle/diag/rdbms/proddb/PRODDB/trace/PRODDB_ora_34084.trc:
ORA-00257: Archiver error. Connect AS SYSDBA only until resolved.
2026-10-11T03:41:27.908166-04:00
Thread 1 advanced to log sequence 45631 (LGWR switch),  current SCN: 12847648249
  Current log# 4 seq# 45631 mem# 0: /u02/oradata/PRODDB/redo04a.log
  Current log# 4 seq# 45631 mem# 1: /u02/oradata/PRODDB/redo04b.log
2026-10-11T03:42:41.492715-04:00
Errors in file /u01/app/oracle/diag/rdbms/proddb/PRODDB/trace/PRODDB_arc1_11122.trc:
ORA-16038: log 2 sequence# 45629 cannot be archived
ORA-19809: limit exceeded for recovery files
ORA-00312: online log 2 thread 1: '/u02/oradata/PRODDB/redo02a.log'
2026-10-11T03:43:13.850665-04:00
Errors in file /u01/app/oracle/diag/rdbms/proddb/PRODDB/trace/PRODDB_ora_43516.trc:
ORA-00257: Archiver error. Connect AS SYSDBA only until resolved.
2026-10-11T03:46:47.882922-04:00
ALTER SYSTEM SET db_recovery_file_dest_size='300G' SCOPE=BOTH;
2026-10-11T03:47:07.784268-04:00
ARC1 (PID:11122): Archiver process freed from errors. No longer stopped
2026-10-11T04:34:29.517703-04:00
Thread 1 advanced to log sequence 45632 (LGWR switch),  current SCN: 12856238919
  Current log# 1 seq# 45632 mem# 0: /u02/oradata/PRODDB/redo01a.log
  Current log# 1 seq# 45632 mem# 1: /u02/oradata/PRODDB/redo01b.log
2026-10-11T04:34:52.020360-04:00
ARC3 (PID:11143): Archived Log entry 89406 added for B-1180943236.T-1.S-45631 ID 0x8a4d5c1e LAD:1
2026-10-11T05:53:13.050107-04:00
Thread 1 advanced to log sequence 45633 (LGWR switch),  current SCN: 12868992849
  Current log# 2 seq# 45633 mem# 0: /u02/oradata/PRODDB/redo02a.log
  Current log# 2 seq# 45633 mem# 1: /u02/oradata/PRODDB/redo02b.log
2026-10-11T05:53:27.878914-04:00
ARC0 (PID:11131): Archived Log entry 89407 added for B-1180943236.T-1.S-45632 ID 0x8a4d5c1e LAD:1
2026-10-11T06:15:53.745635-04:00
Resize operation completed for file# 10, fname /u02/oradata/PRODDB/apps_ts_tx_data02.dbf, old size 25165824K, new size 25268224K
2026-10-11T06:40:54.285543-04:00
Thread 1 advanced to log sequence 45634 (LGWR switch),  current SCN: 12876717565
  Current log# 3 seq# 45634 mem# 0: /u02/oradata/PRODDB/redo03a.log
  Current log# 3 seq# 45634 mem# 1: /u02/oradata/PRODDB/redo03b.log
2026-10-11T06:41:43.929542-04:00
ARC3 (PID:11143): Archived Log entry 89408 added for B-1180943236.T-1.S-45633 ID 0x8a4d5c1e LAD:1
2026-10-11T08:01:28.506725-04:00
Thread 1 advanced to log sequence 45635 (LGWR switch),  current SCN: 12889769840
  Current log# 4 seq# 45635 mem# 0: /u02/oradata/PRODDB/redo04a.log
  Current log# 4 seq# 45635 mem# 1: /u02/oradata/PRODDB/redo04b.log
2026-10-11T08:01:34.137711-04:00
ARC2 (PID:11111): Archived Log entry 89409 added for B-1180943236.T-1.S-45634 ID 0x8a4d5c1e LAD:1
2026-10-11T09:23:57.031627-04:00
Thread 1 advanced to log sequence 45636 (LGWR switch),  current SCN: 12903133126
  Current log# 1 seq# 45636 mem# 0: /u02/oradata/PRODDB/redo01a.log
  Current log# 1 seq# 45636 mem# 1: /u02/oradata/PRODDB/redo01b.log
2026-10-11T09:24:45.494236-04:00
ARC2 (PID:11111): Archived Log entry 89410 added for B-1180943236.T-1.S-45635 ID 0x8a4d5c1e LAD:1
2026-10-11T10:09:22.407135-04:00

***********************************************************************

Fatal NI connect error 12537, connecting to:
 (LOCAL=NO)

  VERSION INFORMATION:
	TNS for Linux: Version 19.0.0.0.0 - Production
	TCP/IP NT Protocol Adapter for Linux: Version 19.0.0.0.0 - Production
  Version 19.24.0.0.0
  Time: 11-OCT-2026 10:09:22
  Tracing not turned on.
  Tns error struct:
    ns main err code: 12537

TNS-12537: TNS:connection closed
    ns secondary err code: 12560
    nt main err code: 0
    nt secondary err code: 0
    nt OS err code: 0
  Client address: (ADDRESS=(PROTOCOL=tcp)(HOST=10.20.233.108)(PORT=56515))
2026-10-11T10:23:09.967761-04:00
Thread 1 advanced to log sequence 45637 (LGWR switch),  current SCN: 12912724030
  Current log# 2 seq# 45637 mem# 0: /u02/oradata/PRODDB/redo02a.log
  Current log# 2 seq# 45637 mem# 1: /u02/oradata/PRODDB/redo02b.log
2026-10-11T10:23:23.351458-04:00
ARC0 (PID:11131): Archived Log entry 89411 added for B-1180943236.T-1.S-45636 ID 0x8a4d5c1e LAD:1
2026-10-11T11:50:40.009810-04:00
Thread 1 advanced to log sequence 45638 (LGWR switch),  current SCN: 12926900785
  Current log# 3 seq# 45638 mem# 0: /u02/oradata/PRODDB/redo03a.log
  Current log# 3 seq# 45638 mem# 1: /u02/oradata/PRODDB/redo03b.log
2026-10-11T11:50:57.834010-04:00
ARC0 (PID:11131): Archived Log entry 89412 added for B-1180943236.T-1.S-45637 ID 0x8a4d5c1e LAD:1
2026-10-11T12:33:29.841339-04:00
opiodr aborting process unknown ospid (58185) as a result of ORA-609
2026-10-11T12:53:03.977160-04:00
Thread 1 advanced to log sequence 45639 (LGWR switch),  current SCN: 12937007466
  Current log# 4 seq# 45639 mem# 0: /u02/oradata/PRODDB/redo04a.log
  Current log# 4 seq# 45639 mem# 1: /u02/oradata/PRODDB/redo04b.log
2026-10-11T12:53:51.223316-04:00
ARC2 (PID:11111): Archived Log entry 89413 added for B-1180943236.T-1.S-45638 ID 0x8a4d5c1e LAD:1
2026-10-11T13:27:20.687237-04:00

***********************************************************************

Fatal NI connect error 12537, connecting to:
 (LOCAL=NO)

  VERSION INFORMATION:
	TNS for Linux: Version 19.0.0.0.0 - Production
	TCP/IP NT Protocol Adapter for Linux: Version 19.0.0.0.0 - Production
  Version 19.24.0.0.0
  Time: 11-OCT-2026 13:27:20
  Tracing not turned on.
  Tns error struct:
    ns main err code: 12537

TNS-12537: TNS:connection closed
    ns secondary err code: 12560
    nt main err code: 0
    nt secondary err code: 0
    nt OS err code: 0
  Client address: (ADDRESS=(PROTOCOL=tcp)(HOST=10.20.36.185)(PORT=31668))
2026-10-11T13:44:30.197038-04:00
Thread 1 advanced to log sequence 45640 (LGWR switch),  current SCN: 12945340527
  Current log# 1 seq# 45640 mem# 0: /u02/oradata/PRODDB/redo01a.log
  Current log# 1 seq# 45640 mem# 1: /u02/oradata/PRODDB/redo01b.log
2026-10-11T13:45:04.749754-04:00
ARC3 (PID:11143): Archived Log entry 89414 added for B-1180943236.T-1.S-45639 ID 0x8a4d5c1e LAD:1
2026-10-11T14:57:36.938733-04:00
Thread 1 advanced to log sequence 45641 (LGWR switch),  current SCN: 12957186710
  Current log# 2 seq# 45641 mem# 0: /u02/oradata/PRODDB/redo02a.log
  Current log# 2 seq# 45641 mem# 1: /u02/oradata/PRODDB/redo02b.log
2026-10-11T14:57:55.199402-04:00
ARC0 (PID:11131): Archived Log entry 89415 added for B-1180943236.T-1.S-45640 ID 0x8a4d5c1e LAD:1
2026-10-11T15:22:39.802658-04:00
opiodr aborting process unknown ospid (35901) as a result of ORA-609
2026-10-11T15:31:47.638635-04:00
Resize operation completed for file# 10, fname /u02/oradata/PRODDB/apps_ts_tx_data02.dbf, old size 29360128K, new size 29462528K
2026-10-11T16:01:56.908877-04:00
Thread 1 advanced to log sequence 45642 (LGWR switch),  current SCN: 12967607717
  Current log# 3 seq# 45642 mem# 0: /u02/oradata/PRODDB/redo03a.log
  Current log# 3 seq# 45642 mem# 1: /u02/oradata/PRODDB/redo03b.log
2026-10-11T16:02:30.056492-04:00
ARC1 (PID:11122): Archived Log entry 89416 added for B-1180943236.T-1.S-45641 ID 0x8a4d5c1e LAD:1
2026-10-11T16:25:08.505139-04:00
Resize operation completed for file# 9, fname /u02/oradata/PRODDB/ar_data01.dbf, old size 25165824K, new size 25268224K
2026-10-11T17:10:01.603469-04:00
Thread 1 advanced to log sequence 45643 (LGWR switch),  current SCN: 12978636681
  Current log# 4 seq# 45643 mem# 0: /u02/oradata/PRODDB/redo04a.log
  Current log# 4 seq# 45643 mem# 1: /u02/oradata/PRODDB/redo04b.log
2026-10-11T17:10:21.027840-04:00
ARC1 (PID:11122): Archived Log entry 89417 added for B-1180943236.T-1.S-45642 ID 0x8a4d5c1e LAD:1
2026-10-11T17:59:42.172892-04:00
TT00 (PID:11131): Error 12170 received logging on to the standby
Errors in file /u01/app/oracle/diag/rdbms/proddb/PRODDB/trace/PRODDB_tt00_11131.trc:
ORA-12170: TNS:Connect timeout occurred
2026-10-11T18:03:38.020053-04:00
TT00 (PID:11131): Attempting LAD:2 network reconnect (12170)
TT00 (PID:11131): LAD:2 network reconnect successful
2026-10-11T18:34:52.470005-04:00
Thread 1 advanced to log sequence 45644 (LGWR switch),  current SCN: 12992382740
  Current log# 1 seq# 45644 mem# 0: /u02/oradata/PRODDB/redo01a.log
  Current log# 1 seq# 45644 mem# 1: /u02/oradata/PRODDB/redo01b.log
2026-10-11T18:34:56.780566-04:00
ARC2 (PID:11111): Archived Log entry 89418 added for B-1180943236.T-1.S-45643 ID 0x8a4d5c1e LAD:1
2026-10-11T19:12:52.014273-04:00
Thread 1 advanced to log sequence 45645 (LGWR switch),  current SCN: 12998535348
  Current log# 2 seq# 45645 mem# 0: /u02/oradata/PRODDB/redo02a.log
  Current log# 2 seq# 45645 mem# 1: /u02/oradata/PRODDB/redo02b.log
2026-10-11T19:13:08.797804-04:00
ARC1 (PID:11122): Archived Log entry 89419 added for B-1180943236.T-1.S-45644 ID 0x8a4d5c1e LAD:1
2026-10-11T20:01:21.739097-04:00
Thread 1 advanced to log sequence 45646 (LGWR switch),  current SCN: 13006393437
  Current log# 3 seq# 45646 mem# 0: /u02/oradata/PRODDB/redo03a.log
  Current log# 3 seq# 45646 mem# 1: /u02/oradata/PRODDB/redo03b.log
2026-10-11T20:02:05.951723-04:00
ARC2 (PID:11111): Archived Log entry 89420 added for B-1180943236.T-1.S-45645 ID 0x8a4d5c1e LAD:1
2026-10-11T21:07:10.241396-04:00
Thread 1 advanced to log sequence 45647 (LGWR switch),  current SCN: 13017052530
  Current log# 4 seq# 45647 mem# 0: /u02/oradata/PRODDB/redo04a.log
  Current log# 4 seq# 45647 mem# 1: /u02/oradata/PRODDB/redo04b.log
2026-10-11T21:07:43.290559-04:00
ARC0 (PID:11131): Archived Log entry 89421 added for B-1180943236.T-1.S-45646 ID 0x8a4d5c1e LAD:1
2026-10-11T21:50:05.847107-04:00
Thread 1 advanced to log sequence 45648 (LGWR switch),  current SCN: 13024008623
  Current log# 1 seq# 45648 mem# 0: /u02/oradata/PRODDB/redo01a.log
  Current log# 1 seq# 45648 mem# 1: /u02/oradata/PRODDB/redo01b.log
2026-10-11T21:50:22.930143-04:00
ARC0 (PID:11131): Archived Log entry 89422 added for B-1180943236.T-1.S-45647 ID 0x8a4d5c1e LAD:1
2026-10-11T23:01:36.692283-04:00
Thread 1 advanced to log sequence 45649 (LGWR switch),  current SCN: 13035591726
  Current log# 2 seq# 45649 mem# 0: /u02/oradata/PRODDB/redo02a.log
  Current log# 2 seq# 45649 mem# 1: /u02/oradata/PRODDB/redo02b.log
2026-10-11T23:02:24.447297-04:00
ARC2 (PID:11111): Archived Log entry 89423 added for B-1180943236.T-1.S-45648 ID 0x8a4d5c1e LAD:1
2026-10-11T23:42:38.671712-04:00
Resize operation completed for file# 6, fname /u02/oradata/PRODDB/apps_ts_tx_idx01.dbf, old size 26214400K, new size 26316800K
2026-10-12T00:00:36.975402-04:00
TABLE SYS.WRI$_OPTSTAT_HISTHEAD_HISTORY: ADDED INTERVAL PARTITION SYS_P4072 (41978) VALUES LESS THAN (TO_DATE(' 2026-10-13 00:00:00', 'SYYYY-MM-DD HH24:MI:SS', 'NLS_CALENDAR=GREGORIAN'))
2026-10-12T00:25:38.532146-04:00
Thread 1 advanced to log sequence 45650 (LGWR switch),  current SCN: 13049206885
  Current log# 3 seq# 45650 mem# 0: /u02/oradata/PRODDB/redo03a.log
  Current log# 3 seq# 45650 mem# 1: /u02/oradata/PRODDB/redo03b.log
2026-10-12T00:26:05.100605-04:00
ARC0 (PID:11131): Archived Log entry 89424 added for B-1180943236.T-1.S-45649 ID 0x8a4d5c1e LAD:1
2026-10-12T01:39:40.339499-04:00
Thread 1 advanced to log sequence 45651 (LGWR switch),  current SCN: 13061200137
  Current log# 4 seq# 45651 mem# 0: /u02/oradata/PRODDB/redo04a.log
  Current log# 4 seq# 45651 mem# 1: /u02/oradata/PRODDB/redo04b.log
2026-10-12T01:40:23.568535-04:00
ARC3 (PID:11143): Archived Log entry 89425 added for B-1180943236.T-1.S-45650 ID 0x8a4d5c1e LAD:1
2026-10-12T01:45:20.479247-04:00
Starting control autobackup
Control autobackup written to DISK device

handle '/u03/fra/PRODDB/autobackup/2026_10_12/o1_mf_s_1231487470_.bkp'
2026-10-12T02:00:00.864607-04:00
Closing scheduler window
Restoring Resource Manager plan DEFAULT_PLAN via scheduler window
Setting Resource Manager plan DEFAULT_PLAN via parameter
2026-10-12T03:00:57.452513-04:00
Thread 1 advanced to log sequence 45652 (LGWR switch),  current SCN: 13074366684
  Current log# 1 seq# 45652 mem# 0: /u02/oradata/PRODDB/redo01a.log
  Current log# 1 seq# 45652 mem# 1: /u02/oradata/PRODDB/redo01b.log
2026-10-12T03:01:37.849399-04:00
ARC0 (PID:11131): Archived Log entry 89426 added for B-1180943236.T-1.S-45651 ID 0x8a4d5c1e LAD:1
2026-10-12T04:15:40.576121-04:00
Thread 1 advanced to log sequence 45653 (LGWR switch),  current SCN: 13086471032
  Current log# 2 seq# 45653 mem# 0: /u02/oradata/PRODDB/redo02a.log
  Current log# 2 seq# 45653 mem# 1: /u02/oradata/PRODDB/redo02b.log
2026-10-12T04:15:46.614061-04:00
ARC0 (PID:11131): Archived Log entry 89427 added for B-1180943236.T-1.S-45652 ID 0x8a4d5c1e LAD:1
2026-10-12T04:57:37.200078-04:00
Thread 1 advanced to log sequence 45654 (LGWR switch),  current SCN: 13093266509
  Current log# 3 seq# 45654 mem# 0: /u02/oradata/PRODDB/redo03a.log
  Current log# 3 seq# 45654 mem# 1: /u02/oradata/PRODDB/redo03b.log
2026-10-12T04:57:47.308048-04:00
ARC3 (PID:11143): Archived Log entry 89428 added for B-1180943236.T-1.S-45653 ID 0x8a4d5c1e LAD:1
2026-10-12T05:47:47.327998-04:00
Thread 1 advanced to log sequence 45655 (LGWR switch),  current SCN: 13101393125
  Current log# 4 seq# 45655 mem# 0: /u02/oradata/PRODDB/redo04a.log
  Current log# 4 seq# 45655 mem# 1: /u02/oradata/PRODDB/redo04b.log
2026-10-12T05:48:03.320997-04:00
ARC1 (PID:11122): Archived Log entry 89429 added for B-1180943236.T-1.S-45654 ID 0x8a4d5c1e LAD:1
2026-10-12T07:03:55.265895-04:00
Thread 1 advanced to log sequence 45656 (LGWR switch),  current SCN: 13113728518
  Current log# 1 seq# 45656 mem# 0: /u02/oradata/PRODDB/redo01a.log
  Current log# 1 seq# 45656 mem# 1: /u02/oradata/PRODDB/redo01b.log
2026-10-12T07:04:24.949944-04:00
ARC2 (PID:11111): Archived Log entry 89430 added for B-1180943236.T-1.S-45655 ID 0x8a4d5c1e LAD:1
2026-10-12T07:44:59.329172-04:00
Thread 1 advanced to log sequence 45657 (LGWR switch),  current SCN: 13120380042
  Current log# 2 seq# 45657 mem# 0: /u02/oradata/PRODDB/redo02a.log
  Current log# 2 seq# 45657 mem# 1: /u02/oradata/PRODDB/redo02b.log
2026-10-12T07:45:41.418642-04:00
ARC2 (PID:11111): Archived Log entry 89431 added for B-1180943236.T-1.S-45656 ID 0x8a4d5c1e LAD:1
2026-10-12T09:02:02.340708-04:00
Thread 1 advanced to log sequence 45658 (LGWR switch),  current SCN: 13132861102
  Current log# 3 seq# 45658 mem# 0: /u02/oradata/PRODDB/redo03a.log
  Current log# 3 seq# 45658 mem# 1: /u02/oradata/PRODDB/redo03b.log
2026-10-12T09:02:37.152116-04:00
ARC0 (PID:11131): Archived Log entry 89432 added for B-1180943236.T-1.S-45657 ID 0x8a4d5c1e LAD:1
2026-10-12T09:23:09.335106-04:00
Thread 1 advanced to log sequence 45659 (LGWR switch),  current SCN: 13136282310
  Current log# 4 seq# 45659 mem# 0: /u02/oradata/PRODDB/redo04a.log
  Current log# 4 seq# 45659 mem# 1: /u02/oradata/PRODDB/redo04b.log
2026-10-12T09:23:42.720522-04:00
ARC0 (PID:11131): Archived Log entry 89433 added for B-1180943236.T-1.S-45658 ID 0x8a4d5c1e LAD:1
2026-10-12T09:44:07.106069-04:00
Thread 1 advanced to log sequence 45660 (LGWR switch),  current SCN: 13139678159
  Current log# 1 seq# 45660 mem# 0: /u02/oradata/PRODDB/redo01a.log
  Current log# 1 seq# 45660 mem# 1: /u02/oradata/PRODDB/redo01b.log
2026-10-12T09:44:31.971786-04:00
ARC1 (PID:11122): Archived Log entry 89434 added for B-1180943236.T-1.S-45659 ID 0x8a4d5c1e LAD:1
2026-10-12T10:01:29.345674-04:00
Thread 1 advanced to log sequence 45661 (LGWR switch),  current SCN: 13142493008
  Current log# 2 seq# 45661 mem# 0: /u02/oradata/PRODDB/redo02a.log
  Current log# 2 seq# 45661 mem# 1: /u02/oradata/PRODDB/redo02b.log
2026-10-12T10:01:45.492543-04:00
ARC3 (PID:11143): Archived Log entry 89435 added for B-1180943236.T-1.S-45660 ID 0x8a4d5c1e LAD:1
2026-10-12T10:23:05.308463-04:00
ORA-1654: unable to extend index ONT.OE_ORDER_LINES_N1 by 1024 in tablespace APPS_TS_TX_IDX
2026-10-12T10:28:16.548072-04:00
Thread 1 advanced to log sequence 45662 (LGWR switch),  current SCN: 13146833999
  Current log# 3 seq# 45662 mem# 0: /u02/oradata/PRODDB/redo03a.log
  Current log# 3 seq# 45662 mem# 1: /u02/oradata/PRODDB/redo03b.log
2026-10-12T10:29:01.638527-04:00
ARC0 (PID:11131): Archived Log entry 89436 added for B-1180943236.T-1.S-45661 ID 0x8a4d5c1e LAD:1
2026-10-12T10:29:04.023058-04:00
ORA-1654: unable to extend index ONT.OE_ORDER_LINES_N1 by 128 in tablespace APPS_TS_TX_IDX
2026-10-12T10:34:37.219674-04:00
ORA-1654: unable to extend index ONT.OE_ORDER_LINES_N1 by 8192 in tablespace APPS_TS_TX_IDX
2026-10-12T10:43:51.135937-04:00
ORA-1654: unable to extend index ONT.OE_ORDER_LINES_N1 by 1024 in tablespace APPS_TS_TX_IDX
2026-10-12T10:52:33.984608-04:00
ORA-1654: unable to extend index ONT.OE_ORDER_LINES_N1 by 1024 in tablespace APPS_TS_TX_IDX
2026-10-12T10:54:36.677169-04:00
Thread 1 advanced to log sequence 45663 (LGWR switch),  current SCN: 13151098461
  Current log# 4 seq# 45663 mem# 0: /u02/oradata/PRODDB/redo04a.log
  Current log# 4 seq# 45663 mem# 1: /u02/oradata/PRODDB/redo04b.log
2026-10-12T10:54:48.971215-04:00
ARC3 (PID:11143): Archived Log entry 89437 added for B-1180943236.T-1.S-45662 ID 0x8a4d5c1e LAD:1
2026-10-12T10:58:21.617942-04:00
Resize operation completed for file# 6, fname /u02/oradata/PRODDB/apps_ts_tx_idx01.dbf, old size 28311552K, new size 28413952K
2026-10-12T11:01:40.201773-04:00
ORA-1654: unable to extend index ONT.OE_ORDER_LINES_N1 by 8192 in tablespace APPS_TS_TX_IDX
2026-10-12T11:05:03.639037-04:00
ORA-1654: unable to extend index ONT.OE_ORDER_LINES_N1 by 128 in tablespace APPS_TS_TX_IDX
2026-10-12T11:06:14.023647-04:00
Thread 1 advanced to log sequence 45664 (LGWR switch),  current SCN: 13152981142
  Current log# 1 seq# 45664 mem# 0: /u02/oradata/PRODDB/redo01a.log
  Current log# 1 seq# 45664 mem# 1: /u02/oradata/PRODDB/redo01b.log
2026-10-12T11:06:32.940572-04:00
ARC0 (PID:11131): Archived Log entry 89438 added for B-1180943236.T-1.S-45663 ID 0x8a4d5c1e LAD:1
2026-10-12T11:08:49.016110-04:00
ALTER TABLESPACE APPS_TS_TX_IDX ADD DATAFILE '/u02/oradata/PRODDB/apps_ts_tx_idx08.dbf' SIZE 30G AUTOEXTEND ON NEXT 1G MAXSIZE UNLIMITED
2026-10-12T11:09:25.398948-04:00
Completed: ALTER TABLESPACE APPS_TS_TX_IDX ADD DATAFILE '/u02/oradata/PRODDB/apps_ts_tx_idx08.dbf' SIZE 30G AUTOEXTEND ON NEXT 1G MAXSIZE UNLIMITED
2026-10-12T11:20:23.228446-04:00
Thread 1 advanced to log sequence 45665 (LGWR switch),  current SCN: 13155275205
  Current log# 2 seq# 45665 mem# 0: /u02/oradata/PRODDB/redo02a.log
  Current log# 2 seq# 45665 mem# 1: /u02/oradata/PRODDB/redo02b.log
2026-10-12T11:20:54.970557-04:00
ARC2 (PID:11111): Archived Log entry 89439 added for B-1180943236.T-1.S-45664 ID 0x8a4d5c1e LAD:1
2026-10-12T11:32:10.753033-04:00
Thread 1 advanced to log sequence 45666 (LGWR switch),  current SCN: 13157186248
  Current log# 3 seq# 45666 mem# 0: /u02/oradata/PRODDB/redo03a.log
  Current log# 3 seq# 45666 mem# 1: /u02/oradata/PRODDB/redo03b.log
2026-10-12T11:32:37.552207-04:00
ARC2 (PID:11111): Archived Log entry 89440 added for B-1180943236.T-1.S-45665 ID 0x8a4d5c1e LAD:1
2026-10-12T11:54:21.741059-04:00
Thread 1 advanced to log sequence 45667 (LGWR switch),  current SCN: 13160779699
  Current log# 4 seq# 45667 mem# 0: /u02/oradata/PRODDB/redo04a.log
  Current log# 4 seq# 45667 mem# 1: /u02/oradata/PRODDB/redo04b.log
2026-10-12T11:54:26.629670-04:00
ARC0 (PID:11131): Archived Log entry 89441 added for B-1180943236.T-1.S-45666 ID 0x8a4d5c1e LAD:1
2026-10-12T12:19:41.956946-04:00
Thread 1 advanced to log sequence 45668 (LGWR switch),  current SCN: 13164884128
  Current log# 1 seq# 45668 mem# 0: /u02/oradata/PRODDB/redo01a.log
  Current log# 1 seq# 45668 mem# 1: /u02/oradata/PRODDB/redo01b.log
2026-10-12T12:20:07.716131-04:00
ARC2 (PID:11111): Archived Log entry 89442 added for B-1180943236.T-1.S-45667 ID 0x8a4d5c1e LAD:1
2026-10-12T12:32:19.004548-04:00
opiodr aborting process unknown ospid (34691) as a result of ORA-609
2026-10-12T12:37:35.430977-04:00
Thread 1 advanced to log sequence 45669 (LGWR switch),  current SCN: 13167780503
  Current log# 2 seq# 45669 mem# 0: /u02/oradata/PRODDB/redo02a.log
  Current log# 2 seq# 45669 mem# 1: /u02/oradata/PRODDB/redo02b.log
2026-10-12T12:38:01.364380-04:00
ARC0 (PID:11131): Archived Log entry 89443 added for B-1180943236.T-1.S-45668 ID 0x8a4d5c1e LAD:1
2026-10-12T12:53:45.070062-04:00
Thread 1 advanced to log sequence 45670 (LGWR switch),  current SCN: 13170399882
  Current log# 3 seq# 45670 mem# 0: /u02/oradata/PRODDB/redo03a.log
  Current log# 3 seq# 45670 mem# 1: /u02/oradata/PRODDB/redo03b.log
2026-10-12T12:54:05.526673-04:00
ARC3 (PID:11143): Archived Log entry 89444 added for B-1180943236.T-1.S-45669 ID 0x8a4d5c1e LAD:1
2026-10-12T13:10:42.061853-04:00
Thread 1 advanced to log sequence 45671 (LGWR switch),  current SCN: 13173144629
  Current log# 4 seq# 45671 mem# 0: /u02/oradata/PRODDB/redo04a.log
  Current log# 4 seq# 45671 mem# 1: /u02/oradata/PRODDB/redo04b.log
2026-10-12T13:11:26.152267-04:00
ARC3 (PID:11143): Archived Log entry 89445 added for B-1180943236.T-1.S-45670 ID 0x8a4d5c1e LAD:1
2026-10-12T13:35:02.615408-04:00
Thread 1 advanced to log sequence 45672 (LGWR switch),  current SCN: 13177088417
  Current log# 1 seq# 45672 mem# 0: /u02/oradata/PRODDB/redo01a.log
  Current log# 1 seq# 45672 mem# 1: /u02/oradata/PRODDB/redo01b.log
2026-10-12T13:35:14.994172-04:00
ARC0 (PID:11131): Archived Log entry 89446 added for B-1180943236.T-1.S-45671 ID 0x8a4d5c1e LAD:1
2026-10-12T13:52:32.036590-04:00
Thread 1 advanced to log sequence 45673 (LGWR switch),  current SCN: 13179921554
  Current log# 2 seq# 45673 mem# 0: /u02/oradata/PRODDB/redo02a.log
  Current log# 2 seq# 45673 mem# 1: /u02/oradata/PRODDB/redo02b.log
2026-10-12T13:52:45.836373-04:00
ARC3 (PID:11143): Archived Log entry 89447 added for B-1180943236.T-1.S-45672 ID 0x8a4d5c1e LAD:1
2026-10-12T13:52:46.406224-04:00
Errors in file /u01/app/oracle/diag/rdbms/proddb/PRODDB/trace/PRODDB_ora_49873.trc  (incident=48138):
ORA-00600: internal error code, arguments: [kdsgrp1], [], [], [], [], [], [], [], []
Incident details in: /u01/app/oracle/diag/rdbms/proddb/PRODDB/incident/incdir_48138/PRODDB_ora_49873_i48138.trc
Use ADRCI or Support Workbench to package the incident.
See Note 411.1 at My Oracle Support for error and packaging details.
2026-10-12T13:52:51.635605-04:00
Dumping diagnostic data in directory=[cdmp_20261012135246], requested by (instance=1, osid=49873), summary=[incident=48138].
2026-10-12T14:09:21.356412-04:00
Thread 1 advanced to log sequence 45674 (LGWR switch),  current SCN: 13182648907
  Current log# 3 seq# 45674 mem# 0: /u02/oradata/PRODDB/redo03a.log
  Current log# 3 seq# 45674 mem# 1: /u02/oradata/PRODDB/redo03b.log
2026-10-12T14:09:55.291303-04:00
ARC1 (PID:11122): Archived Log entry 89448 added for B-1180943236.T-1.S-45673 ID 0x8a4d5c1e LAD:1
2026-10-12T14:28:08.960889-04:00
Thread 1 advanced to log sequence 45675 (LGWR switch),  current SCN: 13185692273
  Current log# 4 seq# 45675 mem# 0: /u02/oradata/PRODDB/redo04a.log
  Current log# 4 seq# 45675 mem# 1: /u02/oradata/PRODDB/redo04b.log
2026-10-12T14:28:15.773115-04:00
ARC0 (PID:11131): Archived Log entry 89449 added for B-1180943236.T-1.S-45674 ID 0x8a4d5c1e LAD:1
2026-10-12T14:49:18.675061-04:00
Thread 1 cannot allocate new log, sequence 45676
Checkpoint not complete
  Current log# 4 seq# 45675 mem# 0: /u02/oradata/PRODDB/redo04a.log
2026-10-12T14:49:56.649995-04:00
Thread 1 advanced to log sequence 45676 (LGWR switch),  current SCN: 13189222176
  Current log# 1 seq# 45676 mem# 0: /u02/oradata/PRODDB/redo01a.log
  Current log# 1 seq# 45676 mem# 1: /u02/oradata/PRODDB/redo01b.log
2026-10-12T14:50:41.785806-04:00
ARC1 (PID:11122): Archived Log entry 89450 added for B-1180943236.T-1.S-45675 ID 0x8a4d5c1e LAD:1
2026-10-12T15:06:01.969553-04:00
Thread 1 advanced to log sequence 45677 (LGWR switch),  current SCN: 13191828661
  Current log# 2 seq# 45677 mem# 0: /u02/oradata/PRODDB/redo02a.log
  Current log# 2 seq# 45677 mem# 1: /u02/oradata/PRODDB/redo02b.log
2026-10-12T15:06:31.928798-04:00
ARC0 (PID:11131): Archived Log entry 89451 added for B-1180943236.T-1.S-45676 ID 0x8a4d5c1e LAD:1
2026-10-12T15:29:06.715019-04:00
Thread 1 advanced to log sequence 45678 (LGWR switch),  current SCN: 13195567578
  Current log# 3 seq# 45678 mem# 0: /u02/oradata/PRODDB/redo03a.log
  Current log# 3 seq# 45678 mem# 1: /u02/oradata/PRODDB/redo03b.log
2026-10-12T15:29:18.898857-04:00
ARC3 (PID:11143): Archived Log entry 89452 added for B-1180943236.T-1.S-45677 ID 0x8a4d5c1e LAD:1
2026-10-12T15:53:59.214600-04:00
Thread 1 advanced to log sequence 45679 (LGWR switch),  current SCN: 13199597471
  Current log# 4 seq# 45679 mem# 0: /u02/oradata/PRODDB/redo04a.log
  Current log# 4 seq# 45679 mem# 1: /u02/oradata/PRODDB/redo04b.log
2026-10-12T15:54:02.246566-04:00
ARC0 (PID:11131): Archived Log entry 89453 added for B-1180943236.T-1.S-45678 ID 0x8a4d5c1e LAD:1
2026-10-12T16:20:48.185133-04:00
Thread 1 advanced to log sequence 45680 (LGWR switch),  current SCN: 13203942098
  Current log# 1 seq# 45680 mem# 0: /u02/oradata/PRODDB/redo01a.log
  Current log# 1 seq# 45680 mem# 1: /u02/oradata/PRODDB/redo01b.log
2026-10-12T16:21:00.771549-04:00
ARC3 (PID:11143): Archived Log entry 89454 added for B-1180943236.T-1.S-45679 ID 0x8a4d5c1e LAD:1
2026-10-12T16:44:19.584417-04:00
Thread 1 advanced to log sequence 45681 (LGWR switch),  current SCN: 13207753268
  Current log# 2 seq# 45681 mem# 0: /u02/oradata/PRODDB/redo02a.log
  Current log# 2 seq# 45681 mem# 1: /u02/oradata/PRODDB/redo02b.log
2026-10-12T16:44:25.769002-04:00
ARC2 (PID:11111): Archived Log entry 89455 added for B-1180943236.T-1.S-45680 ID 0x8a4d5c1e LAD:1
2026-10-12T16:58:20.183360-04:00
Thread 1 advanced to log sequence 45682 (LGWR switch),  current SCN: 13210022680
  Current log# 3 seq# 45682 mem# 0: /u02/oradata/PRODDB/redo03a.log
  Current log# 3 seq# 45682 mem# 1: /u02/oradata/PRODDB/redo03b.log
2026-10-12T16:58:28.241889-04:00
ARC1 (PID:11122): Archived Log entry 89456 added for B-1180943236.T-1.S-45681 ID 0x8a4d5c1e LAD:1
2026-10-12T17:16:19.576776-04:00
Thread 1 advanced to log sequence 45683 (LGWR switch),  current SCN: 13212937935
  Current log# 4 seq# 45683 mem# 0: /u02/oradata/PRODDB/redo04a.log
  Current log# 4 seq# 45683 mem# 1: /u02/oradata/PRODDB/redo04b.log
2026-10-12T17:16:50.815895-04:00
ARC3 (PID:11143): Archived Log entry 89457 added for B-1180943236.T-1.S-45682 ID 0x8a4d5c1e LAD:1
2026-10-12T17:24:49.819023-04:00

***********************************************************************

Fatal NI connect error 12537, connecting to:
 (LOCAL=NO)

  VERSION INFORMATION:
	TNS for Linux: Version 19.0.0.0.0 - Production
	TCP/IP NT Protocol Adapter for Linux: Version 19.0.0.0.0 - Production
  Version 19.24.0.0.0
  Time: 12-OCT-2026 17:24:49
  Tracing not turned on.
  Tns error struct:
    ns main err code: 12537

TNS-12537: TNS:connection closed
    ns secondary err code: 12560
    nt main err code: 0
    nt secondary err code: 0
    nt OS err code: 0
  Client address: (ADDRESS=(PROTOCOL=tcp)(HOST=10.20.124.237)(PORT=63314))
2026-10-12T17:28:28.372992-04:00
Thread 1 advanced to log sequence 45684 (LGWR switch),  current SCN: 13214904084
  Current log# 1 seq# 45684 mem# 0: /u02/oradata/PRODDB/redo01a.log
  Current log# 1 seq# 45684 mem# 1: /u02/oradata/PRODDB/redo01b.log
2026-10-12T17:28:37.110918-04:00
ARC0 (PID:11131): Archived Log entry 89458 added for B-1180943236.T-1.S-45683 ID 0x8a4d5c1e LAD:1
2026-10-12T17:45:53.013689-04:00
Thread 1 advanced to log sequence 45685 (LGWR switch),  current SCN: 13217726463
  Current log# 2 seq# 45685 mem# 0: /u02/oradata/PRODDB/redo02a.log
  Current log# 2 seq# 45685 mem# 1: /u02/oradata/PRODDB/redo02b.log
2026-10-12T17:46:34.662649-04:00
ARC0 (PID:11131): Archived Log entry 89459 added for B-1180943236.T-1.S-45684 ID 0x8a4d5c1e LAD:1
2026-10-12T18:07:22.144332-04:00
Thread 1 advanced to log sequence 45686 (LGWR switch),  current SCN: 13221205524
  Current log# 3 seq# 45686 mem# 0: /u02/oradata/PRODDB/redo03a.log
  Current log# 3 seq# 45686 mem# 1: /u02/oradata/PRODDB/redo03b.log
2026-10-12T18:08:06.258775-04:00
ARC1 (PID:11122): Archived Log entry 89460 added for B-1180943236.T-1.S-45685 ID 0x8a4d5c1e LAD:1
2026-10-12T18:25:35.124642-04:00
Thread 1 advanced to log sequence 45687 (LGWR switch),  current SCN: 13224155826
  Current log# 4 seq# 45687 mem# 0: /u02/oradata/PRODDB/redo04a.log
  Current log# 4 seq# 45687 mem# 1: /u02/oradata/PRODDB/redo04b.log
2026-10-12T18:25:52.144572-04:00
ARC0 (PID:11131): Archived Log entry 89461 added for B-1180943236.T-1.S-45686 ID 0x8a4d5c1e LAD:1
2026-10-12T18:43:45.725885-04:00
Thread 1 advanced to log sequence 45688 (LGWR switch),  current SCN: 13227101032
  Current log# 1 seq# 45688 mem# 0: /u02/oradata/PRODDB/redo01a.log
  Current log# 1 seq# 45688 mem# 1: /u02/oradata/PRODDB/redo01b.log
2026-10-12T18:44:33.765111-04:00
ARC3 (PID:11143): Archived Log entry 89462 added for B-1180943236.T-1.S-45687 ID 0x8a4d5c1e LAD:1
2026-10-12T19:00:17.908647-04:00
Thread 1 advanced to log sequence 45689 (LGWR switch),  current SCN: 13229780399
  Current log# 2 seq# 45689 mem# 0: /u02/oradata/PRODDB/redo02a.log
  Current log# 2 seq# 45689 mem# 1: /u02/oradata/PRODDB/redo02b.log
2026-10-12T19:00:27.230337-04:00
ARC0 (PID:11131): Archived Log entry 89463 added for B-1180943236.T-1.S-45688 ID 0x8a4d5c1e LAD:1
2026-10-12T20:05:26.617413-04:00
Resize operation completed for file# 5, fname /u02/oradata/PRODDB/apps_ts_tx_data01.dbf, old size 31457280K, new size 31559680K
2026-10-12T20:14:49.513350-04:00
Thread 1 advanced to log sequence 45690 (LGWR switch),  current SCN: 13241855006
  Current log# 3 seq# 45690 mem# 0: /u02/oradata/PRODDB/redo03a.log
  Current log# 3 seq# 45690 mem# 1: /u02/oradata/PRODDB/redo03b.log
2026-10-12T20:15:15.381243-04:00
ARC2 (PID:11111): Archived Log entry 89464 added for B-1180943236.T-1.S-45689 ID 0x8a4d5c1e LAD:1
2026-10-12T21:27:51.530066-04:00
Thread 1 advanced to log sequence 45691 (LGWR switch),  current SCN: 13253684193
  Current log# 4 seq# 45691 mem# 0: /u02/oradata/PRODDB/redo04a.log
  Current log# 4 seq# 45691 mem# 1: /u02/oradata/PRODDB/redo04b.log
2026-10-12T21:28:29.238638-04:00
ARC2 (PID:11111): Archived Log entry 89465 added for B-1180943236.T-1.S-45690 ID 0x8a4d5c1e LAD:1
2026-10-12T22:00:00.819378-04:00
Setting Resource Manager plan SCHEDULER[0x4D52]:DEFAULT_MAINTENANCE_PLAN via scheduler window
Setting Resource Manager plan DEFAULT_MAINTENANCE_PLAN via parameter
2026-10-12T22:25:16.808081-04:00
Thread 1 advanced to log sequence 45692 (LGWR switch),  current SCN: 13262988407
  Current log# 1 seq# 45692 mem# 0: /u02/oradata/PRODDB/redo01a.log
  Current log# 1 seq# 45692 mem# 1: /u02/oradata/PRODDB/redo01b.log
2026-10-12T22:25:30.212937-04:00
ARC0 (PID:11131): Archived Log entry 89466 added for B-1180943236.T-1.S-45691 ID 0x8a4d5c1e LAD:1
2026-10-12T23:08:43.065347-04:00
Thread 1 advanced to log sequence 45693 (LGWR switch),  current SCN: 13270023573
  Current log# 2 seq# 45693 mem# 0: /u02/oradata/PRODDB/redo02a.log
  Current log# 2 seq# 45693 mem# 1: /u02/oradata/PRODDB/redo02b.log
2026-10-12T23:08:51.580310-04:00
ARC3 (PID:11143): Archived Log entry 89467 added for B-1180943236.T-1.S-45692 ID 0x8a4d5c1e LAD:1
2026-10-13T00:00:36.880919-04:00
TABLE SYS.WRI$_OPTSTAT_HISTHEAD_HISTORY: ADDED INTERVAL PARTITION SYS_P8145 (44533) VALUES LESS THAN (TO_DATE(' 2026-10-14 00:00:00', 'SYYYY-MM-DD HH24:MI:SS', 'NLS_CALENDAR=GREGORIAN'))
2026-10-13T00:13:47.058271-04:00
Thread 1 advanced to log sequence 45694 (LGWR switch),  current SCN: 13280564007
  Current log# 3 seq# 45694 mem# 0: /u02/oradata/PRODDB/redo03a.log
  Current log# 3 seq# 45694 mem# 1: /u02/oradata/PRODDB/redo03b.log
2026-10-13T00:14:34.000574-04:00
ARC0 (PID:11131): Archived Log entry 89468 added for B-1180943236.T-1.S-45693 ID 0x8a4d5c1e LAD:1
2026-10-13T01:06:29.474353-04:00
Thread 1 advanced to log sequence 45695 (LGWR switch),  current SCN: 13289102774
  Current log# 4 seq# 45695 mem# 0: /u02/oradata/PRODDB/redo04a.log
  Current log# 4 seq# 45695 mem# 1: /u02/oradata/PRODDB/redo04b.log
2026-10-13T01:06:54.537721-04:00
ARC0 (PID:11131): Archived Log entry 89469 added for B-1180943236.T-1.S-45694 ID 0x8a4d5c1e LAD:1
2026-10-13T01:36:28.768577-04:00
Starting control autobackup
Control autobackup written to DISK device

handle '/u03/fra/PRODDB/autobackup/2026_10_13/o1_mf_s_1729693657_.bkp'
2026-10-13T01:48:31.019535-04:00
Resize operation completed for file# 6, fname /u02/oradata/PRODDB/apps_ts_tx_idx01.dbf, old size 32505856K, new size 32608256K
2026-10-13T02:00:00.347668-04:00
Closing scheduler window
Restoring Resource Manager plan DEFAULT_PLAN via scheduler window
Setting Resource Manager plan DEFAULT_PLAN via parameter
2026-10-13T02:08:38.670405-04:00
Thread 1 advanced to log sequence 45696 (LGWR switch),  current SCN: 13299171992
  Current log# 1 seq# 45696 mem# 0: /u02/oradata/PRODDB/redo01a.log
  Current log# 1 seq# 45696 mem# 1: /u02/oradata/PRODDB/redo01b.log
2026-10-13T02:09:28.702922-04:00
ARC1 (PID:11122): Archived Log entry 89470 added for B-1180943236.T-1.S-45695 ID 0x8a4d5c1e LAD:1
2026-10-13T03:17:18.847495-04:00
Thread 1 advanced to log sequence 45697 (LGWR switch),  current SCN: 13310297542
  Current log# 2 seq# 45697 mem# 0: /u02/oradata/PRODDB/redo02a.log
  Current log# 2 seq# 45697 mem# 1: /u02/oradata/PRODDB/redo02b.log
2026-10-13T03:18:06.295131-04:00
ARC2 (PID:11111): Archived Log entry 89471 added for B-1180943236.T-1.S-45696 ID 0x8a4d5c1e LAD:1
2026-10-13T03:55:08.126050-04:00
Thread 1 advanced to log sequence 45698 (LGWR switch),  current SCN: 13316424187
  Current log# 3 seq# 45698 mem# 0: /u02/oradata/PRODDB/redo03a.log
  Current log# 3 seq# 45698 mem# 1: /u02/oradata/PRODDB/redo03b.log
2026-10-13T03:55:37.552326-04:00
ARC3 (PID:11143): Archived Log entry 89472 added for B-1180943236.T-1.S-45697 ID 0x8a4d5c1e LAD:1
2026-10-13T05:28:41.015572-04:00
Thread 1 advanced to log sequence 45699 (LGWR switch),  current SCN: 13331579183
  Current log# 4 seq# 45699 mem# 0: /u02/oradata/PRODDB/redo04a.log
  Current log# 4 seq# 45699 mem# 1: /u02/oradata/PRODDB/redo04b.log
2026-10-13T05:28:44.467525-04:00
ARC0 (PID:11131): Archived Log entry 89473 added for B-1180943236.T-1.S-45698 ID 0x8a4d5c1e LAD:1
2026-10-13T06:18:46.166499-04:00
Thread 1 advanced to log sequence 45700 (LGWR switch),  current SCN: 13339692219
  Current log# 1 seq# 45700 mem# 0: /u02/oradata/PRODDB/redo01a.log
  Current log# 1 seq# 45700 mem# 1: /u02/oradata/PRODDB/redo01b.log
2026-10-13T06:19:03.471555-04:00
ARC3 (PID:11143): Archived Log entry 89474 added for B-1180943236.T-1.S-45699 ID 0x8a4d5c1e LAD:1
2026-10-13T07:30:00.685672-04:00
opiodr aborting process unknown ospid (32939) as a result of ORA-609
2026-10-13T07:31:47.898384-04:00
Thread 1 advanced to log sequence 45701 (LGWR switch),  current SCN: 13351522643
  Current log# 2 seq# 45701 mem# 0: /u02/oradata/PRODDB/redo02a.log
  Current log# 2 seq# 45701 mem# 1: /u02/oradata/PRODDB/redo02b.log
2026-10-13T07:32:27.727539-04:00
ARC2 (PID:11111): Archived Log entry 89475 added for B-1180943236.T-1.S-45700 ID 0x8a4d5c1e LAD:1
2026-10-13T08:51:06.334616-04:00
Thread 1 advanced to log sequence 45702 (LGWR switch),  current SCN: 13364370378
  Current log# 3 seq# 45702 mem# 0: /u02/oradata/PRODDB/redo03a.log
  Current log# 3 seq# 45702 mem# 1: /u02/oradata/PRODDB/redo03b.log
2026-10-13T08:51:27.045105-04:00
ARC1 (PID:11122): Archived Log entry 89476 added for B-1180943236.T-1.S-45701 ID 0x8a4d5c1e LAD:1
2026-10-13T09:04:17.390518-04:00
Thread 1 advanced to log sequence 45703 (LGWR switch),  current SCN: 13366507752
  Current log# 4 seq# 45703 mem# 0: /u02/oradata/PRODDB/redo04a.log
  Current log# 4 seq# 45703 mem# 1: /u02/oradata/PRODDB/redo04b.log
2026-10-13T09:05:07.733266-04:00
ARC1 (PID:11122): Archived Log entry 89477 added for B-1180943236.T-1.S-45702 ID 0x8a4d5c1e LAD:1
2026-10-13T09:16:26.389245-04:00
Thread 1 advanced to log sequence 45704 (LGWR switch),  current SCN: 13368475787
  Current log# 1 seq# 45704 mem# 0: /u02/oradata/PRODDB/redo01a.log
  Current log# 1 seq# 45704 mem# 1: /u02/oradata/PRODDB/redo01b.log
2026-10-13T09:16:37.265321-04:00
ARC2 (PID:11111): Archived Log entry 89478 added for B-1180943236.T-1.S-45703 ID 0x8a4d5c1e LAD:1
2026-10-13T09:36:57.148137-04:00
Thread 1 advanced to log sequence 45705 (LGWR switch),  current SCN: 13371798691
  Current log# 2 seq# 45705 mem# 0: /u02/oradata/PRODDB/redo02a.log
  Current log# 2 seq# 45705 mem# 1: /u02/oradata/PRODDB/redo02b.log
2026-10-13T09:37:45.784551-04:00
ARC3 (PID:11143): Archived Log entry 89479 added for B-1180943236.T-1.S-45704 ID 0x8a4d5c1e LAD:1
2026-10-13T09:44:31.155852-04:00
opiodr aborting process unknown ospid (52803) as a result of ORA-609
2026-10-13T09:49:44.329973-04:00
Thread 1 advanced to log sequence 45706 (LGWR switch),  current SCN: 13373870104
  Current log# 3 seq# 45706 mem# 0: /u02/oradata/PRODDB/redo03a.log
  Current log# 3 seq# 45706 mem# 1: /u02/oradata/PRODDB/redo03b.log
2026-10-13T09:50:27.637183-04:00
ARC0 (PID:11131): Archived Log entry 89480 added for B-1180943236.T-1.S-45705 ID 0x8a4d5c1e LAD:1
2026-10-13T10:14:55.411129-04:00
Thread 1 advanced to log sequence 45707 (LGWR switch),  current SCN: 13377948700
  Current log# 4 seq# 45707 mem# 0: /u02/oradata/PRODDB/redo04a.log
  Current log# 4 seq# 45707 mem# 1: /u02/oradata/PRODDB/redo04b.log
2026-10-13T10:15:02.404967-04:00
ARC2 (PID:11111): Archived Log entry 89481 added for B-1180943236.T-1.S-45706 ID 0x8a4d5c1e LAD:1
2026-10-13T10:37:39.071737-04:00
Thread 1 advanced to log sequence 45708 (LGWR switch),  current SCN: 13381632300
  Current log# 1 seq# 45708 mem# 0: /u02/oradata/PRODDB/redo01a.log
  Current log# 1 seq# 45708 mem# 1: /u02/oradata/PRODDB/redo01b.log
2026-10-13T10:38:14.046049-04:00
ARC0 (PID:11131): Archived Log entry 89482 added for B-1180943236.T-1.S-45707 ID 0x8a4d5c1e LAD:1
2026-10-13T10:55:08.181091-04:00
Thread 1 advanced to log sequence 45709 (LGWR switch),  current SCN: 13384465155
  Current log# 2 seq# 45709 mem# 0: /u02/oradata/PRODDB/redo02a.log
  Current log# 2 seq# 45709 mem# 1: /u02/oradata/PRODDB/redo02b.log
2026-10-13T10:55:26.010988-04:00
ARC2 (PID:11111): Archived Log entry 89483 added for B-1180943236.T-1.S-45708 ID 0x8a4d5c1e LAD:1
2026-10-13T11:08:58.885118-04:00
Thread 1 advanced to log sequence 45710 (LGWR switch),  current SCN: 13386707295
  Current log# 3 seq# 45710 mem# 0: /u02/oradata/PRODDB/redo03a.log
  Current log# 3 seq# 45710 mem# 1: /u02/oradata/PRODDB/redo03b.log
2026-10-13T11:09:15.503265-04:00
ARC2 (PID:11111): Archived Log entry 89484 added for B-1180943236.T-1.S-45709 ID 0x8a4d5c1e LAD:1
2026-10-13T11:16:02.476728-04:00
TT00 (PID:11131): Error 12537 received logging on to the standby
Errors in file /u01/app/oracle/diag/rdbms/proddb/PRODDB/trace/PRODDB_tt00_11131.trc:
ORA-12537: TNS:connection closed
2026-10-13T11:16:55.041843-04:00
TT00 (PID:11131): Attempting LAD:2 network reconnect (12537)
TT00 (PID:11131): LAD:2 network reconnect successful
2026-10-13T11:32:31.963542-04:00
Thread 1 advanced to log sequence 45711 (LGWR switch),  current SCN: 13390522039
  Current log# 4 seq# 45711 mem# 0: /u02/oradata/PRODDB/redo04a.log
  Current log# 4 seq# 45711 mem# 1: /u02/oradata/PRODDB/redo04b.log
2026-10-13T11:32:42.076372-04:00
ARC0 (PID:11131): Archived Log entry 89485 added for B-1180943236.T-1.S-45710 ID 0x8a4d5c1e LAD:1
2026-10-13T11:48:45.736276-04:00
Thread 1 advanced to log sequence 45712 (LGWR switch),  current SCN: 13393150996
  Current log# 1 seq# 45712 mem# 0: /u02/oradata/PRODDB/redo01a.log
  Current log# 1 seq# 45712 mem# 1: /u02/oradata/PRODDB/redo01b.log
2026-10-13T11:48:50.778520-04:00
ARC1 (PID:11122): Archived Log entry 89486 added for B-1180943236.T-1.S-45711 ID 0x8a4d5c1e LAD:1
2026-10-13T12:14:42.410669-04:00
Thread 1 advanced to log sequence 45713 (LGWR switch),  current SCN: 13397353581
  Current log# 2 seq# 45713 mem# 0: /u02/oradata/PRODDB/redo02a.log
  Current log# 2 seq# 45713 mem# 1: /u02/oradata/PRODDB/redo02b.log
2026-10-13T12:15:08.844840-04:00
ARC0 (PID:11131): Archived Log entry 89487 added for B-1180943236.T-1.S-45712 ID 0x8a4d5c1e LAD:1
2026-10-13T12:34:25.987688-04:00
Thread 1 advanced to log sequence 45714 (LGWR switch),  current SCN: 13400548913
  Current log# 3 seq# 45714 mem# 0: /u02/oradata/PRODDB/redo03a.log
  Current log# 3 seq# 45714 mem# 1: /u02/oradata/PRODDB/redo03b.log
2026-10-13T12:35:00.873898-04:00
ARC2 (PID:11111): Archived Log entry 89488 added for B-1180943236.T-1.S-45713 ID 0x8a4d5c1e LAD:1
2026-10-13T12:53:34.777357-04:00
Thread 1 advanced to log sequence 45715 (LGWR switch),  current SCN: 13403652386
  Current log# 4 seq# 45715 mem# 0: /u02/oradata/PRODDB/redo04a.log
  Current log# 4 seq# 45715 mem# 1: /u02/oradata/PRODDB/redo04b.log
2026-10-13T12:53:58.005381-04:00
ARC1 (PID:11122): Archived Log entry 89489 added for B-1180943236.T-1.S-45714 ID 0x8a4d5c1e LAD:1
2026-10-13T13:05:04.210491-04:00
Thread 1 advanced to log sequence 45716 (LGWR switch),  current SCN: 13405512505
  Current log# 1 seq# 45716 mem# 0: /u02/oradata/PRODDB/redo01a.log
  Current log# 1 seq# 45716 mem# 1: /u02/oradata/PRODDB/redo01b.log
2026-10-13T13:05:46.468260-04:00
ARC0 (PID:11131): Archived Log entry 89490 added for B-1180943236.T-1.S-45715 ID 0x8a4d5c1e LAD:1
2026-10-13T13:07:52.525465-04:00

***********************************************************************

Fatal NI connect error 12537, connecting to:
 (LOCAL=NO)

  VERSION INFORMATION:
	TNS for Linux: Version 19.0.0.0.0 - Production
	TCP/IP NT Protocol Adapter for Linux: Version 19.0.0.0.0 - Production
  Version 19.24.0.0.0
  Time: 13-OCT-2026 13:07:52
  Tracing not turned on.
  Tns error struct:
    ns main err code: 12537

TNS-12537: TNS:connection closed
    ns secondary err code: 12560
    nt main err code: 0
    nt secondary err code: 0
    nt OS err code: 0
  Client address: (ADDRESS=(PROTOCOL=tcp)(HOST=10.20.75.35)(PORT=60454))
2026-10-13T13:18:51.267131-04:00
Thread 1 advanced to log sequence 45717 (LGWR switch),  current SCN: 13407747144
  Current log# 2 seq# 45717 mem# 0: /u02/oradata/PRODDB/redo02a.log
  Current log# 2 seq# 45717 mem# 1: /u02/oradata/PRODDB/redo02b.log
2026-10-13T13:19:00.259166-04:00
ARC3 (PID:11143): Archived Log entry 89491 added for B-1180943236.T-1.S-45716 ID 0x8a4d5c1e LAD:1
2026-10-13T13:38:32.595540-04:00
Thread 1 advanced to log sequence 45718 (LGWR switch),  current SCN: 13410935236
  Current log# 3 seq# 45718 mem# 0: /u02/oradata/PRODDB/redo03a.log
  Current log# 3 seq# 45718 mem# 1: /u02/oradata/PRODDB/redo03b.log
2026-10-13T13:39:16.674581-04:00
ARC3 (PID:11143): Archived Log entry 89492 added for B-1180943236.T-1.S-45717 ID 0x8a4d5c1e LAD:1
2026-10-13T13:53:16.806564-04:00
Resize operation completed for file# 5, fname /u02/oradata/PRODDB/apps_ts_tx_data01.dbf, old size 30408704K, new size 30511104K
2026-10-13T14:05:26.910575-04:00
Thread 1 advanced to log sequence 45719 (LGWR switch),  current SCN: 13415295550
  Current log# 4 seq# 45719 mem# 0: /u02/oradata/PRODDB/redo04a.log
  Current log# 4 seq# 45719 mem# 1: /u02/oradata/PRODDB/redo04b.log
2026-10-13T14:05:59.501042-04:00
ARC0 (PID:11131): Archived Log entry 89493 added for B-1180943236.T-1.S-45718 ID 0x8a4d5c1e LAD:1
2026-10-13T14:21:25.058862-04:00
Thread 1 advanced to log sequence 45720 (LGWR switch),  current SCN: 13417882832
  Current log# 1 seq# 45720 mem# 0: /u02/oradata/PRODDB/redo01a.log
  Current log# 1 seq# 45720 mem# 1: /u02/oradata/PRODDB/redo01b.log
2026-10-13T14:21:44.587151-04:00
ARC1 (PID:11122): Archived Log entry 89494 added for B-1180943236.T-1.S-45719 ID 0x8a4d5c1e LAD:1
2026-10-13T14:32:42.034656-04:00
Thread 1 advanced to log sequence 45721 (LGWR switch),  current SCN: 13419708241
  Current log# 2 seq# 45721 mem# 0: /u02/oradata/PRODDB/redo02a.log
  Current log# 2 seq# 45721 mem# 1: /u02/oradata/PRODDB/redo02b.log
2026-10-13T14:33:10.486299-04:00
ARC2 (PID:11111): Archived Log entry 89495 added for B-1180943236.T-1.S-45720 ID 0x8a4d5c1e LAD:1
2026-10-13T14:50:48.626908-04:00
Thread 1 advanced to log sequence 45722 (LGWR switch),  current SCN: 13422643723
  Current log# 3 seq# 45722 mem# 0: /u02/oradata/PRODDB/redo03a.log
  Current log# 3 seq# 45722 mem# 1: /u02/oradata/PRODDB/redo03b.log
2026-10-13T14:51:16.001139-04:00
ARC0 (PID:11131): Archived Log entry 89496 added for B-1180943236.T-1.S-45721 ID 0x8a4d5c1e LAD:1
2026-10-13T15:02:47.858040-04:00
Thread 1 cannot allocate new log, sequence 45723
Checkpoint not complete
  Current log# 3 seq# 45722 mem# 0: /u02/oradata/PRODDB/redo03a.log
2026-10-13T15:02:56.847544-04:00
Thread 1 advanced to log sequence 45723 (LGWR switch),  current SCN: 13424608703
  Current log# 4 seq# 45723 mem# 0: /u02/oradata/PRODDB/redo04a.log
  Current log# 4 seq# 45723 mem# 1: /u02/oradata/PRODDB/redo04b.log
2026-10-13T15:03:43.954813-04:00
ARC0 (PID:11131): Archived Log entry 89497 added for B-1180943236.T-1.S-45722 ID 0x8a4d5c1e LAD:1
2026-10-13T15:14:14.573249-04:00
Thread 1 advanced to log sequence 45724 (LGWR switch),  current SCN: 13426440374
  Current log# 1 seq# 45724 mem# 0: /u02/oradata/PRODDB/redo01a.log
  Current log# 1 seq# 45724 mem# 1: /u02/oradata/PRODDB/redo01b.log
2026-10-13T15:15:00.777947-04:00
ARC2 (PID:11111): Archived Log entry 89498 added for B-1180943236.T-1.S-45723 ID 0x8a4d5c1e LAD:1
2026-10-13T15:35:10.524771-04:00
Thread 1 advanced to log sequence 45725 (LGWR switch),  current SCN: 13429829120
  Current log# 2 seq# 45725 mem# 0: /u02/oradata/PRODDB/redo02a.log
  Current log# 2 seq# 45725 mem# 1: /u02/oradata/PRODDB/redo02b.log
2026-10-13T15:35:36.967372-04:00
ARC3 (PID:11143): Archived Log entry 89499 added for B-1180943236.T-1.S-45724 ID 0x8a4d5c1e LAD:1
2026-10-13T15:59:43.004607-04:00
Thread 1 cannot allocate new log, sequence 45726
Checkpoint not complete
  Current log# 2 seq# 45725 mem# 0: /u02/oradata/PRODDB/redo02a.log
2026-10-13T15:59:57.675771-04:00
Thread 1 advanced to log sequence 45726 (LGWR switch),  current SCN: 13433846429
  Current log# 3 seq# 45726 mem# 0: /u02/oradata/PRODDB/redo03a.log
  Current log# 3 seq# 45726 mem# 1: /u02/oradata/PRODDB/redo03b.log
2026-10-13T16:00:47.855211-04:00
ARC1 (PID:11122): Archived Log entry 89500 added for B-1180943236.T-1.S-45725 ID 0x8a4d5c1e LAD:1
2026-10-13T16:24:18.266605-04:00
Thread 1 advanced to log sequence 45727 (LGWR switch),  current SCN: 13437789811
  Current log# 4 seq# 45727 mem# 0: /u02/oradata/PRODDB/redo04a.log
  Current log# 4 seq# 45727 mem# 1: /u02/oradata/PRODDB/redo04b.log
2026-10-13T16:24:40.667487-04:00
ARC1 (PID:11122): Archived Log entry 89501 added for B-1180943236.T-1.S-45726 ID 0x8a4d5c1e LAD:1
2026-10-13T16:50:16.802927-04:00
Thread 1 advanced to log sequence 45728 (LGWR switch),  current SCN: 13441996239
  Current log# 1 seq# 45728 mem# 0: /u02/oradata/PRODDB/redo01a.log
  Current log# 1 seq# 45728 mem# 1: /u02/oradata/PRODDB/redo01b.log
2026-10-13T16:50:19.474078-04:00
ARC2 (PID:11111): Archived Log entry 89502 added for B-1180943236.T-1.S-45727 ID 0x8a4d5c1e LAD:1
2026-10-13T16:52:57.546699-04:00
TT00 (PID:11131): Error 12170 received logging on to the standby
Errors in file /u01/app/oracle/diag/rdbms/proddb/PRODDB/trace/PRODDB_tt00_11131.trc:
ORA-12170: TNS:Connect timeout occurred
2026-10-13T16:55:47.875427-04:00
TT00 (PID:11131): Attempting LAD:2 network reconnect (12170)
TT00 (PID:11131): LAD:2 network reconnect successful
2026-10-13T17:16:00.685750-04:00
Thread 1 advanced to log sequence 45729 (LGWR switch),  current SCN: 13446167060
  Current log# 2 seq# 45729 mem# 0: /u02/oradata/PRODDB/redo02a.log
  Current log# 2 seq# 45729 mem# 1: /u02/oradata/PRODDB/redo02b.log
2026-10-13T17:16:40.267585-04:00
ARC0 (PID:11131): Archived Log entry 89503 added for B-1180943236.T-1.S-45728 ID 0x8a4d5c1e LAD:1
2026-10-13T17:33:06.339446-04:00
Thread 1 advanced to log sequence 45730 (LGWR switch),  current SCN: 13448936202
  Current log# 3 seq# 45730 mem# 0: /u02/oradata/PRODDB/redo03a.log
  Current log# 3 seq# 45730 mem# 1: /u02/oradata/PRODDB/redo03b.log
2026-10-13T17:33:23.034830-04:00
ARC2 (PID:11111): Archived Log entry 89504 added for B-1180943236.T-1.S-45729 ID 0x8a4d5c1e LAD:1
2026-10-13T17:35:51.657057-04:00
Resize operation completed for file# 8, fname /u02/oradata/PRODDB/apps_ts_media01.dbf, old size 25165824K, new size 25268224K
2026-10-13T17:56:27.217129-04:00
Thread 1 advanced to log sequence 45731 (LGWR switch),  current SCN: 13452718213
  Current log# 4 seq# 45731 mem# 0: /u02/oradata/PRODDB/redo04a.log
  Current log# 4 seq# 45731 mem# 1: /u02/oradata/PRODDB/redo04b.log
2026-10-13T17:57:11.887926-04:00
ARC3 (PID:11143): Archived Log entry 89505 added for B-1180943236.T-1.S-45730 ID 0x8a4d5c1e LAD:1
2026-10-13T18:15:40.783529-04:00
Thread 1 advanced to log sequence 45732 (LGWR switch),  current SCN: 13455832817
  Current log# 1 seq# 45732 mem# 0: /u02/oradata/PRODDB/redo01a.log
  Current log# 1 seq# 45732 mem# 1: /u02/oradata/PRODDB/redo01b.log
2026-10-13T18:15:55.672207-04:00
ARC2 (PID:11111): Archived Log entry 89506 added for B-1180943236.T-1.S-45731 ID 0x8a4d5c1e LAD:1
2026-10-13T18:28:57.312291-04:00
Thread 1 advanced to log sequence 45733 (LGWR switch),  current SCN: 13457981657
  Current log# 2 seq# 45733 mem# 0: /u02/oradata/PRODDB/redo02a.log
  Current log# 2 seq# 45733 mem# 1: /u02/oradata/PRODDB/redo02b.log
2026-10-13T18:29:34.902312-04:00
ARC0 (PID:11131): Archived Log entry 89507 added for B-1180943236.T-1.S-45732 ID 0x8a4d5c1e LAD:1
2026-10-13T18:50:33.371429-04:00
Thread 1 advanced to log sequence 45734 (LGWR switch),  current SCN: 13461481528
  Current log# 3 seq# 45734 mem# 0: /u02/oradata/PRODDB/redo03a.log
  Current log# 3 seq# 45734 mem# 1: /u02/oradata/PRODDB/redo03b.log
2026-10-13T18:50:51.770088-04:00
ARC0 (PID:11131): Archived Log entry 89508 added for B-1180943236.T-1.S-45733 ID 0x8a4d5c1e LAD:1
2026-10-13T19:04:06.486914-04:00
Thread 1 advanced to log sequence 45735 (LGWR switch),  current SCN: 13463677197
  Current log# 4 seq# 45735 mem# 0: /u02/oradata/PRODDB/redo04a.log
  Current log# 4 seq# 45735 mem# 1: /u02/oradata/PRODDB/redo04b.log
2026-10-13T19:04:30.252602-04:00
ARC3 (PID:11143): Archived Log entry 89509 added for B-1180943236.T-1.S-45734 ID 0x8a4d5c1e LAD:1
2026-10-13T19:46:48.139957-04:00
Thread 1 advanced to log sequence 45736 (LGWR switch),  current SCN: 13470593449
  Current log# 1 seq# 45736 mem# 0: /u02/oradata/PRODDB/redo01a.log
  Current log# 1 seq# 45736 mem# 1: /u02/oradata/PRODDB/redo01b.log
2026-10-13T19:46:56.751631-04:00
ARC1 (PID:11122): Archived Log entry 89510 added for B-1180943236.T-1.S-45735 ID 0x8a4d5c1e LAD:1
2026-10-13T20:36:01.146802-04:00
Resize operation completed for file# 6, fname /u02/oradata/PRODDB/apps_ts_tx_idx01.dbf, old size 25165824K, new size 25268224K
2026-10-13T20:58:58.653284-04:00
Thread 1 advanced to log sequence 45737 (LGWR switch),  current SCN: 13482285142
  Current log# 2 seq# 45737 mem# 0: /u02/oradata/PRODDB/redo02a.log
  Current log# 2 seq# 45737 mem# 1: /u02/oradata/PRODDB/redo02b.log
2026-10-13T20:59:21.218904-04:00
ARC1 (PID:11122): Archived Log entry 89511 added for B-1180943236.T-1.S-45736 ID 0x8a4d5c1e LAD:1
2026-10-13T22:00:00.920530-04:00
Setting Resource Manager plan SCHEDULER[0x4D52]:DEFAULT_MAINTENANCE_PLAN via scheduler window
Setting Resource Manager plan DEFAULT_MAINTENANCE_PLAN via parameter
2026-10-13T22:01:00.681245-04:00
Thread 1 advanced to log sequence 45738 (LGWR switch),  current SCN: 13492335421
  Current log# 3 seq# 45738 mem# 0: /u02/oradata/PRODDB/redo03a.log
  Current log# 3 seq# 45738 mem# 1: /u02/oradata/PRODDB/redo03b.log
2026-10-13T22:01:47.647510-04:00
ARC2 (PID:11111): Archived Log entry 89512 added for B-1180943236.T-1.S-45737 ID 0x8a4d5c1e LAD:1
2026-10-13T22:45:09.251224-04:00
Thread 1 advanced to log sequence 45739 (LGWR switch),  current SCN: 13499486700
  Current log# 4 seq# 45739 mem# 0: /u02/oradata/PRODDB/redo04a.log
  Current log# 4 seq# 45739 mem# 1: /u02/oradata/PRODDB/redo04b.log
2026-10-13T22:45:32.105939-04:00
ARC2 (PID:11111): Archived Log entry 89513 added for B-1180943236.T-1.S-45738 ID 0x8a4d5c1e LAD:1
2026-10-13T23:30:16.087495-04:00
Thread 1 advanced to log sequence 45740 (LGWR switch),  current SCN: 13506795876
  Current log# 1 seq# 45740 mem# 0: /u02/oradata/PRODDB/redo01a.log
  Current log# 1 seq# 45740 mem# 1: /u02/oradata/PRODDB/redo01b.log
2026-10-13T23:30:33.505860-04:00
ARC1 (PID:11122): Archived Log entry 89514 added for B-1180943236.T-1.S-45739 ID 0x8a4d5c1e LAD:1
2026-10-14T00:00:36.395397-04:00
TABLE SYS.WRI$_OPTSTAT_HISTHEAD_HISTORY: ADDED INTERVAL PARTITION SYS_P5098 (47254) VALUES LESS THAN (TO_DATE(' 2026-10-15 00:00:00', 'SYYYY-MM-DD HH24:MI:SS', 'NLS_CALENDAR=GREGORIAN'))
2026-10-14T00:18:15.505111-04:00
Thread 1 advanced to log sequence 45741 (LGWR switch),  current SCN: 13514569526
  Current log# 2 seq# 45741 mem# 0: /u02/oradata/PRODDB/redo02a.log
  Current log# 2 seq# 45741 mem# 1: /u02/oradata/PRODDB/redo02b.log
2026-10-14T00:18:51.152693-04:00
ARC0 (PID:11131): Archived Log entry 89515 added for B-1180943236.T-1.S-45740 ID 0x8a4d5c1e LAD:1
2026-10-14T01:15:50.623810-04:00
Thread 1 advanced to log sequence 45742 (LGWR switch),  current SCN: 13523897442
  Current log# 3 seq# 45742 mem# 0: /u02/oradata/PRODDB/redo03a.log
  Current log# 3 seq# 45742 mem# 1: /u02/oradata/PRODDB/redo03b.log
2026-10-14T01:16:26.098054-04:00
ARC1 (PID:11122): Archived Log entry 89516 added for B-1180943236.T-1.S-45741 ID 0x8a4d5c1e LAD:1
2026-10-14T01:37:14.664442-04:00
Resize operation completed for file# 6, fname /u02/oradata/PRODDB/apps_ts_tx_idx01.dbf, old size 25165824K, new size 25268224K
2026-10-14T01:40:08.255090-04:00
Starting control autobackup
Control autobackup written to DISK device

handle '/u03/fra/PRODDB/autobackup/2026_10_14/o1_mf_s_1826745981_.bkp'
2026-10-14T02:00:00.794268-04:00
Closing scheduler window
Restoring Resource Manager plan DEFAULT_PLAN via scheduler window
Setting Resource Manager plan DEFAULT_PLAN via parameter
2026-10-14T02:12:01.015195-04:00
Thread 1 advanced to log sequence 45743 (LGWR switch),  current SCN: 13532997611
  Current log# 4 seq# 45743 mem# 0: /u02/oradata/PRODDB/redo04a.log
  Current log# 4 seq# 45743 mem# 1: /u02/oradata/PRODDB/redo04b.log
2026-10-14T02:12:34.936487-04:00
ARC2 (PID:11111): Archived Log entry 89517 added for B-1180943236.T-1.S-45742 ID 0x8a4d5c1e LAD:1
2026-10-14T03:15:56.335210-04:00
Thread 1 advanced to log sequence 45744 (LGWR switch),  current SCN: 13543353721
  Current log# 1 seq# 45744 mem# 0: /u02/oradata/PRODDB/redo01a.log
  Current log# 1 seq# 45744 mem# 1: /u02/oradata/PRODDB/redo01b.log
2026-10-14T03:16:31.626528-04:00
ARC0 (PID:11131): Archived Log entry 89518 added for B-1180943236.T-1.S-45743 ID 0x8a4d5c1e LAD:1
2026-10-14T03:59:16.161204-04:00
Thread 1 advanced to log sequence 45745 (LGWR switch),  current SCN: 13550374493
  Current log# 2 seq# 45745 mem# 0: /u02/oradata/PRODDB/redo02a.log
  Current log# 2 seq# 45745 mem# 1: /u02/oradata/PRODDB/redo02b.log
2026-10-14T03:59:23.527089-04:00
ARC1 (PID:11122): Archived Log entry 89519 added for B-1180943236.T-1.S-45744 ID 0x8a4d5c1e LAD:1
2026-10-14T04:33:43.786609-04:00
ORA-01555 caused by SQL statement below (SQL ID: 75z02yrnzjzbj, Query Duration=7418 sec, SCN: 0x0000000327ff76e3):
SELECT /*+ PARALLEL(8) */ CODE_COMBINATION_ID, SUM(ACCOUNTED_DR) FROM GL.GL_JE_LINES WHERE PERIOD_NAME = :B1 GROUP BY CODE_COMBINATION_ID
2026-10-14T05:12:52.726554-04:00
Thread 1 advanced to log sequence 45746 (LGWR switch),  current SCN: 13562299089
  Current log# 3 seq# 45746 mem# 0: /u02/oradata/PRODDB/redo03a.log
  Current log# 3 seq# 45746 mem# 1: /u02/oradata/PRODDB/redo03b.log
2026-10-14T05:13:06.669764-04:00
ARC1 (PID:11122): Archived Log entry 89520 added for B-1180943236.T-1.S-45745 ID 0x8a4d5c1e LAD:1
2026-10-14T06:09:37.259508-04:00
Thread 1 advanced to log sequence 45747 (LGWR switch),  current SCN: 13571489896
  Current log# 4 seq# 45747 mem# 0: /u02/oradata/PRODDB/redo04a.log
  Current log# 4 seq# 45747 mem# 1: /u02/oradata/PRODDB/redo04b.log
2026-10-14T06:10:21.748897-04:00
ARC0 (PID:11131): Archived Log entry 89521 added for B-1180943236.T-1.S-45746 ID 0x8a4d5c1e LAD:1
2026-10-14T07:09:29.462893-04:00
Thread 1 advanced to log sequence 45748 (LGWR switch),  current SCN: 13581189941
  Current log# 1 seq# 45748 mem# 0: /u02/oradata/PRODDB/redo01a.log
  Current log# 1 seq# 45748 mem# 1: /u02/oradata/PRODDB/redo01b.log
2026-10-14T07:10:02.824657-04:00
ARC0 (PID:11131): Archived Log entry 89522 added for B-1180943236.T-1.S-45747 ID 0x8a4d5c1e LAD:1
2026-10-14T07:59:31.499704-04:00

***********************************************************************

Fatal NI connect error 12537, connecting to:
 (LOCAL=NO)

  VERSION INFORMATION:
	TNS for Linux: Version 19.0.0.0.0 - Production
	TCP/IP NT Protocol Adapter for Linux: Version 19.0.0.0.0 - Production
  Version 19.24.0.0.0
  Time: 14-OCT-2026 07:59:31
  Tracing not turned on.
  Tns error struct:
    ns main err code: 12537

TNS-12537: TNS:connection closed
    ns secondary err code: 12560
    nt main err code: 0
    nt secondary err code: 0
    nt OS err code: 0
  Client address: (ADDRESS=(PROTOCOL=tcp)(HOST=10.20.142.239)(PORT=41697))
2026-10-14T08:13:13.018420-04:00
Thread 1 advanced to log sequence 45749 (LGWR switch),  current SCN: 13591514020
  Current log# 2 seq# 45749 mem# 0: /u02/oradata/PRODDB/redo02a.log
  Current log# 2 seq# 45749 mem# 1: /u02/oradata/PRODDB/redo02b.log
2026-10-14T08:13:17.104848-04:00
ARC3 (PID:11143): Archived Log entry 89523 added for B-1180943236.T-1.S-45748 ID 0x8a4d5c1e LAD:1
2026-10-14T08:23:59.614176-04:00
Thread 1 advanced to log sequence 45750 (LGWR switch),  current SCN: 13593259829
  Current log# 3 seq# 45750 mem# 0: /u02/oradata/PRODDB/redo03a.log
  Current log# 3 seq# 45750 mem# 1: /u02/oradata/PRODDB/redo03b.log
2026-10-14T08:24:42.982764-04:00
ARC1 (PID:11122): Archived Log entry 89524 added for B-1180943236.T-1.S-45749 ID 0x8a4d5c1e LAD:1
2026-10-14T08:34:41.829981-04:00
Thread 1 advanced to log sequence 45751 (LGWR switch),  current SCN: 13594994109
  Current log# 4 seq# 45751 mem# 0: /u02/oradata/PRODDB/redo04a.log
  Current log# 4 seq# 45751 mem# 1: /u02/oradata/PRODDB/redo04b.log
2026-10-14T08:35:01.738609-04:00
ARC1 (PID:11122): Archived Log entry 89525 added for B-1180943236.T-1.S-45750 ID 0x8a4d5c1e LAD:1
2026-10-14T08:47:56.840368-04:00
Thread 1 advanced to log sequence 45752 (LGWR switch),  current SCN: 13597139099
  Current log# 1 seq# 45752 mem# 0: /u02/oradata/PRODDB/redo01a.log
  Current log# 1 seq# 45752 mem# 1: /u02/oradata/PRODDB/redo01b.log
2026-10-14T08:48:45.975233-04:00
ARC0 (PID:11131): Archived Log entry 89526 added for B-1180943236.T-1.S-45751 ID 0x8a4d5c1e LAD:1
2026-10-14T09:09:50.986478-04:00
Thread 1 advanced to log sequence 45753 (LGWR switch),  current SCN: 13600688747
  Current log# 2 seq# 45753 mem# 0: /u02/oradata/PRODDB/redo02a.log
  Current log# 2 seq# 45753 mem# 1: /u02/oradata/PRODDB/redo02b.log
2026-10-14T09:10:22.532553-04:00
ARC1 (PID:11122): Archived Log entry 89527 added for B-1180943236.T-1.S-45752 ID 0x8a4d5c1e LAD:1
2026-10-14T09:37:43.273307-04:00
Thread 1 advanced to log sequence 45754 (LGWR switch),  current SCN: 13605203682
  Current log# 3 seq# 45754 mem# 0: /u02/oradata/PRODDB/redo03a.log
  Current log# 3 seq# 45754 mem# 1: /u02/oradata/PRODDB/redo03b.log
2026-10-14T09:38:12.724480-04:00
ARC1 (PID:11122): Archived Log entry 89528 added for B-1180943236.T-1.S-45753 ID 0x8a4d5c1e LAD:1
2026-10-14T09:50:18.028334-04:00
Thread 1 advanced to log sequence 45755 (LGWR switch),  current SCN: 13607239830
  Current log# 4 seq# 45755 mem# 0: /u02/oradata/PRODDB/redo04a.log
  Current log# 4 seq# 45755 mem# 1: /u02/oradata/PRODDB/redo04b.log
2026-10-14T09:50:59.915254-04:00
ARC1 (PID:11122): Archived Log entry 89529 added for B-1180943236.T-1.S-45754 ID 0x8a4d5c1e LAD:1
2026-10-14T10:09:29.611758-04:00
Thread 1 advanced to log sequence 45756 (LGWR switch),  current SCN: 13610349337
  Current log# 1 seq# 45756 mem# 0: /u02/oradata/PRODDB/redo01a.log
  Current log# 1 seq# 45756 mem# 1: /u02/oradata/PRODDB/redo01b.log
2026-10-14T10:10:01.518374-04:00
ARC2 (PID:11111): Archived Log entry 89530 added for B-1180943236.T-1.S-45755 ID 0x8a4d5c1e LAD:1
2026-10-14T10:30:07.140720-04:00
Thread 1 advanced to log sequence 45757 (LGWR switch),  current SCN: 13613691515
  Current log# 2 seq# 45757 mem# 0: /u02/oradata/PRODDB/redo02a.log
  Current log# 2 seq# 45757 mem# 1: /u02/oradata/PRODDB/redo02b.log
2026-10-14T10:30:15.753901-04:00
ARC1 (PID:11122): Archived Log entry 89531 added for B-1180943236.T-1.S-45756 ID 0x8a4d5c1e LAD:1
2026-10-14T10:43:45.801826-04:00
Thread 1 advanced to log sequence 45758 (LGWR switch),  current SCN: 13615901564
  Current log# 3 seq# 45758 mem# 0: /u02/oradata/PRODDB/redo03a.log
  Current log# 3 seq# 45758 mem# 1: /u02/oradata/PRODDB/redo03b.log
2026-10-14T10:43:57.907891-04:00
ARC3 (PID:11143): Archived Log entry 89532 added for B-1180943236.T-1.S-45757 ID 0x8a4d5c1e LAD:1
2026-10-14T10:55:29.920040-04:00
Thread 1 advanced to log sequence 45759 (LGWR switch),  current SCN: 13617802370
  Current log# 4 seq# 45759 mem# 0: /u02/oradata/PRODDB/redo04a.log
  Current log# 4 seq# 45759 mem# 1: /u02/oradata/PRODDB/redo04b.log
2026-10-14T10:56:06.803208-04:00
ARC0 (PID:11131): Archived Log entry 89533 added for B-1180943236.T-1.S-45758 ID 0x8a4d5c1e LAD:1
2026-10-14T11:19:02.540656-04:00
Thread 1 advanced to log sequence 45760 (LGWR switch),  current SCN: 13621616319
  Current log# 1 seq# 45760 mem# 0: /u02/oradata/PRODDB/redo01a.log
  Current log# 1 seq# 45760 mem# 1: /u02/oradata/PRODDB/redo01b.log
2026-10-14T11:19:43.414715-04:00
ARC1 (PID:11122): Archived Log entry 89534 added for B-1180943236.T-1.S-45759 ID 0x8a4d5c1e LAD:1
2026-10-14T11:43:54.993125-04:00

***********************************************************************

Fatal NI connect error 12537, connecting to:
 (LOCAL=NO)

  VERSION INFORMATION:
	TNS for Linux: Version 19.0.0.0.0 - Production
	TCP/IP NT Protocol Adapter for Linux: Version 19.0.0.0.0 - Production
  Version 19.24.0.0.0
  Time: 14-OCT-2026 11:43:54
  Tracing not turned on.
  Tns error struct:
    ns main err code: 12537

TNS-12537: TNS:connection closed
    ns secondary err code: 12560
    nt main err code: 0
    nt secondary err code: 0
    nt OS err code: 0
  Client address: (ADDRESS=(PROTOCOL=tcp)(HOST=10.20.147.69)(PORT=41978))
2026-10-14T11:43:56.385264-04:00
Thread 1 advanced to log sequence 45761 (LGWR switch),  current SCN: 13625649373
  Current log# 2 seq# 45761 mem# 0: /u02/oradata/PRODDB/redo02a.log
  Current log# 2 seq# 45761 mem# 1: /u02/oradata/PRODDB/redo02b.log
2026-10-14T11:44:32.013873-04:00
ARC3 (PID:11143): Archived Log entry 89535 added for B-1180943236.T-1.S-45760 ID 0x8a4d5c1e LAD:1
2026-10-14T12:00:36.135952-04:00
Thread 1 advanced to log sequence 45762 (LGWR switch),  current SCN: 13628349394
  Current log# 3 seq# 45762 mem# 0: /u02/oradata/PRODDB/redo03a.log
  Current log# 3 seq# 45762 mem# 1: /u02/oradata/PRODDB/redo03b.log
2026-10-14T12:00:53.564406-04:00
ARC3 (PID:11143): Archived Log entry 89536 added for B-1180943236.T-1.S-45761 ID 0x8a4d5c1e LAD:1
2026-10-14T12:25:02.464367-04:00
Thread 1 advanced to log sequence 45763 (LGWR switch),  current SCN: 13632308901
  Current log# 4 seq# 45763 mem# 0: /u02/oradata/PRODDB/redo04a.log
  Current log# 4 seq# 45763 mem# 1: /u02/oradata/PRODDB/redo04b.log
2026-10-14T12:25:42.908318-04:00
ARC2 (PID:11111): Archived Log entry 89537 added for B-1180943236.T-1.S-45762 ID 0x8a4d5c1e LAD:1
2026-10-14T12:48:23.500728-04:00
Thread 1 advanced to log sequence 45764 (LGWR switch),  current SCN: 13636090806
  Current log# 1 seq# 45764 mem# 0: /u02/oradata/PRODDB/redo01a.log
  Current log# 1 seq# 45764 mem# 1: /u02/oradata/PRODDB/redo01b.log
2026-10-14T12:48:52.910564-04:00
ARC0 (PID:11131): Archived Log entry 89538 added for B-1180943236.T-1.S-45763 ID 0x8a4d5c1e LAD:1
2026-10-14T13:02:58.603941-04:00
Thread 1 advanced to log sequence 45765 (LGWR switch),  current SCN: 13638452981
  Current log# 2 seq# 45765 mem# 0: /u02/oradata/PRODDB/redo02a.log
  Current log# 2 seq# 45765 mem# 1: /u02/oradata/PRODDB/redo02b.log
2026-10-14T13:03:19.277002-04:00
ARC0 (PID:11131): Archived Log entry 89539 added for B-1180943236.T-1.S-45764 ID 0x8a4d5c1e LAD:1
2026-10-14T13:28:44.755468-04:00
Thread 1 advanced to log sequence 45766 (LGWR switch),  current SCN: 13642629631
  Current log# 3 seq# 45766 mem# 0: /u02/oradata/PRODDB/redo03a.log
  Current log# 3 seq# 45766 mem# 1: /u02/oradata/PRODDB/redo03b.log
2026-10-14T13:29:33.337035-04:00
ARC0 (PID:11131): Archived Log entry 89540 added for B-1180943236.T-1.S-45765 ID 0x8a4d5c1e LAD:1
2026-10-14T13:52:57.257099-04:00
Thread 1 advanced to log sequence 45767 (LGWR switch),  current SCN: 13646551587
  Current log# 4 seq# 45767 mem# 0: /u02/oradata/PRODDB/redo04a.log
  Current log# 4 seq# 45767 mem# 1: /u02/oradata/PRODDB/redo04b.log
2026-10-14T13:53:24.819888-04:00
ARC0 (PID:11131): Archived Log entry 89541 added for B-1180943236.T-1.S-45766 ID 0x8a4d5c1e LAD:1
2026-10-14T14:06:39.414444-04:00
Thread 1 advanced to log sequence 45768 (LGWR switch),  current SCN: 13648770588
  Current log# 1 seq# 45768 mem# 0: /u02/oradata/PRODDB/redo01a.log
  Current log# 1 seq# 45768 mem# 1: /u02/oradata/PRODDB/redo01b.log
2026-10-14T14:06:48.148036-04:00
ARC2 (PID:11111): Archived Log entry 89542 added for B-1180943236.T-1.S-45767 ID 0x8a4d5c1e LAD:1
2026-10-14T14:18:36.275617-04:00
Errors in file /u01/app/oracle/diag/rdbms/proddb/PRODDB/trace/PRODDB_ora_37950.trc:
ORA-00060: Deadlock detected. See Note 60.1 at My Oracle Support for Troubleshooting ORA-60 Errors. More info in file /u01/app/oracle/diag/rdbms/proddb/PRODDB/trace/PRODDB_ora_37950.trc.
2026-10-14T14:24:19.417050-04:00
Thread 1 advanced to log sequence 45769 (LGWR switch),  current SCN: 13651633013
  Current log# 2 seq# 45769 mem# 0: /u02/oradata/PRODDB/redo02a.log
  Current log# 2 seq# 45769 mem# 1: /u02/oradata/PRODDB/redo02b.log
2026-10-14T14:24:58.526460-04:00
ARC3 (PID:11143): Archived Log entry 89543 added for B-1180943236.T-1.S-45768 ID 0x8a4d5c1e LAD:1
2026-10-14T14:45:20.390946-04:00
Thread 1 advanced to log sequence 45770 (LGWR switch),  current SCN: 13655037257
  Current log# 3 seq# 45770 mem# 0: /u02/oradata/PRODDB/redo03a.log
  Current log# 3 seq# 45770 mem# 1: /u02/oradata/PRODDB/redo03b.log
2026-10-14T14:45:49.553109-04:00
ARC1 (PID:11122): Archived Log entry 89544 added for B-1180943236.T-1.S-45769 ID 0x8a4d5c1e LAD:1
2026-10-14T15:09:26.853872-04:00
Thread 1 advanced to log sequence 45771 (LGWR switch),  current SCN: 13658942784
  Current log# 4 seq# 45771 mem# 0: /u02/oradata/PRODDB/redo04a.log
  Current log# 4 seq# 45771 mem# 1: /u02/oradata/PRODDB/redo04b.log
2026-10-14T15:09:45.787225-04:00
ARC3 (PID:11143): Archived Log entry 89545 added for B-1180943236.T-1.S-45770 ID 0x8a4d5c1e LAD:1
2026-10-14T15:29:50.746390-04:00
Thread 1 advanced to log sequence 45772 (LGWR switch),  current SCN: 13662247215
  Current log# 1 seq# 45772 mem# 0: /u02/oradata/PRODDB/redo01a.log
  Current log# 1 seq# 45772 mem# 1: /u02/oradata/PRODDB/redo01b.log
2026-10-14T15:30:35.453791-04:00
ARC1 (PID:11122): Archived Log entry 89546 added for B-1180943236.T-1.S-45771 ID 0x8a4d5c1e LAD:1
2026-10-14T15:53:18.701533-04:00
Thread 1 advanced to log sequence 45773 (LGWR switch),  current SCN: 13666047841
  Current log# 2 seq# 45773 mem# 0: /u02/oradata/PRODDB/redo02a.log
  Current log# 2 seq# 45773 mem# 1: /u02/oradata/PRODDB/redo02b.log
2026-10-14T15:53:27.193127-04:00
ARC1 (PID:11122): Archived Log entry 89547 added for B-1180943236.T-1.S-45772 ID 0x8a4d5c1e LAD:1
2026-10-14T16:12:27.819035-04:00
Thread 1 advanced to log sequence 45774 (LGWR switch),  current SCN: 13669150171
  Current log# 3 seq# 45774 mem# 0: /u02/oradata/PRODDB/redo03a.log
  Current log# 3 seq# 45774 mem# 1: /u02/oradata/PRODDB/redo03b.log
2026-10-14T16:12:40.387283-04:00
ARC0 (PID:11131): Archived Log entry 89548 added for B-1180943236.T-1.S-45773 ID 0x8a4d5c1e LAD:1
2026-10-14T16:39:39.578395-04:00
Thread 1 cannot allocate new log, sequence 45775
Checkpoint not complete
  Current log# 3 seq# 45774 mem# 0: /u02/oradata/PRODDB/redo03a.log
2026-10-14T16:39:48.867537-04:00
Thread 1 advanced to log sequence 45775 (LGWR switch),  current SCN: 13673582857
  Current log# 4 seq# 45775 mem# 0: /u02/oradata/PRODDB/redo04a.log
  Current log# 4 seq# 45775 mem# 1: /u02/oradata/PRODDB/redo04b.log
2026-10-14T16:40:30.171676-04:00
ARC3 (PID:11143): Archived Log entry 89549 added for B-1180943236.T-1.S-45774 ID 0x8a4d5c1e LAD:1
2026-10-14T16:49:16.839030-04:00
Resize operation completed for file# 8, fname /u02/oradata/PRODDB/apps_ts_media01.dbf, old size 31457280K, new size 31559680K
2026-10-14T16:51:24.295942-04:00
Thread 1 advanced to log sequence 45776 (LGWR switch),  current SCN: 13675459876
  Current log# 1 seq# 45776 mem# 0: /u02/oradata/PRODDB/redo01a.log
  Current log# 1 seq# 45776 mem# 1: /u02/oradata/PRODDB/redo01b.log
2026-10-14T16:52:04.946683-04:00
ARC0 (PID:11131): Archived Log entry 89550 added for B-1180943236.T-1.S-45775 ID 0x8a4d5c1e LAD:1
2026-10-14T17:14:26.781491-04:00
Thread 1 advanced to log sequence 45777 (LGWR switch),  current SCN: 13679192502
  Current log# 2 seq# 45777 mem# 0: /u02/oradata/PRODDB/redo02a.log
  Current log# 2 seq# 45777 mem# 1: /u02/oradata/PRODDB/redo02b.log
2026-10-14T17:15:14.987880-04:00
ARC2 (PID:11111): Archived Log entry 89551 added for B-1180943236.T-1.S-45776 ID 0x8a4d5c1e LAD:1
2026-10-14T17:25:28.605247-04:00
Thread 1 advanced to log sequence 45778 (LGWR switch),  current SCN: 13680980064
  Current log# 3 seq# 45778 mem# 0: /u02/oradata/PRODDB/redo03a.log
  Current log# 3 seq# 45778 mem# 1: /u02/oradata/PRODDB/redo03b.log
2026-10-14T17:25:59.432692-04:00
ARC3 (PID:11143): Archived Log entry 89552 added for B-1180943236.T-1.S-45777 ID 0x8a4d5c1e LAD:1
2026-10-14T17:39:07.108244-04:00
Thread 1 advanced to log sequence 45779 (LGWR switch),  current SCN: 13683188243
  Current log# 4 seq# 45779 mem# 0: /u02/oradata/PRODDB/redo04a.log
  Current log# 4 seq# 45779 mem# 1: /u02/oradata/PRODDB/redo04b.log
2026-10-14T17:39:21.300525-04:00
ARC2 (PID:11111): Archived Log entry 89553 added for B-1180943236.T-1.S-45778 ID 0x8a4d5c1e LAD:1
2026-10-14T18:03:13.673862-04:00
Thread 1 advanced to log sequence 45780 (LGWR switch),  current SCN: 13687094269
  Current log# 1 seq# 45780 mem# 0: /u02/oradata/PRODDB/redo01a.log
  Current log# 1 seq# 45780 mem# 1: /u02/oradata/PRODDB/redo01b.log
2026-10-14T18:03:55.119200-04:00
ARC1 (PID:11122): Archived Log entry 89554 added for B-1180943236.T-1.S-45779 ID 0x8a4d5c1e LAD:1
2026-10-14T18:25:21.574653-04:00
Thread 1 advanced to log sequence 45781 (LGWR switch),  current SCN: 13690679724
  Current log# 2 seq# 45781 mem# 0: /u02/oradata/PRODDB/redo02a.log
  Current log# 2 seq# 45781 mem# 1: /u02/oradata/PRODDB/redo02b.log
2026-10-14T18:25:33.978877-04:00
ARC0 (PID:11131): Archived Log entry 89555 added for B-1180943236.T-1.S-45780 ID 0x8a4d5c1e LAD:1
2026-10-14T18:53:17.820612-04:00
Thread 1 advanced to log sequence 45782 (LGWR switch),  current SCN: 13695206442
  Current log# 3 seq# 45782 mem# 0: /u02/oradata/PRODDB/redo03a.log
  Current log# 3 seq# 45782 mem# 1: /u02/oradata/PRODDB/redo03b.log
2026-10-14T18:53:46.064880-04:00
ARC3 (PID:11143): Archived Log entry 89556 added for B-1180943236.T-1.S-45781 ID 0x8a4d5c1e LAD:1
2026-10-14T19:06:53.801657-04:00
Thread 1 advanced to log sequence 45783 (LGWR switch),  current SCN: 13697410547
  Current log# 4 seq# 45783 mem# 0: /u02/oradata/PRODDB/redo04a.log
  Current log# 4 seq# 45783 mem# 1: /u02/oradata/PRODDB/redo04b.log
2026-10-14T19:07:02.361834-04:00
ARC0 (PID:11131): Archived Log entry 89557 added for B-1180943236.T-1.S-45782 ID 0x8a4d5c1e LAD:1
2026-10-14T19:57:50.260316-04:00
Resize operation completed for file# 5, fname /u02/oradata/PRODDB/apps_ts_tx_data01.dbf, old size 32505856K, new size 32608256K
2026-10-14T19:58:58.833249-04:00
Thread 1 advanced to log sequence 45784 (LGWR switch),  current SCN: 13705845827
  Current log# 1 seq# 45784 mem# 0: /u02/oradata/PRODDB/redo01a.log
  Current log# 1 seq# 45784 mem# 1: /u02/oradata/PRODDB/redo01b.log
2026-10-14T19:59:23.818307-04:00
ARC2 (PID:11111): Archived Log entry 89558 added for B-1180943236.T-1.S-45783 ID 0x8a4d5c1e LAD:1
2026-10-14T20:50:34.027251-04:00
Thread 1 advanced to log sequence 45785 (LGWR switch),  current SCN: 13714203483
  Current log# 2 seq# 45785 mem# 0: /u02/oradata/PRODDB/redo02a.log
  Current log# 2 seq# 45785 mem# 1: /u02/oradata/PRODDB/redo02b.log
2026-10-14T20:51:06.366308-04:00
ARC1 (PID:11122): Archived Log entry 89559 added for B-1180943236.T-1.S-45784 ID 0x8a4d5c1e LAD:1
2026-10-14T21:49:47.639601-04:00
Thread 1 advanced to log sequence 45786 (LGWR switch),  current SCN: 13723799940
  Current log# 3 seq# 45786 mem# 0: /u02/oradata/PRODDB/redo03a.log
  Current log# 3 seq# 45786 mem# 1: /u02/oradata/PRODDB/redo03b.log
2026-10-14T21:50:02.061635-04:00
ARC2 (PID:11111): Archived Log entry 89560 added for B-1180943236.T-1.S-45785 ID 0x8a4d5c1e LAD:1
2026-10-14T22:00:00.356160-04:00
Setting Resource Manager plan SCHEDULER[0x4D52]:DEFAULT_MAINTENANCE_PLAN via scheduler window
Setting Resource Manager plan DEFAULT_MAINTENANCE_PLAN via parameter
2026-10-14T22:55:10.677637-04:00
Thread 1 advanced to log sequence 45787 (LGWR switch),  current SCN: 13734390575
  Current log# 4 seq# 45787 mem# 0: /u02/oradata/PRODDB/redo04a.log
  Current log# 4 seq# 45787 mem# 1: /u02/oradata/PRODDB/redo04b.log
2026-10-14T22:55:16.541593-04:00
Resize operation completed for file# 10, fname /u02/oradata/PRODDB/apps_ts_tx_data02.dbf, old size 27262976K, new size 27365376K
2026-10-14T22:55:45.400416-04:00
ARC0 (PID:11131): Archived Log entry 89561 added for B-1180943236.T-1.S-45786 ID 0x8a4d5c1e LAD:1
2026-10-14T23:50:34.091783-04:00
Thread 1 advanced to log sequence 45788 (LGWR switch),  current SCN: 13743365043
  Current log# 1 seq# 45788 mem# 0: /u02/oradata/PRODDB/redo01a.log
  Current log# 1 seq# 45788 mem# 1: /u02/oradata/PRODDB/redo01b.log
2026-10-14T23:51:11.821737-04:00
ARC2 (PID:11111): Archived Log entry 89562 added for B-1180943236.T-1.S-45787 ID 0x8a4d5c1e LAD:1
2026-10-15T00:00:36.868485-04:00
TABLE SYS.WRI$_OPTSTAT_HISTHEAD_HISTORY: ADDED INTERVAL PARTITION SYS_P5097 (46251) VALUES LESS THAN (TO_DATE(' 2026-10-16 00:00:00', 'SYYYY-MM-DD HH24:MI:SS', 'NLS_CALENDAR=GREGORIAN'))
2026-10-15T00:21:30.468131-04:00
Thread 1 advanced to log sequence 45789 (LGWR switch),  current SCN: 13748375855
  Current log# 2 seq# 45789 mem# 0: /u02/oradata/PRODDB/redo02a.log
  Current log# 2 seq# 45789 mem# 1: /u02/oradata/PRODDB/redo02b.log
2026-10-15T00:21:56.018113-04:00
ARC2 (PID:11111): Archived Log entry 89563 added for B-1180943236.T-1.S-45788 ID 0x8a4d5c1e LAD:1
2026-10-15T01:26:25.618085-04:00
Thread 1 advanced to log sequence 45790 (LGWR switch),  current SCN: 13758893899
  Current log# 3 seq# 45790 mem# 0: /u02/oradata/PRODDB/redo03a.log
  Current log# 3 seq# 45790 mem# 1: /u02/oradata/PRODDB/redo03b.log
2026-10-15T01:27:13.186060-04:00
ARC3 (PID:11143): Archived Log entry 89564 added for B-1180943236.T-1.S-45789 ID 0x8a4d5c1e LAD:1
2026-10-15T01:30:13.749398-04:00
Starting control autobackup
Control autobackup written to DISK device

handle '/u03/fra/PRODDB/autobackup/2026_10_15/o1_mf_s_1824790131_.bkp'
2026-10-15T02:00:00.261055-04:00
Closing scheduler window
Restoring Resource Manager plan DEFAULT_PLAN via scheduler window
Setting Resource Manager plan DEFAULT_PLAN via parameter
2026-10-15T02:11:27.508876-04:00
ORA-01555 caused by SQL statement below (SQL ID: 968zfnqwc1sq8, Query Duration=5007 sec, SCN: 0x0000000334875cc3):
SELECT /*+ PARALLEL(8) */ CODE_COMBINATION_ID, SUM(ACCOUNTED_DR) FROM GL.GL_JE_LINES WHERE PERIOD_NAME = :B1 GROUP BY CODE_COMBINATION_ID
2026-10-15T02:23:46.607811-04:00
Thread 1 advanced to log sequence 45791 (LGWR switch),  current SCN: 13768182749
  Current log# 4 seq# 45791 mem# 0: /u02/oradata/PRODDB/redo04a.log
  Current log# 4 seq# 45791 mem# 1: /u02/oradata/PRODDB/redo04b.log
2026-10-15T02:24:06.184609-04:00
ARC3 (PID:11143): Archived Log entry 89565 added for B-1180943236.T-1.S-45790 ID 0x8a4d5c1e LAD:1
2026-10-15T03:09:33.450718-04:00
Thread 1 advanced to log sequence 45792 (LGWR switch),  current SCN: 13775601272
  Current log# 1 seq# 45792 mem# 0: /u02/oradata/PRODDB/redo01a.log
  Current log# 1 seq# 45792 mem# 1: /u02/oradata/PRODDB/redo01b.log
2026-10-15T03:09:43.069038-04:00
ARC1 (PID:11122): Archived Log entry 89566 added for B-1180943236.T-1.S-45791 ID 0x8a4d5c1e LAD:1
2026-10-15T04:00:45.377253-04:00
Thread 1 advanced to log sequence 45793 (LGWR switch),  current SCN: 13783895177
  Current log# 2 seq# 45793 mem# 0: /u02/oradata/PRODDB/redo02a.log
  Current log# 2 seq# 45793 mem# 1: /u02/oradata/PRODDB/redo02b.log
2026-10-15T04:01:12.335581-04:00
ARC3 (PID:11143): Archived Log entry 89567 added for B-1180943236.T-1.S-45792 ID 0x8a4d5c1e LAD:1
2026-10-15T04:09:25.384945-04:00
ORA-01555 caused by SQL statement below (SQL ID: kzcbqnxja49wk, Query Duration=5214 sec, SCN: 0x0000000335aaf78b):
SELECT CUSTOMER_TRX_ID, SUM(EXTENDED_AMOUNT) FROM AR.RA_CUSTOMER_TRX_LINES_ALL GROUP BY CUSTOMER_TRX_ID
2026-10-15T04:44:30.941858-04:00
Thread 1 advanced to log sequence 45794 (LGWR switch),  current SCN: 13790982779
  Current log# 3 seq# 45794 mem# 0: /u02/oradata/PRODDB/redo03a.log
  Current log# 3 seq# 45794 mem# 1: /u02/oradata/PRODDB/redo03b.log
2026-10-15T04:45:04.012245-04:00
ARC1 (PID:11122): Archived Log entry 89568 added for B-1180943236.T-1.S-45793 ID 0x8a4d5c1e LAD:1
2026-10-15T05:20:05.681685-04:00
Thread 1 advanced to log sequence 45795 (LGWR switch),  current SCN: 13796747474
  Current log# 4 seq# 45795 mem# 0: /u02/oradata/PRODDB/redo04a.log
  Current log# 4 seq# 45795 mem# 1: /u02/oradata/PRODDB/redo04b.log
2026-10-15T05:20:17.176350-04:00
ARC3 (PID:11143): Archived Log entry 89569 added for B-1180943236.T-1.S-45794 ID 0x8a4d5c1e LAD:1
2026-10-15T06:46:03.585505-04:00
Thread 1 advanced to log sequence 45796 (LGWR switch),  current SCN: 13810673544
  Current log# 1 seq# 45796 mem# 0: /u02/oradata/PRODDB/redo01a.log
  Current log# 1 seq# 45796 mem# 1: /u02/oradata/PRODDB/redo01b.log
2026-10-15T06:46:37.357992-04:00
ARC2 (PID:11111): Archived Log entry 89570 added for B-1180943236.T-1.S-45795 ID 0x8a4d5c1e LAD:1
2026-10-15T07:36:07.450109-04:00
Thread 1 advanced to log sequence 45797 (LGWR switch),  current SCN: 13818783011
  Current log# 2 seq# 45797 mem# 0: /u02/oradata/PRODDB/redo02a.log
  Current log# 2 seq# 45797 mem# 1: /u02/oradata/PRODDB/redo02b.log
2026-10-15T07:36:34.653687-04:00
ARC0 (PID:11131): Archived Log entry 89571 added for B-1180943236.T-1.S-45796 ID 0x8a4d5c1e LAD:1
2026-10-15T08:52:33.358688-04:00
Thread 1 advanced to log sequence 45798 (LGWR switch),  current SCN: 13831165091
  Current log# 3 seq# 45798 mem# 0: /u02/oradata/PRODDB/redo03a.log
  Current log# 3 seq# 45798 mem# 1: /u02/oradata/PRODDB/redo03b.log
2026-10-15T08:53:06.385063-04:00
ARC2 (PID:11111): Archived Log entry 89572 added for B-1180943236.T-1.S-45797 ID 0x8a4d5c1e LAD:1
2026-10-15T09:13:53.107439-04:00
Thread 1 advanced to log sequence 45799 (LGWR switch),  current SCN: 13834621769
  Current log# 4 seq# 45799 mem# 0: /u02/oradata/PRODDB/redo04a.log
  Current log# 4 seq# 45799 mem# 1: /u02/oradata/PRODDB/redo04b.log
2026-10-15T09:14:19.134335-04:00
ARC2 (PID:11111): Archived Log entry 89573 added for B-1180943236.T-1.S-45798 ID 0x8a4d5c1e LAD:1
2026-10-15T09:20:06.327270-04:00
Resize operation completed for file# 8, fname /u02/oradata/PRODDB/apps_ts_media01.dbf, old size 28311552K, new size 28413952K
2026-10-15T09:33:58.204798-04:00
Thread 1 advanced to log sequence 45800 (LGWR switch),  current SCN: 13837875750
  Current log# 1 seq# 45800 mem# 0: /u02/oradata/PRODDB/redo01a.log
  Current log# 1 seq# 45800 mem# 1: /u02/oradata/PRODDB/redo01b.log
2026-10-15T09:34:02.366327-04:00
ARC2 (PID:11111): Archived Log entry 89574 added for B-1180943236.T-1.S-45799 ID 0x8a4d5c1e LAD:1
2026-10-15T09:46:09.506045-04:00
Thread 1 advanced to log sequence 45801 (LGWR switch),  current SCN: 13839849278
  Current log# 2 seq# 45801 mem# 0: /u02/oradata/PRODDB/redo02a.log
  Current log# 2 seq# 45801 mem# 1: /u02/oradata/PRODDB/redo02b.log
2026-10-15T09:46:48.474922-04:00
ARC1 (PID:11122): Archived Log entry 89575 added for B-1180943236.T-1.S-45800 ID 0x8a4d5c1e LAD:1
2026-10-15T10:07:51.543988-04:00
Thread 1 advanced to log sequence 45802 (LGWR switch),  current SCN: 13843364286
  Current log# 3 seq# 45802 mem# 0: /u02/oradata/PRODDB/redo03a.log
  Current log# 3 seq# 45802 mem# 1: /u02/oradata/PRODDB/redo03b.log
2026-10-15T10:08:16.066656-04:00
ARC2 (PID:11111): Archived Log entry 89576 added for B-1180943236.T-1.S-45801 ID 0x8a4d5c1e LAD:1
2026-10-15T10:09:25.930631-04:00
opiodr aborting process unknown ospid (25620) as a result of ORA-609
2026-10-15T10:29:58.546345-04:00
Thread 1 advanced to log sequence 45803 (LGWR switch),  current SCN: 13846947316
  Current log# 4 seq# 45803 mem# 0: /u02/oradata/PRODDB/redo04a.log
  Current log# 4 seq# 45803 mem# 1: /u02/oradata/PRODDB/redo04b.log
2026-10-15T10:30:06.173623-04:00
ARC3 (PID:11143): Archived Log entry 89577 added for B-1180943236.T-1.S-45802 ID 0x8a4d5c1e LAD:1
2026-10-15T10:51:00.682800-04:00
Thread 1 advanced to log sequence 45804 (LGWR switch),  current SCN: 13850356760
  Current log# 1 seq# 45804 mem# 0: /u02/oradata/PRODDB/redo01a.log
  Current log# 1 seq# 45804 mem# 1: /u02/oradata/PRODDB/redo01b.log
2026-10-15T10:51:44.377868-04:00
ARC1 (PID:11122): Archived Log entry 89578 added for B-1180943236.T-1.S-45803 ID 0x8a4d5c1e LAD:1
2026-10-15T11:17:44.024969-04:00
Thread 1 advanced to log sequence 45805 (LGWR switch),  current SCN: 13854684460
  Current log# 2 seq# 45805 mem# 0: /u02/oradata/PRODDB/redo02a.log
  Current log# 2 seq# 45805 mem# 1: /u02/oradata/PRODDB/redo02b.log
2026-10-15T11:17:50.465870-04:00
ARC3 (PID:11143): Archived Log entry 89579 added for B-1180943236.T-1.S-45804 ID 0x8a4d5c1e LAD:1
2026-10-15T11:30:38.674634-04:00
Thread 1 advanced to log sequence 45806 (LGWR switch),  current SCN: 13856776851
  Current log# 3 seq# 45806 mem# 0: /u02/oradata/PRODDB/redo03a.log
  Current log# 3 seq# 45806 mem# 1: /u02/oradata/PRODDB/redo03b.log
2026-10-15T11:31:26.622829-04:00
ARC2 (PID:11111): Archived Log entry 89580 added for B-1180943236.T-1.S-45805 ID 0x8a4d5c1e LAD:1
2026-10-15T11:51:33.088947-04:00
Thread 1 advanced to log sequence 45807 (LGWR switch),  current SCN: 13860162153
  Current log# 4 seq# 45807 mem# 0: /u02/oradata/PRODDB/redo04a.log
  Current log# 4 seq# 45807 mem# 1: /u02/oradata/PRODDB/redo04b.log
2026-10-15T11:51:58.942360-04:00
ARC3 (PID:11143): Archived Log entry 89581 added for B-1180943236.T-1.S-45806 ID 0x8a4d5c1e LAD:1
2026-10-15T12:03:11.415035-04:00

***********************************************************************

Fatal NI connect error 12537, connecting to:
 (LOCAL=NO)

  VERSION INFORMATION:
	TNS for Linux: Version 19.0.0.0.0 - Production
	TCP/IP NT Protocol Adapter for Linux: Version 19.0.0.0.0 - Production
  Version 19.24.0.0.0
  Time: 15-OCT-2026 12:03:11
  Tracing not turned on.
  Tns error struct:
    ns main err code: 12537

TNS-12537: TNS:connection closed
    ns secondary err code: 12560
    nt main err code: 0
    nt secondary err code: 0
    nt OS err code: 0
  Client address: (ADDRESS=(PROTOCOL=tcp)(HOST=10.20.204.71)(PORT=37841))
2026-10-15T12:12:06.465588-04:00
Thread 1 advanced to log sequence 45808 (LGWR switch),  current SCN: 13863493612
  Current log# 1 seq# 45808 mem# 0: /u02/oradata/PRODDB/redo01a.log
  Current log# 1 seq# 45808 mem# 1: /u02/oradata/PRODDB/redo01b.log
2026-10-15T12:12:20.927196-04:00
ARC1 (PID:11122): Archived Log entry 89582 added for B-1180943236.T-1.S-45807 ID 0x8a4d5c1e LAD:1
2026-10-15T12:22:31.674850-04:00
Thread 1 advanced to log sequence 45809 (LGWR switch),  current SCN: 13865180974
  Current log# 2 seq# 45809 mem# 0: /u02/oradata/PRODDB/redo02a.log
  Current log# 2 seq# 45809 mem# 1: /u02/oradata/PRODDB/redo02b.log
2026-10-15T12:23:21.715403-04:00
ARC2 (PID:11111): Archived Log entry 89583 added for B-1180943236.T-1.S-45808 ID 0x8a4d5c1e LAD:1
2026-10-15T12:41:46.044033-04:00

***********************************************************************

Fatal NI connect error 12537, connecting to:
 (LOCAL=NO)

  VERSION INFORMATION:
	TNS for Linux: Version 19.0.0.0.0 - Production
	TCP/IP NT Protocol Adapter for Linux: Version 19.0.0.0.0 - Production
  Version 19.24.0.0.0
  Time: 15-OCT-2026 12:41:46
  Tracing not turned on.
  Tns error struct:
    ns main err code: 12537

TNS-12537: TNS:connection closed
    ns secondary err code: 12560
    nt main err code: 0
    nt secondary err code: 0
    nt OS err code: 0
  Client address: (ADDRESS=(PROTOCOL=tcp)(HOST=10.20.203.63)(PORT=30585))
2026-10-15T12:46:01.115918-04:00
Thread 1 advanced to log sequence 45810 (LGWR switch),  current SCN: 13868987215
  Current log# 3 seq# 45810 mem# 0: /u02/oradata/PRODDB/redo03a.log
  Current log# 3 seq# 45810 mem# 1: /u02/oradata/PRODDB/redo03b.log
2026-10-15T12:46:09.766477-04:00
ARC0 (PID:11131): Archived Log entry 89584 added for B-1180943236.T-1.S-45809 ID 0x8a4d5c1e LAD:1
2026-10-15T12:46:39.905610-04:00
opiodr aborting process unknown ospid (5413) as a result of ORA-609
2026-10-15T13:12:52.493181-04:00
Thread 1 advanced to log sequence 45811 (LGWR switch),  current SCN: 13873338906
  Current log# 4 seq# 45811 mem# 0: /u02/oradata/PRODDB/redo04a.log
  Current log# 4 seq# 45811 mem# 1: /u02/oradata/PRODDB/redo04b.log
2026-10-15T13:13:20.986176-04:00
ARC0 (PID:11131): Archived Log entry 89585 added for B-1180943236.T-1.S-45810 ID 0x8a4d5c1e LAD:1
2026-10-15T13:36:38.908024-04:00
Thread 1 advanced to log sequence 45812 (LGWR switch),  current SCN: 13877189635
  Current log# 1 seq# 45812 mem# 0: /u02/oradata/PRODDB/redo01a.log
  Current log# 1 seq# 45812 mem# 1: /u02/oradata/PRODDB/redo01b.log
2026-10-15T13:36:47.319464-04:00
ARC1 (PID:11122): Archived Log entry 89586 added for B-1180943236.T-1.S-45811 ID 0x8a4d5c1e LAD:1
2026-10-15T14:03:24.990067-04:00
Thread 1 advanced to log sequence 45813 (LGWR switch),  current SCN: 13881526150
  Current log# 2 seq# 45813 mem# 0: /u02/oradata/PRODDB/redo02a.log
  Current log# 2 seq# 45813 mem# 1: /u02/oradata/PRODDB/redo02b.log
2026-10-15T14:04:15.047549-04:00
ARC1 (PID:11122): Archived Log entry 89587 added for B-1180943236.T-1.S-45812 ID 0x8a4d5c1e LAD:1
2026-10-15T14:21:23.915160-04:00
Thread 1 advanced to log sequence 45814 (LGWR switch),  current SCN: 13884438406
  Current log# 3 seq# 45814 mem# 0: /u02/oradata/PRODDB/redo03a.log
  Current log# 3 seq# 45814 mem# 1: /u02/oradata/PRODDB/redo03b.log
2026-10-15T14:21:27.399693-04:00
ARC1 (PID:11122): Archived Log entry 89588 added for B-1180943236.T-1.S-45813 ID 0x8a4d5c1e LAD:1
2026-10-15T14:43:20.336895-04:00
Thread 1 advanced to log sequence 45815 (LGWR switch),  current SCN: 13887993315
  Current log# 4 seq# 45815 mem# 0: /u02/oradata/PRODDB/redo04a.log
  Current log# 4 seq# 45815 mem# 1: /u02/oradata/PRODDB/redo04b.log
2026-10-15T14:43:52.909100-04:00
ARC3 (PID:11143): Archived Log entry 89589 added for B-1180943236.T-1.S-45814 ID 0x8a4d5c1e LAD:1
2026-10-15T15:03:04.293244-04:00
Thread 1 advanced to log sequence 45816 (LGWR switch),  current SCN: 13891189659
  Current log# 1 seq# 45816 mem# 0: /u02/oradata/PRODDB/redo01a.log
  Current log# 1 seq# 45816 mem# 1: /u02/oradata/PRODDB/redo01b.log
2026-10-15T15:03:51.392275-04:00
ARC1 (PID:11122): Archived Log entry 89590 added for B-1180943236.T-1.S-45815 ID 0x8a4d5c1e LAD:1
2026-10-15T15:05:37.044235-04:00
Resize operation completed for file# 10, fname /u02/oradata/PRODDB/apps_ts_tx_data02.dbf, old size 23068672K, new size 23171072K
2026-10-15T15:16:15.688063-04:00
Thread 1 advanced to log sequence 45817 (LGWR switch),  current SCN: 13893325898
  Current log# 2 seq# 45817 mem# 0: /u02/oradata/PRODDB/redo02a.log
  Current log# 2 seq# 45817 mem# 1: /u02/oradata/PRODDB/redo02b.log
2026-10-15T15:16:51.697226-04:00
ARC3 (PID:11143): Archived Log entry 89591 added for B-1180943236.T-1.S-45816 ID 0x8a4d5c1e LAD:1
2026-10-15T15:37:46.080903-04:00
Thread 1 advanced to log sequence 45818 (LGWR switch),  current SCN: 13896810762
  Current log# 3 seq# 45818 mem# 0: /u02/oradata/PRODDB/redo03a.log
  Current log# 3 seq# 45818 mem# 1: /u02/oradata/PRODDB/redo03b.log
2026-10-15T15:38:22.955032-04:00
ARC3 (PID:11143): Archived Log entry 89592 added for B-1180943236.T-1.S-45817 ID 0x8a4d5c1e LAD:1
2026-10-15T16:02:15.184810-04:00
Thread 1 advanced to log sequence 45819 (LGWR switch),  current SCN: 13900777290
  Current log# 4 seq# 45819 mem# 0: /u02/oradata/PRODDB/redo04a.log
  Current log# 4 seq# 45819 mem# 1: /u02/oradata/PRODDB/redo04b.log
2026-10-15T16:02:33.964540-04:00
ARC3 (PID:11143): Archived Log entry 89593 added for B-1180943236.T-1.S-45818 ID 0x8a4d5c1e LAD:1
2026-10-15T16:17:30.020597-04:00
Thread 1 cannot allocate new log, sequence 45820
Checkpoint not complete
  Current log# 4 seq# 45819 mem# 0: /u02/oradata/PRODDB/redo04a.log
2026-10-15T16:17:42.960700-04:00
Thread 1 advanced to log sequence 45820 (LGWR switch),  current SCN: 13903282509
  Current log# 1 seq# 45820 mem# 0: /u02/oradata/PRODDB/redo01a.log
  Current log# 1 seq# 45820 mem# 1: /u02/oradata/PRODDB/redo01b.log
2026-10-15T16:18:19.668729-04:00
ARC3 (PID:11143): Archived Log entry 89594 added for B-1180943236.T-1.S-45819 ID 0x8a4d5c1e LAD:1
2026-10-15T16:40:06.243739-04:00
Thread 1 advanced to log sequence 45821 (LGWR switch),  current SCN: 13906908046
  Current log# 2 seq# 45821 mem# 0: /u02/oradata/PRODDB/redo02a.log
  Current log# 2 seq# 45821 mem# 1: /u02/oradata/PRODDB/redo02b.log
2026-10-15T16:40:27.461145-04:00
ARC3 (PID:11143): Archived Log entry 89595 added for B-1180943236.T-1.S-45820 ID 0x8a4d5c1e LAD:1
2026-10-15T17:03:53.216312-04:00
Thread 1 advanced to log sequence 45822 (LGWR switch),  current SCN: 13910761320
  Current log# 3 seq# 45822 mem# 0: /u02/oradata/PRODDB/redo03a.log
  Current log# 3 seq# 45822 mem# 1: /u02/oradata/PRODDB/redo03b.log
2026-10-15T17:03:56.165151-04:00
ARC1 (PID:11122): Archived Log entry 89596 added for B-1180943236.T-1.S-45821 ID 0x8a4d5c1e LAD:1
2026-10-15T17:20:36.713479-04:00
Thread 1 advanced to log sequence 45823 (LGWR switch),  current SCN: 13913470866
  Current log# 4 seq# 45823 mem# 0: /u02/oradata/PRODDB/redo04a.log
  Current log# 4 seq# 45823 mem# 1: /u02/oradata/PRODDB/redo04b.log
2026-10-15T17:21:04.387731-04:00
ARC3 (PID:11143): Archived Log entry 89597 added for B-1180943236.T-1.S-45822 ID 0x8a4d5c1e LAD:1
2026-10-15T17:33:32.865405-04:00
Thread 1 advanced to log sequence 45824 (LGWR switch),  current SCN: 13915566960
  Current log# 1 seq# 45824 mem# 0: /u02/oradata/PRODDB/redo01a.log
  Current log# 1 seq# 45824 mem# 1: /u02/oradata/PRODDB/redo01b.log
2026-10-15T17:33:49.732505-04:00
ARC3 (PID:11143): Archived Log entry 89598 added for B-1180943236.T-1.S-45823 ID 0x8a4d5c1e LAD:1
2026-10-15T17:44:58.544967-04:00
Thread 1 advanced to log sequence 45825 (LGWR switch),  current SCN: 13917417935
  Current log# 2 seq# 45825 mem# 0: /u02/oradata/PRODDB/redo02a.log
  Current log# 2 seq# 45825 mem# 1: /u02/oradata/PRODDB/redo02b.log
2026-10-15T17:45:19.683219-04:00
ARC2 (PID:11111): Archived Log entry 89599 added for B-1180943236.T-1.S-45824 ID 0x8a4d5c1e LAD:1
2026-10-15T18:08:20.797268-04:00
Thread 1 advanced to log sequence 45826 (LGWR switch),  current SCN: 13921204310
  Current log# 3 seq# 45826 mem# 0: /u02/oradata/PRODDB/redo03a.log
  Current log# 3 seq# 45826 mem# 1: /u02/oradata/PRODDB/redo03b.log
2026-10-15T18:08:27.555574-04:00
ARC1 (PID:11122): Archived Log entry 89600 added for B-1180943236.T-1.S-45825 ID 0x8a4d5c1e LAD:1
2026-10-15T18:20:48.395724-04:00
Thread 1 advanced to log sequence 45827 (LGWR switch),  current SCN: 13923222706
  Current log# 4 seq# 45827 mem# 0: /u02/oradata/PRODDB/redo04a.log
  Current log# 4 seq# 45827 mem# 1: /u02/oradata/PRODDB/redo04b.log
2026-10-15T18:21:08.652761-04:00
ARC3 (PID:11143): Archived Log entry 89601 added for B-1180943236.T-1.S-45826 ID 0x8a4d5c1e LAD:1
2026-10-15T18:29:46.546453-04:00
Resize operation completed for file# 12, fname /u02/oradata/PRODDB/sysaux01.dbf, old size 32505856K, new size 32608256K
2026-10-15T18:42:00.512683-04:00
Thread 1 advanced to log sequence 45828 (LGWR switch),  current SCN: 13926658656
  Current log# 1 seq# 45828 mem# 0: /u02/oradata/PRODDB/redo01a.log
  Current log# 1 seq# 45828 mem# 1: /u02/oradata/PRODDB/redo01b.log
2026-10-15T18:42:07.053303-04:00
ARC1 (PID:11122): Archived Log entry 89602 added for B-1180943236.T-1.S-45827 ID 0x8a4d5c1e LAD:1
2026-10-15T18:52:24.689520-04:00
Thread 1 advanced to log sequence 45829 (LGWR switch),  current SCN: 13928343189
  Current log# 2 seq# 45829 mem# 0: /u02/oradata/PRODDB/redo02a.log
  Current log# 2 seq# 45829 mem# 1: /u02/oradata/PRODDB/redo02b.log
2026-10-15T18:52:36.143639-04:00
ARC2 (PID:11111): Archived Log entry 89603 added for B-1180943236.T-1.S-45828 ID 0x8a4d5c1e LAD:1
2026-10-15T19:10:17.892270-04:00
Thread 1 advanced to log sequence 45830 (LGWR switch),  current SCN: 13931241612
  Current log# 3 seq# 45830 mem# 0: /u02/oradata/PRODDB/redo03a.log
  Current log# 3 seq# 45830 mem# 1: /u02/oradata/PRODDB/redo03b.log
2026-10-15T19:10:26.041671-04:00
ARC1 (PID:11122): Archived Log entry 89604 added for B-1180943236.T-1.S-45829 ID 0x8a4d5c1e LAD:1
2026-10-15T19:46:11.120855-04:00
Thread 1 advanced to log sequence 45831 (LGWR switch),  current SCN: 13937054738
  Current log# 4 seq# 45831 mem# 0: /u02/oradata/PRODDB/redo04a.log
  Current log# 4 seq# 45831 mem# 1: /u02/oradata/PRODDB/redo04b.log
2026-10-15T19:46:40.219828-04:00
ARC2 (PID:11111): Archived Log entry 89605 added for B-1180943236.T-1.S-45830 ID 0x8a4d5c1e LAD:1
2026-10-15T21:08:20.026942-04:00
Thread 1 advanced to log sequence 45832 (LGWR switch),  current SCN: 13950361988
  Current log# 1 seq# 45832 mem# 0: /u02/oradata/PRODDB/redo01a.log
  Current log# 1 seq# 45832 mem# 1: /u02/oradata/PRODDB/redo01b.log
2026-10-15T21:08:52.235126-04:00
ARC2 (PID:11111): Archived Log entry 89606 added for B-1180943236.T-1.S-45831 ID 0x8a4d5c1e LAD:1
2026-10-15T22:00:00.403489-04:00
Setting Resource Manager plan SCHEDULER[0x4D52]:DEFAULT_MAINTENANCE_PLAN via scheduler window
Setting Resource Manager plan DEFAULT_MAINTENANCE_PLAN via parameter
2026-10-15T22:30:48.979598-04:00
Thread 1 advanced to log sequence 45833 (LGWR switch),  current SCN: 13963724636
  Current log# 2 seq# 45833 mem# 0: /u02/oradata/PRODDB/redo02a.log
  Current log# 2 seq# 45833 mem# 1: /u02/oradata/PRODDB/redo02b.log
2026-10-15T22:31:00.692068-04:00
ARC0 (PID:11131): Archived Log entry 89607 added for B-1180943236.T-1.S-45832 ID 0x8a4d5c1e LAD:1
2026-10-15T23:21:48.457674-04:00
Thread 1 advanced to log sequence 45834 (LGWR switch),  current SCN: 13971985051
  Current log# 3 seq# 45834 mem# 0: /u02/oradata/PRODDB/redo03a.log
  Current log# 3 seq# 45834 mem# 1: /u02/oradata/PRODDB/redo03b.log
2026-10-15T23:22:25.539174-04:00
ARC0 (PID:11131): Archived Log entry 89608 added for B-1180943236.T-1.S-45833 ID 0x8a4d5c1e LAD:1
2026-10-16T00:00:36.775959-04:00
TABLE SYS.WRI$_OPTSTAT_HISTHEAD_HISTORY: ADDED INTERVAL PARTITION SYS_P6437 (43424) VALUES LESS THAN (TO_DATE(' 2026-10-17 00:00:00', 'SYYYY-MM-DD HH24:MI:SS', 'NLS_CALENDAR=GREGORIAN'))
2026-10-16T00:08:22.829121-04:00
Thread 1 advanced to log sequence 45835 (LGWR switch),  current SCN: 13979529100
  Current log# 4 seq# 45835 mem# 0: /u02/oradata/PRODDB/redo04a.log
  Current log# 4 seq# 45835 mem# 1: /u02/oradata/PRODDB/redo04b.log
2026-10-16T00:08:28.013987-04:00
ARC0 (PID:11131): Archived Log entry 89609 added for B-1180943236.T-1.S-45834 ID 0x8a4d5c1e LAD:1
2026-10-16T01:39:38.403872-04:00
Thread 1 advanced to log sequence 45836 (LGWR switch),  current SCN: 13994314511
  Current log# 1 seq# 45836 mem# 0: /u02/oradata/PRODDB/redo01a.log
  Current log# 1 seq# 45836 mem# 1: /u02/oradata/PRODDB/redo01b.log
2026-10-16T01:39:41.572967-04:00
Starting control autobackup
Control autobackup written to DISK device

handle '/u03/fra/PRODDB/autobackup/2026_10_16/o1_mf_s_1218830034_.bkp'
2026-10-16T01:39:53.328811-04:00
ARC0 (PID:11131): Archived Log entry 89610 added for B-1180943236.T-1.S-45835 ID 0x8a4d5c1e LAD:1
2026-10-16T02:00:00.548684-04:00
Closing scheduler window
Restoring Resource Manager plan DEFAULT_PLAN via scheduler window
Setting Resource Manager plan DEFAULT_PLAN via parameter
2026-10-16T02:43:45.653140-04:00
Thread 1 advanced to log sequence 45837 (LGWR switch),  current SCN: 14004702310
  Current log# 2 seq# 45837 mem# 0: /u02/oradata/PRODDB/redo02a.log
  Current log# 2 seq# 45837 mem# 1: /u02/oradata/PRODDB/redo02b.log
2026-10-16T02:44:25.222515-04:00
ARC0 (PID:11131): Archived Log entry 89611 added for B-1180943236.T-1.S-45836 ID 0x8a4d5c1e LAD:1
2026-10-16T04:05:09.297809-04:00
Resize operation completed for file# 5, fname /u02/oradata/PRODDB/apps_ts_tx_data01.dbf, old size 25165824K, new size 25268224K
2026-10-16T04:08:56.917766-04:00
Thread 1 advanced to log sequence 45838 (LGWR switch),  current SCN: 14018501142
  Current log# 3 seq# 45838 mem# 0: /u02/oradata/PRODDB/redo03a.log
  Current log# 3 seq# 45838 mem# 1: /u02/oradata/PRODDB/redo03b.log
2026-10-16T04:09:32.882166-04:00
ARC3 (PID:11143): Archived Log entry 89612 added for B-1180943236.T-1.S-45837 ID 0x8a4d5c1e LAD:1
2026-10-16T05:17:25.592282-04:00
ORA-1652: unable to extend temp segment by 128 in tablespace                 TEMP
2026-10-16T05:22:02.953191-04:00
ORA-1652: unable to extend temp segment by 128 in tablespace                 TEMP
2026-10-16T05:26:01.226735-04:00
Thread 1 advanced to log sequence 45839 (LGWR switch),  current SCN: 14030987914
  Current log# 4 seq# 45839 mem# 0: /u02/oradata/PRODDB/redo04a.log
  Current log# 4 seq# 45839 mem# 1: /u02/oradata/PRODDB/redo04b.log
2026-10-16T05:26:27.189808-04:00
ARC0 (PID:11131): Archived Log entry 89613 added for B-1180943236.T-1.S-45838 ID 0x8a4d5c1e LAD:1
2026-10-16T06:37:22.465727-04:00
Thread 1 advanced to log sequence 45840 (LGWR switch),  current SCN: 14042547783
  Current log# 1 seq# 45840 mem# 0: /u02/oradata/PRODDB/redo01a.log
  Current log# 1 seq# 45840 mem# 1: /u02/oradata/PRODDB/redo01b.log
2026-10-16T06:37:39.079014-04:00
ARC0 (PID:11131): Archived Log entry 89614 added for B-1180943236.T-1.S-45839 ID 0x8a4d5c1e LAD:1
2026-10-16T07:30:00.242128-04:00
Errors in file /u01/app/oracle/diag/rdbms/proddb/PRODDB/trace/PRODDB_ora_42131.trc:
ORA-00060: Deadlock detected. See Note 60.1 at My Oracle Support for Troubleshooting ORA-60 Errors. More info in file /u01/app/oracle/diag/rdbms/proddb/PRODDB/trace/PRODDB_ora_42131.trc.
2026-10-16T07:41:52.384204-04:00
Thread 1 advanced to log sequence 45841 (LGWR switch),  current SCN: 14052994245
  Current log# 2 seq# 45841 mem# 0: /u02/oradata/PRODDB/redo02a.log
  Current log# 2 seq# 45841 mem# 1: /u02/oradata/PRODDB/redo02b.log
2026-10-16T07:42:24.291146-04:00
ARC0 (PID:11131): Archived Log entry 89615 added for B-1180943236.T-1.S-45840 ID 0x8a4d5c1e LAD:1
2026-10-16T08:55:12.330987-04:00
Thread 1 advanced to log sequence 45842 (LGWR switch),  current SCN: 14064874515
  Current log# 3 seq# 45842 mem# 0: /u02/oradata/PRODDB/redo03a.log
  Current log# 3 seq# 45842 mem# 1: /u02/oradata/PRODDB/redo03b.log
2026-10-16T08:55:38.384226-04:00
ARC3 (PID:11143): Archived Log entry 89616 added for B-1180943236.T-1.S-45841 ID 0x8a4d5c1e LAD:1
2026-10-16T09:00:29.906265-04:00
opiodr aborting process unknown ospid (25607) as a result of ORA-609
2026-10-16T09:17:56.938610-04:00
Thread 1 advanced to log sequence 45843 (LGWR switch),  current SCN: 14068560308
  Current log# 4 seq# 45843 mem# 0: /u02/oradata/PRODDB/redo04a.log
  Current log# 4 seq# 45843 mem# 1: /u02/oradata/PRODDB/redo04b.log
2026-10-16T09:18:45.733690-04:00
ARC0 (PID:11131): Archived Log entry 89617 added for B-1180943236.T-1.S-45842 ID 0x8a4d5c1e LAD:1
2026-10-16T09:42:58.099288-04:00
Thread 1 advanced to log sequence 45844 (LGWR switch),  current SCN: 14072613583
  Current log# 1 seq# 45844 mem# 0: /u02/oradata/PRODDB/redo01a.log
  Current log# 1 seq# 45844 mem# 1: /u02/oradata/PRODDB/redo01b.log
2026-10-16T09:43:07.633298-04:00
ARC0 (PID:11131): Archived Log entry 89618 added for B-1180943236.T-1.S-45843 ID 0x8a4d5c1e LAD:1
2026-10-16T09:57:07.574845-04:00
Thread 1 advanced to log sequence 45845 (LGWR switch),  current SCN: 14074907232
  Current log# 2 seq# 45845 mem# 0: /u02/oradata/PRODDB/redo02a.log
  Current log# 2 seq# 45845 mem# 1: /u02/oradata/PRODDB/redo02b.log
2026-10-16T09:57:47.028045-04:00
ARC1 (PID:11122): Archived Log entry 89619 added for B-1180943236.T-1.S-45844 ID 0x8a4d5c1e LAD:1
2026-10-16T10:17:43.692165-04:00
opiodr aborting process unknown ospid (61825) as a result of ORA-609
2026-10-16T10:24:11.261210-04:00
Thread 1 advanced to log sequence 45846 (LGWR switch),  current SCN: 14079290152
  Current log# 3 seq# 45846 mem# 0: /u02/oradata/PRODDB/redo03a.log
  Current log# 3 seq# 45846 mem# 1: /u02/oradata/PRODDB/redo03b.log
2026-10-16T10:25:00.786596-04:00
ARC3 (PID:11143): Archived Log entry 89620 added for B-1180943236.T-1.S-45845 ID 0x8a4d5c1e LAD:1
2026-10-16T10:47:58.969307-04:00
Thread 1 advanced to log sequence 45847 (LGWR switch),  current SCN: 14083144634
  Current log# 4 seq# 45847 mem# 0: /u02/oradata/PRODDB/redo04a.log
  Current log# 4 seq# 45847 mem# 1: /u02/oradata/PRODDB/redo04b.log
2026-10-16T10:48:45.959608-04:00
ARC3 (PID:11143): Archived Log entry 89621 added for B-1180943236.T-1.S-45846 ID 0x8a4d5c1e LAD:1
2026-10-16T10:49:54.376712-04:00
Errors in file /u01/app/oracle/diag/rdbms/proddb/PRODDB/trace/PRODDB_ora_3709.trc:
ORA-00060: Deadlock detected. See Note 60.1 at My Oracle Support for Troubleshooting ORA-60 Errors. More info in file /u01/app/oracle/diag/rdbms/proddb/PRODDB/trace/PRODDB_ora_3709.trc.
2026-10-16T10:58:53.092296-04:00
ORA-1653: unable to extend table XXCUST.XX_ORDER_STAGING by 8192 in tablespace APPS_TS_TX_DATA
2026-10-16T11:01:56.515709-04:00
ORA-1653: unable to extend table XXCUST.XX_ORDER_STAGING by 8192 in tablespace APPS_TS_TX_DATA
2026-10-16T11:05:40.333997-04:00
Thread 1 advanced to log sequence 45848 (LGWR switch),  current SCN: 14086009985
  Current log# 1 seq# 45848 mem# 0: /u02/oradata/PRODDB/redo01a.log
  Current log# 1 seq# 45848 mem# 1: /u02/oradata/PRODDB/redo01b.log
2026-10-16T11:06:17.924104-04:00
ARC1 (PID:11122): Archived Log entry 89622 added for B-1180943236.T-1.S-45847 ID 0x8a4d5c1e LAD:1
2026-10-16T11:09:06.111785-04:00
ORA-1653: unable to extend table XXCUST.XX_ORDER_STAGING by 8192 in tablespace APPS_TS_TX_DATA
2026-10-16T11:10:32.645578-04:00
ORA-1653: unable to extend table XXCUST.XX_ORDER_STAGING by 8192 in tablespace APPS_TS_TX_DATA
2026-10-16T11:15:13.262348-04:00
ORA-1653: unable to extend table XXCUST.XX_ORDER_STAGING by 1024 in tablespace APPS_TS_TX_DATA
2026-10-16T11:17:56.822815-04:00
ORA-1653: unable to extend table XXCUST.XX_ORDER_STAGING by 1024 in tablespace APPS_TS_TX_DATA
2026-10-16T11:22:48.684910-04:00
ORA-1653: unable to extend table XXCUST.XX_ORDER_STAGING by 8192 in tablespace APPS_TS_TX_DATA
2026-10-16T11:24:45.131079-04:00
Thread 1 advanced to log sequence 45849 (LGWR switch),  current SCN: 14089101669
  Current log# 2 seq# 45849 mem# 0: /u02/oradata/PRODDB/redo02a.log
  Current log# 2 seq# 45849 mem# 1: /u02/oradata/PRODDB/redo02b.log
2026-10-16T11:25:10.517568-04:00
ARC3 (PID:11143): Archived Log entry 89623 added for B-1180943236.T-1.S-45848 ID 0x8a4d5c1e LAD:1
2026-10-16T11:26:24.552322-04:00
ORA-1653: unable to extend table XXCUST.XX_ORDER_STAGING by 8192 in tablespace APPS_TS_TX_DATA
2026-10-16T11:36:20.382527-04:00
ORA-1653: unable to extend table XXCUST.XX_ORDER_STAGING by 8192 in tablespace APPS_TS_TX_DATA
2026-10-16T11:40:25.279064-04:00
Thread 1 advanced to log sequence 45850 (LGWR switch),  current SCN: 14091640661
  Current log# 3 seq# 45850 mem# 0: /u02/oradata/PRODDB/redo03a.log
  Current log# 3 seq# 45850 mem# 1: /u02/oradata/PRODDB/redo03b.log
2026-10-16T11:40:54.739945-04:00
ARC2 (PID:11111): Archived Log entry 89624 added for B-1180943236.T-1.S-45849 ID 0x8a4d5c1e LAD:1
2026-10-16T11:47:01.029331-04:00
ORA-1653: unable to extend table XXCUST.XX_ORDER_STAGING by 128 in tablespace APPS_TS_TX_DATA
2026-10-16T11:54:06.535844-04:00
ORA-1653: unable to extend table XXCUST.XX_ORDER_STAGING by 1024 in tablespace APPS_TS_TX_DATA
2026-10-16T11:56:47.115545-04:00
ORA-1653: unable to extend table XXCUST.XX_ORDER_STAGING by 1024 in tablespace APPS_TS_TX_DATA
2026-10-16T11:59:17.419522-04:00
ORA-1653: unable to extend table XXCUST.XX_ORDER_STAGING by 8192 in tablespace APPS_TS_TX_DATA
2026-10-16T12:01:49.177890-04:00
Thread 1 advanced to log sequence 45851 (LGWR switch),  current SCN: 14095107191
  Current log# 4 seq# 45851 mem# 0: /u02/oradata/PRODDB/redo04a.log
  Current log# 4 seq# 45851 mem# 1: /u02/oradata/PRODDB/redo04b.log
2026-10-16T12:02:28.410858-04:00
ARC1 (PID:11122): Archived Log entry 89625 added for B-1180943236.T-1.S-45850 ID 0x8a4d5c1e LAD:1
2026-10-16T12:06:01.334724-04:00
ORA-1653: unable to extend table XXCUST.XX_ORDER_STAGING by 8192 in tablespace APPS_TS_TX_DATA
2026-10-16T12:15:40.852250-04:00
Thread 1 advanced to log sequence 45852 (LGWR switch),  current SCN: 14097351006
  Current log# 1 seq# 45852 mem# 0: /u02/oradata/PRODDB/redo01a.log
  Current log# 1 seq# 45852 mem# 1: /u02/oradata/PRODDB/redo01b.log
2026-10-16T12:16:06.355494-04:00
ARC2 (PID:11111): Archived Log entry 89626 added for B-1180943236.T-1.S-45851 ID 0x8a4d5c1e LAD:1
2026-10-16T12:16:36.913972-04:00
ORA-1653: unable to extend table XXCUST.XX_ORDER_STAGING by 8192 in tablespace APPS_TS_TX_DATA
2026-10-16T12:22:12.275668-04:00
ORA-1653: unable to extend table XXCUST.XX_ORDER_STAGING by 8192 in tablespace APPS_TS_TX_DATA
2026-10-16T12:27:54.536323-04:00
ORA-1653: unable to extend table XXCUST.XX_ORDER_STAGING by 1024 in tablespace APPS_TS_TX_DATA
2026-10-16T12:33:43.942481-04:00
Thread 1 advanced to log sequence 45853 (LGWR switch),  current SCN: 14100275915
  Current log# 2 seq# 45853 mem# 0: /u02/oradata/PRODDB/redo02a.log
  Current log# 2 seq# 45853 mem# 1: /u02/oradata/PRODDB/redo02b.log
2026-10-16T12:34:04.805589-04:00
ARC0 (PID:11131): Archived Log entry 89627 added for B-1180943236.T-1.S-45852 ID 0x8a4d5c1e LAD:1
2026-10-16T12:35:33.694434-04:00
ORA-1653: unable to extend table XXCUST.XX_ORDER_STAGING by 1024 in tablespace APPS_TS_TX_DATA
2026-10-16T12:38:00.240776-04:00
ORA-1653: unable to extend table XXCUST.XX_ORDER_STAGING by 8192 in tablespace APPS_TS_TX_DATA
2026-10-16T12:44:01.721103-04:00
Thread 1 advanced to log sequence 45854 (LGWR switch),  current SCN: 14101943453
  Current log# 3 seq# 45854 mem# 0: /u02/oradata/PRODDB/redo03a.log
  Current log# 3 seq# 45854 mem# 1: /u02/oradata/PRODDB/redo03b.log
2026-10-16T12:44:04.102453-04:00
ARC2 (PID:11111): Archived Log entry 89628 added for B-1180943236.T-1.S-45853 ID 0x8a4d5c1e LAD:1
2026-10-16T12:46:54.507267-04:00
ALTER TABLESPACE APPS_TS_TX_DATA ADD DATAFILE '/u02/oradata/PRODDB/apps_ts_tx_data08.dbf' SIZE 30G AUTOEXTEND ON NEXT 1G MAXSIZE UNLIMITED
2026-10-16T12:47:39.572785-04:00
Completed: ALTER TABLESPACE APPS_TS_TX_DATA ADD DATAFILE '/u02/oradata/PRODDB/apps_ts_tx_data08.dbf' SIZE 30G AUTOEXTEND ON NEXT 1G MAXSIZE UNLIMITED
2026-10-16T13:11:44.263711-04:00
Thread 1 advanced to log sequence 45855 (LGWR switch),  current SCN: 14106433947
  Current log# 4 seq# 45855 mem# 0: /u02/oradata/PRODDB/redo04a.log
  Current log# 4 seq# 45855 mem# 1: /u02/oradata/PRODDB/redo04b.log
2026-10-16T13:12:31.795793-04:00
ARC0 (PID:11131): Archived Log entry 89629 added for B-1180943236.T-1.S-45854 ID 0x8a4d5c1e LAD:1
2026-10-16T13:26:42.550565-04:00
Thread 1 advanced to log sequence 45856 (LGWR switch),  current SCN: 14108858638
  Current log# 1 seq# 45856 mem# 0: /u02/oradata/PRODDB/redo01a.log
  Current log# 1 seq# 45856 mem# 1: /u02/oradata/PRODDB/redo01b.log
2026-10-16T13:26:51.006787-04:00
ARC1 (PID:11122): Archived Log entry 89630 added for B-1180943236.T-1.S-45855 ID 0x8a4d5c1e LAD:1
2026-10-16T13:44:59.444468-04:00
Thread 1 advanced to log sequence 45857 (LGWR switch),  current SCN: 14111821076
  Current log# 2 seq# 45857 mem# 0: /u02/oradata/PRODDB/redo02a.log
  Current log# 2 seq# 45857 mem# 1: /u02/oradata/PRODDB/redo02b.log
2026-10-16T13:45:39.428601-04:00
ARC2 (PID:11111): Archived Log entry 89631 added for B-1180943236.T-1.S-45856 ID 0x8a4d5c1e LAD:1
2026-10-16T13:59:10.695759-04:00
Resize operation completed for file# 5, fname /u02/oradata/PRODDB/apps_ts_tx_data01.dbf, old size 27262976K, new size 27365376K
2026-10-16T13:59:10.896657-04:00
Thread 1 advanced to log sequence 45858 (LGWR switch),  current SCN: 14114120487
  Current log# 3 seq# 45858 mem# 0: /u02/oradata/PRODDB/redo03a.log
  Current log# 3 seq# 45858 mem# 1: /u02/oradata/PRODDB/redo03b.log
2026-10-16T13:59:50.762756-04:00
ARC3 (PID:11143): Archived Log entry 89632 added for B-1180943236.T-1.S-45857 ID 0x8a4d5c1e LAD:1
2026-10-16T14:13:05.973015-04:00
Thread 1 advanced to log sequence 45859 (LGWR switch),  current SCN: 14116374534
  Current log# 4 seq# 45859 mem# 0: /u02/oradata/PRODDB/redo04a.log
  Current log# 4 seq# 45859 mem# 1: /u02/oradata/PRODDB/redo04b.log
2026-10-16T14:13:20.144545-04:00
ARC3 (PID:11143): Archived Log entry 89633 added for B-1180943236.T-1.S-45858 ID 0x8a4d5c1e LAD:1
2026-10-16T14:37:57.998438-04:00
Thread 1 advanced to log sequence 45860 (LGWR switch),  current SCN: 14120402291
  Current log# 1 seq# 45860 mem# 0: /u02/oradata/PRODDB/redo01a.log
  Current log# 1 seq# 45860 mem# 1: /u02/oradata/PRODDB/redo01b.log
2026-10-16T14:38:39.067667-04:00
ARC0 (PID:11131): Archived Log entry 89634 added for B-1180943236.T-1.S-45859 ID 0x8a4d5c1e LAD:1
2026-10-16T14:49:29.055663-04:00
Resize operation completed for file# 8, fname /u02/oradata/PRODDB/apps_ts_media01.dbf, old size 32505856K, new size 32608256K
2026-10-16T14:53:22.423206-04:00
Thread 1 advanced to log sequence 45861 (LGWR switch),  current SCN: 14122898238
  Current log# 2 seq# 45861 mem# 0: /u02/oradata/PRODDB/redo02a.log
  Current log# 2 seq# 45861 mem# 1: /u02/oradata/PRODDB/redo02b.log
2026-10-16T14:53:30.636946-04:00
ARC3 (PID:11143): Archived Log entry 89635 added for B-1180943236.T-1.S-45860 ID 0x8a4d5c1e LAD:1
2026-10-16T15:04:22.580286-04:00
Thread 1 advanced to log sequence 45862 (LGWR switch),  current SCN: 14124681308
  Current log# 3 seq# 45862 mem# 0: /u02/oradata/PRODDB/redo03a.log
  Current log# 3 seq# 45862 mem# 1: /u02/oradata/PRODDB/redo03b.log
2026-10-16T15:04:52.190888-04:00
ARC3 (PID:11143): Archived Log entry 89636 added for B-1180943236.T-1.S-45861 ID 0x8a4d5c1e LAD:1
2026-10-16T15:29:59.710770-04:00
Thread 1 advanced to log sequence 45863 (LGWR switch),  current SCN: 14128831904
  Current log# 4 seq# 45863 mem# 0: /u02/oradata/PRODDB/redo04a.log
  Current log# 4 seq# 45863 mem# 1: /u02/oradata/PRODDB/redo04b.log
2026-10-16T15:30:43.288222-04:00
ARC0 (PID:11131): Archived Log entry 89637 added for B-1180943236.T-1.S-45862 ID 0x8a4d5c1e LAD:1
2026-10-16T15:51:22.792005-04:00
Thread 1 advanced to log sequence 45864 (LGWR switch),  current SCN: 14132295380
  Current log# 1 seq# 45864 mem# 0: /u02/oradata/PRODDB/redo01a.log
  Current log# 1 seq# 45864 mem# 1: /u02/oradata/PRODDB/redo01b.log
2026-10-16T15:51:45.808307-04:00
ARC0 (PID:11131): Archived Log entry 89638 added for B-1180943236.T-1.S-45863 ID 0x8a4d5c1e LAD:1
2026-10-16T16:11:33.079739-04:00
Thread 1 advanced to log sequence 45865 (LGWR switch),  current SCN: 14135562666
  Current log# 2 seq# 45865 mem# 0: /u02/oradata/PRODDB/redo02a.log
  Current log# 2 seq# 45865 mem# 1: /u02/oradata/PRODDB/redo02b.log
2026-10-16T16:11:44.401049-04:00
ARC1 (PID:11122): Archived Log entry 89639 added for B-1180943236.T-1.S-45864 ID 0x8a4d5c1e LAD:1
2026-10-16T16:33:40.341400-04:00
Thread 1 advanced to log sequence 45866 (LGWR switch),  current SCN: 14139146987
  Current log# 3 seq# 45866 mem# 0: /u02/oradata/PRODDB/redo03a.log
  Current log# 3 seq# 45866 mem# 1: /u02/oradata/PRODDB/redo03b.log
2026-10-16T16:33:57.327055-04:00
ARC0 (PID:11131): Archived Log entry 89640 added for B-1180943236.T-1.S-45865 ID 0x8a4d5c1e LAD:1
2026-10-16T16:48:52.978419-04:00
Thread 1 advanced to log sequence 45867 (LGWR switch),  current SCN: 14141611994
  Current log# 4 seq# 45867 mem# 0: /u02/oradata/PRODDB/redo04a.log
  Current log# 4 seq# 45867 mem# 1: /u02/oradata/PRODDB/redo04b.log
2026-10-16T16:49:01.338778-04:00
ARC2 (PID:11111): Archived Log entry 89641 added for B-1180943236.T-1.S-45866 ID 0x8a4d5c1e LAD:1
2026-10-16T17:09:10.414229-04:00
Thread 1 advanced to log sequence 45868 (LGWR switch),  current SCN: 14144898315
  Current log# 1 seq# 45868 mem# 0: /u02/oradata/PRODDB/redo01a.log
  Current log# 1 seq# 45868 mem# 1: /u02/oradata/PRODDB/redo01b.log
2026-10-16T17:09:18.413532-04:00
ARC2 (PID:11111): Archived Log entry 89642 added for B-1180943236.T-1.S-45867 ID 0x8a4d5c1e LAD:1
2026-10-16T17:28:12.101320-04:00
Thread 1 advanced to log sequence 45869 (LGWR switch),  current SCN: 14147981631
  Current log# 2 seq# 45869 mem# 0: /u02/oradata/PRODDB/redo02a.log
  Current log# 2 seq# 45869 mem# 1: /u02/oradata/PRODDB/redo02b.log
2026-10-16T17:28:45.551076-04:00
ARC1 (PID:11122): Archived Log entry 89643 added for B-1180943236.T-1.S-45868 ID 0x8a4d5c1e LAD:1
2026-10-16T17:41:46.520905-04:00
Thread 1 advanced to log sequence 45870 (LGWR switch),  current SCN: 14150179315
  Current log# 3 seq# 45870 mem# 0: /u02/oradata/PRODDB/redo03a.log
  Current log# 3 seq# 45870 mem# 1: /u02/oradata/PRODDB/redo03b.log
2026-10-16T17:42:24.567741-04:00
ARC1 (PID:11122): Archived Log entry 89644 added for B-1180943236.T-1.S-45869 ID 0x8a4d5c1e LAD:1
2026-10-16T18:09:43.020975-04:00
Thread 1 advanced to log sequence 45871 (LGWR switch),  current SCN: 14154706797
  Current log# 4 seq# 45871 mem# 0: /u02/oradata/PRODDB/redo04a.log
  Current log# 4 seq# 45871 mem# 1: /u02/oradata/PRODDB/redo04b.log
2026-10-16T18:10:03.581394-04:00
ARC0 (PID:11131): Archived Log entry 89645 added for B-1180943236.T-1.S-45870 ID 0x8a4d5c1e LAD:1
2026-10-16T18:27:27.841878-04:00
Thread 1 advanced to log sequence 45872 (LGWR switch),  current SCN: 14157580869
  Current log# 1 seq# 45872 mem# 0: /u02/oradata/PRODDB/redo01a.log
  Current log# 1 seq# 45872 mem# 1: /u02/oradata/PRODDB/redo01b.log
2026-10-16T18:27:37.942258-04:00
ARC0 (PID:11131): Archived Log entry 89646 added for B-1180943236.T-1.S-45871 ID 0x8a4d5c1e LAD:1
2026-10-16T18:44:54.106239-04:00
Thread 1 advanced to log sequence 45873 (LGWR switch),  current SCN: 14160406874
  Current log# 2 seq# 45873 mem# 0: /u02/oradata/PRODDB/redo02a.log
  Current log# 2 seq# 45873 mem# 1: /u02/oradata/PRODDB/redo02b.log
2026-10-16T18:45:19.529222-04:00
ARC2 (PID:11111): Archived Log entry 89647 added for B-1180943236.T-1.S-45872 ID 0x8a4d5c1e LAD:1
2026-10-16T19:06:42.556212-04:00
Thread 1 advanced to log sequence 45874 (LGWR switch),  current SCN: 14163938049
  Current log# 3 seq# 45874 mem# 0: /u02/oradata/PRODDB/redo03a.log
  Current log# 3 seq# 45874 mem# 1: /u02/oradata/PRODDB/redo03b.log
2026-10-16T19:06:55.115847-04:00
ARC2 (PID:11111): Archived Log entry 89648 added for B-1180943236.T-1.S-45873 ID 0x8a4d5c1e LAD:1
2026-10-16T20:18:40.986515-04:00
Thread 1 advanced to log sequence 45875 (LGWR switch),  current SCN: 14175597717
  Current log# 4 seq# 45875 mem# 0: /u02/oradata/PRODDB/redo04a.log
  Current log# 4 seq# 45875 mem# 1: /u02/oradata/PRODDB/redo04b.log
2026-10-16T20:19:22.297624-04:00
ARC3 (PID:11143): Archived Log entry 89649 added for B-1180943236.T-1.S-45874 ID 0x8a4d5c1e LAD:1
2026-10-16T21:20:06.782157-04:00
Thread 1 advanced to log sequence 45876 (LGWR switch),  current SCN: 14185549022
  Current log# 1 seq# 45876 mem# 0: /u02/oradata/PRODDB/redo01a.log
  Current log# 1 seq# 45876 mem# 1: /u02/oradata/PRODDB/redo01b.log
2026-10-16T21:20:21.531701-04:00
ARC1 (PID:11122): Archived Log entry 89650 added for B-1180943236.T-1.S-45875 ID 0x8a4d5c1e LAD:1
2026-10-16T22:00:00.786804-04:00
Setting Resource Manager plan SCHEDULER[0x4D52]:DEFAULT_MAINTENANCE_PLAN via scheduler window
Setting Resource Manager plan DEFAULT_MAINTENANCE_PLAN via parameter
2026-10-16T22:17:32.362436-04:00
Thread 1 advanced to log sequence 45877 (LGWR switch),  current SCN: 14194852560
  Current log# 2 seq# 45877 mem# 0: /u02/oradata/PRODDB/redo02a.log
  Current log# 2 seq# 45877 mem# 1: /u02/oradata/PRODDB/redo02b.log
2026-10-16T22:17:42.343402-04:00
ARC0 (PID:11131): Archived Log entry 89651 added for B-1180943236.T-1.S-45876 ID 0x8a4d5c1e LAD:1
2026-10-16T22:55:48.899779-04:00
Thread 1 advanced to log sequence 45878 (LGWR switch),  current SCN: 14201052669
  Current log# 3 seq# 45878 mem# 0: /u02/oradata/PRODDB/redo03a.log
  Current log# 3 seq# 45878 mem# 1: /u02/oradata/PRODDB/redo03b.log
2026-10-16T22:56:08.919143-04:00
ARC1 (PID:11122): Archived Log entry 89652 added for B-1180943236.T-1.S-45877 ID 0x8a4d5c1e LAD:1
2026-10-16T23:51:24.525033-04:00
Thread 1 advanced to log sequence 45879 (LGWR switch),  current SCN: 14210059267
  Current log# 4 seq# 45879 mem# 0: /u02/oradata/PRODDB/redo04a.log
  Current log# 4 seq# 45879 mem# 1: /u02/oradata/PRODDB/redo04b.log
2026-10-16T23:51:46.153607-04:00
ARC0 (PID:11131): Archived Log entry 89653 added for B-1180943236.T-1.S-45878 ID 0x8a4d5c1e LAD:1
2026-10-17T00:00:36.592960-04:00
TABLE SYS.WRI$_OPTSTAT_HISTHEAD_HISTORY: ADDED INTERVAL PARTITION SYS_P3799 (45491) VALUES LESS THAN (TO_DATE(' 2026-10-18 00:00:00', 'SYYYY-MM-DD HH24:MI:SS', 'NLS_CALENDAR=GREGORIAN'))
2026-10-17T00:05:05.802575-04:00
Resize operation completed for file# 7, fname /u02/oradata/PRODDB/users01.dbf, old size 24117248K, new size 24219648K
2026-10-17T00:32:17.775724-04:00
Thread 1 advanced to log sequence 45880 (LGWR switch),  current SCN: 14216684941
  Current log# 1 seq# 45880 mem# 0: /u02/oradata/PRODDB/redo01a.log
  Current log# 1 seq# 45880 mem# 1: /u02/oradata/PRODDB/redo01b.log
2026-10-17T00:33:06.316245-04:00
ARC3 (PID:11143): Archived Log entry 89654 added for B-1180943236.T-1.S-45879 ID 0x8a4d5c1e LAD:1
2026-10-17T01:29:44.782490-04:00
Thread 1 advanced to log sequence 45881 (LGWR switch),  current SCN: 14225989827
  Current log# 2 seq# 45881 mem# 0: /u02/oradata/PRODDB/redo02a.log
  Current log# 2 seq# 45881 mem# 1: /u02/oradata/PRODDB/redo02b.log
2026-10-17T01:30:18.385832-04:00
ARC3 (PID:11143): Archived Log entry 89655 added for B-1180943236.T-1.S-45880 ID 0x8a4d5c1e LAD:1
2026-10-17T01:45:41.157380-04:00
Starting control autobackup
Control autobackup written to DISK device

handle '/u03/fra/PRODDB/autobackup/2026_10_17/o1_mf_s_1926287522_.bkp'
2026-10-17T02:00:00.169999-04:00
Closing scheduler window
Restoring Resource Manager plan DEFAULT_PLAN via scheduler window
Setting Resource Manager plan DEFAULT_PLAN via parameter
2026-10-17T02:12:59.137415-04:00
Thread 1 advanced to log sequence 45882 (LGWR switch),  current SCN: 14232996450
  Current log# 3 seq# 45882 mem# 0: /u02/oradata/PRODDB/redo03a.log
  Current log# 3 seq# 45882 mem# 1: /u02/oradata/PRODDB/redo03b.log
2026-10-17T02:13:04.363204-04:00
ARC1 (PID:11122): Archived Log entry 89656 added for B-1180943236.T-1.S-45881 ID 0x8a4d5c1e LAD:1
2026-10-17T03:33:51.290386-04:00
Thread 1 advanced to log sequence 45883 (LGWR switch),  current SCN: 14246097768
  Current log# 4 seq# 45883 mem# 0: /u02/oradata/PRODDB/redo04a.log
  Current log# 4 seq# 45883 mem# 1: /u02/oradata/PRODDB/redo04b.log
2026-10-17T03:34:20.508008-04:00
ARC2 (PID:11111): Archived Log entry 89657 added for B-1180943236.T-1.S-45882 ID 0x8a4d5c1e LAD:1
2026-10-17T04:20:05.942189-04:00
Resize operation completed for file# 9, fname /u02/oradata/PRODDB/ar_data01.dbf, old size 31457280K, new size 31559680K
2026-10-17T04:53:24.007311-04:00
Thread 1 advanced to log sequence 45884 (LGWR switch),  current SCN: 14258983572
  Current log# 1 seq# 45884 mem# 0: /u02/oradata/PRODDB/redo01a.log
  Current log# 1 seq# 45884 mem# 1: /u02/oradata/PRODDB/redo01b.log
2026-10-17T04:53:30.980304-04:00
ARC1 (PID:11122): Archived Log entry 89658 added for B-1180943236.T-1.S-45883 ID 0x8a4d5c1e LAD:1
2026-10-17T06:24:01.826790-04:00
Thread 1 advanced to log sequence 45885 (LGWR switch),  current SCN: 14273665015
  Current log# 2 seq# 45885 mem# 0: /u02/oradata/PRODDB/redo02a.log
  Current log# 2 seq# 45885 mem# 1: /u02/oradata/PRODDB/redo02b.log
2026-10-17T06:24:48.706844-04:00
ARC3 (PID:11143): Archived Log entry 89659 added for B-1180943236.T-1.S-45884 ID 0x8a4d5c1e LAD:1
2026-10-17T06:49:20.477456-04:00
Errors in file /u01/app/oracle/diag/rdbms/proddb/PRODDB/trace/PRODDB_lgwr_11101.trc:
ORA-00312: online log 2 thread 1: '/u02/oradata/PRODDB/redo02b.log'
ORA-27037: unable to obtain file status
Linux-x86_64 Error: 2: No such file or directory
Additional information: 7
2026-10-17T07:51:02.686528-04:00
Thread 1 advanced to log sequence 45886 (LGWR switch),  current SCN: 14287760067
  Current log# 3 seq# 45886 mem# 0: /u02/oradata/PRODDB/redo03a.log
  Current log# 3 seq# 45886 mem# 1: /u02/oradata/PRODDB/redo03b.log
2026-10-17T07:51:32.180359-04:00
ARC1 (PID:11122): Archived Log entry 89660 added for B-1180943236.T-1.S-45885 ID 0x8a4d5c1e LAD:1
2026-10-17T09:12:36.766275-04:00
Thread 1 advanced to log sequence 45887 (LGWR switch),  current SCN: 14300974874
  Current log# 4 seq# 45887 mem# 0: /u02/oradata/PRODDB/redo04a.log
  Current log# 4 seq# 45887 mem# 1: /u02/oradata/PRODDB/redo04b.log
2026-10-17T09:13:25.456911-04:00
ARC3 (PID:11143): Archived Log entry 89661 added for B-1180943236.T-1.S-45886 ID 0x8a4d5c1e LAD:1
2026-10-17T10:11:16.056124-04:00
Thread 1 advanced to log sequence 45888 (LGWR switch),  current SCN: 14310476019
  Current log# 1 seq# 45888 mem# 0: /u02/oradata/PRODDB/redo01a.log
  Current log# 1 seq# 45888 mem# 1: /u02/oradata/PRODDB/redo01b.log
2026-10-17T10:11:51.185992-04:00
ARC0 (PID:11131): Archived Log entry 89662 added for B-1180943236.T-1.S-45887 ID 0x8a4d5c1e LAD:1
2026-10-17T11:13:21.733081-04:00
Thread 1 advanced to log sequence 45889 (LGWR switch),  current SCN: 14320535664
  Current log# 2 seq# 45889 mem# 0: /u02/oradata/PRODDB/redo02a.log
  Current log# 2 seq# 45889 mem# 1: /u02/oradata/PRODDB/redo02b.log
2026-10-17T11:13:39.409798-04:00
ARC0 (PID:11131): Archived Log entry 89663 added for B-1180943236.T-1.S-45888 ID 0x8a4d5c1e LAD:1
2026-10-17T11:20:42.249433-04:00

***********************************************************************

Fatal NI connect error 12537, connecting to:
 (LOCAL=NO)

  VERSION INFORMATION:
	TNS for Linux: Version 19.0.0.0.0 - Production
	TCP/IP NT Protocol Adapter for Linux: Version 19.0.0.0.0 - Production
  Version 19.24.0.0.0
  Time: 17-OCT-2026 11:20:42
  Tracing not turned on.
  Tns error struct:
    ns main err code: 12537

TNS-12537: TNS:connection closed
    ns secondary err code: 12560
    nt main err code: 0
    nt secondary err code: 0
    nt OS err code: 0
  Client address: (ADDRESS=(PROTOCOL=tcp)(HOST=10.20.2.156)(PORT=62339))
2026-10-17T12:20:37.965696-04:00
Thread 1 advanced to log sequence 45890 (LGWR switch),  current SCN: 14331433753
  Current log# 3 seq# 45890 mem# 0: /u02/oradata/PRODDB/redo03a.log
  Current log# 3 seq# 45890 mem# 1: /u02/oradata/PRODDB/redo03b.log
2026-10-17T12:21:15.601031-04:00
ARC0 (PID:11131): Archived Log entry 89664 added for B-1180943236.T-1.S-45889 ID 0x8a4d5c1e LAD:1
2026-10-17T13:20:57.083262-04:00

***********************************************************************

Fatal NI connect error 12537, connecting to:
 (LOCAL=NO)

  VERSION INFORMATION:
	TNS for Linux: Version 19.0.0.0.0 - Production
	TCP/IP NT Protocol Adapter for Linux: Version 19.0.0.0.0 - Production
  Version 19.24.0.0.0
  Time: 17-OCT-2026 13:20:57
  Tracing not turned on.
  Tns error struct:
    ns main err code: 12537

TNS-12537: TNS:connection closed
    ns secondary err code: 12560
    nt main err code: 0
    nt secondary err code: 0
    nt OS err code: 0
  Client address: (ADDRESS=(PROTOCOL=tcp)(HOST=10.20.117.105)(PORT=58958))
2026-10-17T13:26:35.912156-04:00
Thread 1 advanced to log sequence 45891 (LGWR switch),  current SCN: 14342120504
  Current log# 4 seq# 45891 mem# 0: /u02/oradata/PRODDB/redo04a.log
  Current log# 4 seq# 45891 mem# 1: /u02/oradata/PRODDB/redo04b.log
2026-10-17T13:26:50.556197-04:00
ARC0 (PID:11131): Archived Log entry 89665 added for B-1180943236.T-1.S-45890 ID 0x8a4d5c1e LAD:1
2026-10-17T14:27:58.572181-04:00
Thread 1 advanced to log sequence 45892 (LGWR switch),  current SCN: 14352062968
  Current log# 1 seq# 45892 mem# 0: /u02/oradata/PRODDB/redo01a.log
  Current log# 1 seq# 45892 mem# 1: /u02/oradata/PRODDB/redo01b.log
2026-10-17T14:28:19.128580-04:00
ARC2 (PID:11111): Archived Log entry 89666 added for B-1180943236.T-1.S-45891 ID 0x8a4d5c1e LAD:1
2026-10-17T15:12:57.305310-04:00
Thread 1 advanced to log sequence 45893 (LGWR switch),  current SCN: 14359351217
  Current log# 2 seq# 45893 mem# 0: /u02/oradata/PRODDB/redo02a.log
  Current log# 2 seq# 45893 mem# 1: /u02/oradata/PRODDB/redo02b.log
2026-10-17T15:13:44.538670-04:00
ARC0 (PID:11131): Archived Log entry 89667 added for B-1180943236.T-1.S-45892 ID 0x8a4d5c1e LAD:1
2026-10-17T16:42:10.715014-04:00
Thread 1 advanced to log sequence 45894 (LGWR switch),  current SCN: 14373804945
  Current log# 3 seq# 45894 mem# 0: /u02/oradata/PRODDB/redo03a.log
  Current log# 3 seq# 45894 mem# 1: /u02/oradata/PRODDB/redo03b.log
2026-10-17T16:42:18.986667-04:00
ARC3 (PID:11143): Archived Log entry 89668 added for B-1180943236.T-1.S-45893 ID 0x8a4d5c1e LAD:1
2026-10-17T17:47:12.785465-04:00
Thread 1 advanced to log sequence 45895 (LGWR switch),  current SCN: 14384341338
  Current log# 4 seq# 45895 mem# 0: /u02/oradata/PRODDB/redo04a.log
  Current log# 4 seq# 45895 mem# 1: /u02/oradata/PRODDB/redo04b.log
2026-10-17T17:47:41.030610-04:00
ARC1 (PID:11122): Archived Log entry 89669 added for B-1180943236.T-1.S-45894 ID 0x8a4d5c1e LAD:1
2026-10-17T18:11:42.884274-04:00
TT00 (PID:11131): Error 12537 received logging on to the standby
Errors in file /u01/app/oracle/diag/rdbms/proddb/PRODDB/trace/PRODDB_tt00_11131.trc:
ORA-12537: TNS:connection closed
2026-10-17T18:12:45.307057-04:00
TT00 (PID:11131): Attempting LAD:2 network reconnect (12537)
TT00 (PID:11131): LAD:2 network reconnect successful
2026-10-17T18:26:21.467935-04:00
Resize operation completed for file# 9, fname /u02/oradata/PRODDB/ar_data01.dbf, old size 32505856K, new size 32608256K
2026-10-17T18:41:37.082441-04:00
Thread 1 advanced to log sequence 45896 (LGWR switch),  current SCN: 14393155379
  Current log# 1 seq# 45896 mem# 0: /u02/oradata/PRODDB/redo01a.log
  Current log# 1 seq# 45896 mem# 1: /u02/oradata/PRODDB/redo01b.log
2026-10-17T18:42:09.675309-04:00
ARC1 (PID:11122): Archived Log entry 89670 added for B-1180943236.T-1.S-45895 ID 0x8a4d5c1e LAD:1
2026-10-17T20:10:25.818654-04:00
Thread 1 advanced to log sequence 45897 (LGWR switch),  current SCN: 14407540501
  Current log# 2 seq# 45897 mem# 0: /u02/oradata/PRODDB/redo02a.log
  Current log# 2 seq# 45897 mem# 1: /u02/oradata/PRODDB/redo02b.log
2026-10-17T20:10:56.973905-04:00
ARC1 (PID:11122): Archived Log entry 89671 added for B-1180943236.T-1.S-45896 ID 0x8a4d5c1e LAD:1
2026-10-17T21:00:25.900922-04:00
Thread 1 advanced to log sequence 45898 (LGWR switch),  current SCN: 14415641301
  Current log# 3 seq# 45898 mem# 0: /u02/oradata/PRODDB/redo03a.log
  Current log# 3 seq# 45898 mem# 1: /u02/oradata/PRODDB/redo03b.log
2026-10-17T21:01:13.944485-04:00
ARC1 (PID:11122): Archived Log entry 89672 added for B-1180943236.T-1.S-45897 ID 0x8a4d5c1e LAD:1
2026-10-17T21:42:50.054495-04:00
Thread 1 advanced to log sequence 45899 (LGWR switch),  current SCN: 14422512150
  Current log# 4 seq# 45899 mem# 0: /u02/oradata/PRODDB/redo04a.log
  Current log# 4 seq# 45899 mem# 1: /u02/oradata/PRODDB/redo04b.log
2026-10-17T21:43:33.315358-04:00
ARC3 (PID:11143): Archived Log entry 89673 added for B-1180943236.T-1.S-45898 ID 0x8a4d5c1e LAD:1
2026-10-17T22:22:57.779979-04:00
Thread 1 advanced to log sequence 45900 (LGWR switch),  current SCN: 14429011330
  Current log# 1 seq# 45900 mem# 0: /u02/oradata/PRODDB/redo01a.log
  Current log# 1 seq# 45900 mem# 1: /u02/oradata/PRODDB/redo01b.log
2026-10-17T22:23:46.867837-04:00
ARC3 (PID:11143): Archived Log entry 89674 added for B-1180943236.T-1.S-45899 ID 0x8a4d5c1e LAD:1
2026-10-17T23:56:28.369280-04:00
Thread 1 advanced to log sequence 45901 (LGWR switch),  current SCN: 14444160191
  Current log# 2 seq# 45901 mem# 0: /u02/oradata/PRODDB/redo02a.log
  Current log# 2 seq# 45901 mem# 1: /u02/oradata/PRODDB/redo02b.log
2026-10-17T23:56:55.304555-04:00
ARC1 (PID:11122): Archived Log entry 89675 added for B-1180943236.T-1.S-45900 ID 0x8a4d5c1e LAD:1
2026-10-18T00:00:36.433973-04:00
TABLE SYS.WRI$_OPTSTAT_HISTHEAD_HISTORY: ADDED INTERVAL PARTITION SYS_P1518 (44448) VALUES LESS THAN (TO_DATE(' 2026-10-19 00:00:00', 'SYYYY-MM-DD HH24:MI:SS', 'NLS_CALENDAR=GREGORIAN'))
2026-10-18T00:12:20.894480-04:00
Thread 1 advanced to log sequence 45902 (LGWR switch),  current SCN: 14446733150
  Current log# 3 seq# 45902 mem# 0: /u02/oradata/PRODDB/redo03a.log
  Current log# 3 seq# 45902 mem# 1: /u02/oradata/PRODDB/redo03b.log
2026-10-18T00:12:30.274396-04:00
ARC0 (PID:11131): Archived Log entry 89676 added for B-1180943236.T-1.S-45901 ID 0x8a4d5c1e LAD:1
2026-10-18T01:31:08.357477-04:00
Thread 1 advanced to log sequence 45903 (LGWR switch),  current SCN: 14459496111
  Current log# 4 seq# 45903 mem# 0: /u02/oradata/PRODDB/redo04a.log
  Current log# 4 seq# 45903 mem# 1: /u02/oradata/PRODDB/redo04b.log
2026-10-18T01:31:33.249185-04:00
Starting control autobackup
Control autobackup written to DISK device

handle '/u03/fra/PRODDB/autobackup/2026_10_18/o1_mf_s_1941723910_.bkp'
2026-10-18T01:31:41.457192-04:00
ARC0 (PID:11131): Archived Log entry 89677 added for B-1180943236.T-1.S-45902 ID 0x8a4d5c1e LAD:1
2026-10-18T02:47:27.832604-04:00
Thread 1 advanced to log sequence 45904 (LGWR switch),  current SCN: 14471859831
  Current log# 1 seq# 45904 mem# 0: /u02/oradata/PRODDB/redo01a.log
  Current log# 1 seq# 45904 mem# 1: /u02/oradata/PRODDB/redo01b.log
2026-10-18T02:47:57.491767-04:00
ARC2 (PID:11111): Archived Log entry 89678 added for B-1180943236.T-1.S-45903 ID 0x8a4d5c1e LAD:1
2026-10-18T03:41:46.356637-04:00
Resize operation completed for file# 12, fname /u02/oradata/PRODDB/sysaux01.dbf, old size 29360128K, new size 29462528K
2026-10-18T04:13:19.198312-04:00
Thread 1 advanced to log sequence 45905 (LGWR switch),  current SCN: 14485770427
  Current log# 2 seq# 45905 mem# 0: /u02/oradata/PRODDB/redo02a.log
  Current log# 2 seq# 45905 mem# 1: /u02/oradata/PRODDB/redo02b.log
2026-10-18T04:13:30.570168-04:00
ARC2 (PID:11111): Archived Log entry 89679 added for B-1180943236.T-1.S-45904 ID 0x8a4d5c1e LAD:1
2026-10-18T05:10:45.690995-04:00
ORA-1652: unable to extend temp segment by 128 in tablespace                 TEMP
2026-10-18T05:22:04.954606-04:00
Thread 1 advanced to log sequence 45906 (LGWR switch),  current SCN: 14496909233
  Current log# 3 seq# 45906 mem# 0: /u02/oradata/PRODDB/redo03a.log
  Current log# 3 seq# 45906 mem# 1: /u02/oradata/PRODDB/redo03b.log
2026-10-18T05:22:39.256883-04:00
ARC3 (PID:11143): Archived Log entry 89680 added for B-1180943236.T-1.S-45905 ID 0x8a4d5c1e LAD:1
2026-10-18T06:07:52.714697-04:00
Thread 1 advanced to log sequence 45907 (LGWR switch),  current SCN: 14504327931
  Current log# 4 seq# 45907 mem# 0: /u02/oradata/PRODDB/redo04a.log
  Current log# 4 seq# 45907 mem# 1: /u02/oradata/PRODDB/redo04b.log
2026-10-18T06:08:40.380287-04:00
ARC1 (PID:11122): Archived Log entry 89681 added for B-1180943236.T-1.S-45906 ID 0x8a4d5c1e LAD:1
2026-10-18T07:41:37.404920-04:00
Thread 1 advanced to log sequence 45908 (LGWR switch),  current SCN: 14519516315
  Current log# 1 seq# 45908 mem# 0: /u02/oradata/PRODDB/redo01a.log
  Current log# 1 seq# 45908 mem# 1: /u02/oradata/PRODDB/redo01b.log
2026-10-18T07:41:41.890730-04:00
ARC0 (PID:11131): Archived Log entry 89682 added for B-1180943236.T-1.S-45907 ID 0x8a4d5c1e LAD:1
2026-10-18T08:44:50.139164-04:00
opiodr aborting process unknown ospid (46349) as a result of ORA-609
2026-10-18T08:54:09.185590-04:00
Thread 1 advanced to log sequence 45909 (LGWR switch),  current SCN: 14531265794
  Current log# 2 seq# 45909 mem# 0: /u02/oradata/PRODDB/redo02a.log
  Current log# 2 seq# 45909 mem# 1: /u02/oradata/PRODDB/redo02b.log
2026-10-18T08:54:51.496709-04:00
ARC1 (PID:11122): Archived Log entry 89683 added for B-1180943236.T-1.S-45908 ID 0x8a4d5c1e LAD:1
2026-10-18T08:58:38.039211-04:00
Resize operation completed for file# 7, fname /u02/oradata/PRODDB/users01.dbf, old size 22020096K, new size 22122496K
2026-10-18T09:53:59.960044-04:00
Thread 1 advanced to log sequence 45910 (LGWR switch),  current SCN: 14540960274
  Current log# 3 seq# 45910 mem# 0: /u02/oradata/PRODDB/redo03a.log
  Current log# 3 seq# 45910 mem# 1: /u02/oradata/PRODDB/redo03b.log
2026-10-18T09:54:38.455235-04:00
ARC2 (PID:11111): Archived Log entry 89684 added for B-1180943236.T-1.S-45909 ID 0x8a4d5c1e LAD:1
2026-10-18T10:38:46.026146-04:00
Resize operation completed for file# 8, fname /u02/oradata/PRODDB/apps_ts_media01.dbf, old size 22020096K, new size 22122496K
2026-10-18T11:07:14.634641-04:00
Thread 1 advanced to log sequence 45911 (LGWR switch),  current SCN: 14552826808
  Current log# 4 seq# 45911 mem# 0: /u02/oradata/PRODDB/redo04a.log
  Current log# 4 seq# 45911 mem# 1: /u02/oradata/PRODDB/redo04b.log
2026-10-18T11:08:01.918102-04:00
ARC1 (PID:11122): Archived Log entry 89685 added for B-1180943236.T-1.S-45910 ID 0x8a4d5c1e LAD:1
2026-10-18T11:57:30.597006-04:00
Thread 1 advanced to log sequence 45912 (LGWR switch),  current SCN: 14560969746
  Current log# 1 seq# 45912 mem# 0: /u02/oradata/PRODDB/redo01a.log
  Current log# 1 seq# 45912 mem# 1: /u02/oradata/PRODDB/redo01b.log
2026-10-18T11:57:53.057177-04:00
ARC2 (PID:11111): Archived Log entry 89686 added for B-1180943236.T-1.S-45911 ID 0x8a4d5c1e LAD:1
2026-10-18T13:05:31.307124-04:00
Thread 1 advanced to log sequence 45913 (LGWR switch),  current SCN: 14571985684
  Current log# 2 seq# 45913 mem# 0: /u02/oradata/PRODDB/redo02a.log
  Current log# 2 seq# 45913 mem# 1: /u02/oradata/PRODDB/redo02b.log
2026-10-18T13:05:41.221983-04:00
ARC0 (PID:11131): Archived Log entry 89687 added for B-1180943236.T-1.S-45912 ID 0x8a4d5c1e LAD:1
2026-10-18T13:38:53.355193-04:00
Errors in file /u01/app/oracle/diag/rdbms/proddb/PRODDB/trace/PRODDB_ora_60474.trc:
ORA-00060: Deadlock detected. See Note 60.1 at My Oracle Support for Troubleshooting ORA-60 Errors. More info in file /u01/app/oracle/diag/rdbms/proddb/PRODDB/trace/PRODDB_ora_60474.trc.
2026-10-18T14:00:30.736526-04:00
Thread 1 advanced to log sequence 45914 (LGWR switch),  current SCN: 14580895194
  Current log# 3 seq# 45914 mem# 0: /u02/oradata/PRODDB/redo03a.log
  Current log# 3 seq# 45914 mem# 1: /u02/oradata/PRODDB/redo03b.log
2026-10-18T14:00:44.524679-04:00
ARC0 (PID:11131): Archived Log entry 89688 added for B-1180943236.T-1.S-45913 ID 0x8a4d5c1e LAD:1
2026-10-18T14:37:43.465198-04:00
Errors in file /u01/app/oracle/diag/rdbms/proddb/PRODDB/trace/PRODDB_ora_37427.trc:
ORA-00060: Deadlock detected. See Note 60.1 at My Oracle Support for Troubleshooting ORA-60 Errors. More info in file /u01/app/oracle/diag/rdbms/proddb/PRODDB/trace/PRODDB_ora_37427.trc.
2026-10-18T14:55:20.528987-04:00
Thread 1 advanced to log sequence 45915 (LGWR switch),  current SCN: 14589777798
  Current log# 4 seq# 45915 mem# 0: /u02/oradata/PRODDB/redo04a.log
  Current log# 4 seq# 45915 mem# 1: /u02/oradata/PRODDB/redo04b.log
2026-10-18T14:55:54.010616-04:00
ARC3 (PID:11143): Archived Log entry 89689 added for B-1180943236.T-1.S-45914 ID 0x8a4d5c1e LAD:1
2026-10-18T15:32:28.326686-04:00
Thread 1 advanced to log sequence 45916 (LGWR switch),  current SCN: 14595793424
  Current log# 1 seq# 45916 mem# 0: /u02/oradata/PRODDB/redo01a.log
  Current log# 1 seq# 45916 mem# 1: /u02/oradata/PRODDB/redo01b.log
2026-10-18T15:32:40.842005-04:00
ARC3 (PID:11143): Archived Log entry 89690 added for B-1180943236.T-1.S-45915 ID 0x8a4d5c1e LAD:1
2026-10-18T16:06:16.541218-04:00
opiodr aborting process unknown ospid (63474) as a result of ORA-609
2026-10-18T16:31:16.806859-04:00
opiodr aborting process unknown ospid (11390) as a result of ORA-609
2026-10-18T16:35:07.316162-04:00
Thread 1 advanced to log sequence 45917 (LGWR switch),  current SCN: 14605940631
  Current log# 2 seq# 45917 mem# 0: /u02/oradata/PRODDB/redo02a.log
  Current log# 2 seq# 45917 mem# 1: /u02/oradata/PRODDB/redo02b.log
2026-10-18T16:35:39.230981-04:00
ARC2 (PID:11111): Archived Log entry 89691 added for B-1180943236.T-1.S-45916 ID 0x8a4d5c1e LAD:1
2026-10-18T17:58:58.381611-04:00
Thread 1 advanced to log sequence 45918 (LGWR switch),  current SCN: 14619524330
  Current log# 3 seq# 45918 mem# 0: /u02/oradata/PRODDB/redo03a.log
  Current log# 3 seq# 45918 mem# 1: /u02/oradata/PRODDB/redo03b.log
2026-10-18T17:59:33.722637-04:00
ARC0 (PID:11131): Archived Log entry 89692 added for B-1180943236.T-1.S-45917 ID 0x8a4d5c1e LAD:1
2026-10-18T19:07:51.913402-04:00
Thread 1 advanced to log sequence 45919 (LGWR switch),  current SCN: 14630685573
  Current log# 4 seq# 45919 mem# 0: /u02/oradata/PRODDB/redo04a.log
  Current log# 4 seq# 45919 mem# 1: /u02/oradata/PRODDB/redo04b.log
2026-10-18T19:08:29.764177-04:00
ARC2 (PID:11111): Archived Log entry 89693 added for B-1180943236.T-1.S-45918 ID 0x8a4d5c1e LAD:1
2026-10-18T19:43:59.194056-04:00
Thread 1 advanced to log sequence 45920 (LGWR switch),  current SCN: 14636537516
  Current log# 1 seq# 45920 mem# 0: /u02/oradata/PRODDB/redo01a.log
  Current log# 1 seq# 45920 mem# 1: /u02/oradata/PRODDB/redo01b.log
2026-10-18T19:44:23.658040-04:00
ARC2 (PID:11111): Archived Log entry 89694 added for B-1180943236.T-1.S-45919 ID 0x8a4d5c1e LAD:1
2026-10-18T21:17:09.490547-04:00
Thread 1 advanced to log sequence 45921 (LGWR switch),  current SCN: 14651632157
  Current log# 2 seq# 45921 mem# 0: /u02/oradata/PRODDB/redo02a.log
  Current log# 2 seq# 45921 mem# 1: /u02/oradata/PRODDB/redo02b.log
2026-10-18T21:17:33.589932-04:00
ARC0 (PID:11131): Archived Log entry 89695 added for B-1180943236.T-1.S-45920 ID 0x8a4d5c1e LAD:1
2026-10-18T22:29:45.518841-04:00
Thread 1 advanced to log sequence 45922 (LGWR switch),  current SCN: 14663391842
  Current log# 3 seq# 45922 mem# 0: /u02/oradata/PRODDB/redo03a.log
  Current log# 3 seq# 45922 mem# 1: /u02/oradata/PRODDB/redo03b.log
2026-10-18T22:30:24.270626-04:00
ARC1 (PID:11122): Archived Log entry 89696 added for B-1180943236.T-1.S-45921 ID 0x8a4d5c1e LAD:1
2026-10-18T23:28:07.698204-04:00
Thread 1 advanced to log sequence 45923 (LGWR switch),  current SCN: 14672848427
  Current log# 4 seq# 45923 mem# 0: /u02/oradata/PRODDB/redo04a.log
  Current log# 4 seq# 45923 mem# 1: /u02/oradata/PRODDB/redo04b.log
2026-10-18T23:28:29.813626-04:00
ARC0 (PID:11131): Archived Log entry 89697 added for B-1180943236.T-1.S-45922 ID 0x8a4d5c1e LAD:1
2026-10-19T00:00:36.300748-04:00
TABLE SYS.WRI$_OPTSTAT_HISTHEAD_HISTORY: ADDED INTERVAL PARTITION SYS_P5780 (40447) VALUES LESS THAN (TO_DATE(' 2026-10-20 00:00:00', 'SYYYY-MM-DD HH24:MI:SS', 'NLS_CALENDAR=GREGORIAN'))
2026-10-19T00:06:01.831811-04:00
Thread 1 advanced to log sequence 45924 (LGWR switch),  current SCN: 14678987715
  Current log# 1 seq# 45924 mem# 0: /u02/oradata/PRODDB/redo01a.log
  Current log# 1 seq# 45924 mem# 1: /u02/oradata/PRODDB/redo01b.log
2026-10-19T00:06:10.286874-04:00
ARC0 (PID:11131): Archived Log entry 89698 added for B-1180943236.T-1.S-45923 ID 0x8a4d5c1e LAD:1
2026-10-19T00:44:15.011375-04:00
Thread 1 advanced to log sequence 45925 (LGWR switch),  current SCN: 14685180650
  Current log# 2 seq# 45925 mem# 0: /u02/oradata/PRODDB/redo02a.log
  Current log# 2 seq# 45925 mem# 1: /u02/oradata/PRODDB/redo02b.log
2026-10-19T00:44:29.303102-04:00
ARC3 (PID:11143): Archived Log entry 89699 added for B-1180943236.T-1.S-45924 ID 0x8a4d5c1e LAD:1
2026-10-19T01:38:43.530155-04:00
Starting control autobackup
Control autobackup written to DISK device

handle '/u03/fra/PRODDB/autobackup/2026_10_19/o1_mf_s_1136173369_.bkp'
2026-10-19T01:55:01.222648-04:00
Thread 1 advanced to log sequence 45926 (LGWR switch),  current SCN: 14696644949
  Current log# 3 seq# 45926 mem# 0: /u02/oradata/PRODDB/redo03a.log
  Current log# 3 seq# 45926 mem# 1: /u02/oradata/PRODDB/redo03b.log
2026-10-19T01:55:42.973998-04:00
ARC3 (PID:11143): Archived Log entry 89700 added for B-1180943236.T-1.S-45925 ID 0x8a4d5c1e LAD:1
2026-10-19T02:00:00.080595-04:00
Closing scheduler window
Restoring Resource Manager plan DEFAULT_PLAN via scheduler window
Setting Resource Manager plan DEFAULT_PLAN via parameter
2026-10-19T02:48:46.244593-04:00
Thread 1 advanced to log sequence 45927 (LGWR switch),  current SCN: 14705351873
  Current log# 4 seq# 45927 mem# 0: /u02/oradata/PRODDB/redo04a.log
  Current log# 4 seq# 45927 mem# 1: /u02/oradata/PRODDB/redo04b.log
2026-10-19T02:49:34.182685-04:00
ARC1 (PID:11122): Archived Log entry 89701 added for B-1180943236.T-1.S-45926 ID 0x8a4d5c1e LAD:1
2026-10-19T04:04:01.079798-04:00
Thread 1 advanced to log sequence 45928 (LGWR switch),  current SCN: 14717542732
  Current log# 1 seq# 45928 mem# 0: /u02/oradata/PRODDB/redo01a.log
  Current log# 1 seq# 45928 mem# 1: /u02/oradata/PRODDB/redo01b.log
2026-10-19T04:04:33.115769-04:00
ARC0 (PID:11131): Archived Log entry 89702 added for B-1180943236.T-1.S-45927 ID 0x8a4d5c1e LAD:1
2026-10-19T04:09:54.725846-04:00
ORA-01555 caused by SQL statement below (SQL ID: 758sb7bhkx4xj, Query Duration=13505 sec, SCN: 0x000000036d4a7167):
SELECT H.HEADER_ID, L.LINE_ID, L.ORDERED_QUANTITY FROM ONT.OE_ORDER_HEADERS_ALL H, ONT.OE_ORDER_LINES_ALL L WHERE H.HEADER_ID = L.HEADER_ID AND H.CREATION_DATE > :B1
2026-10-19T04:16:50.515959-04:00
TT00 (PID:11131): Error 12537 received logging on to the standby
Errors in file /u01/app/oracle/diag/rdbms/proddb/PRODDB/trace/PRODDB_tt00_11131.trc:
ORA-12537: TNS:connection closed
2026-10-19T04:18:15.150861-04:00
TT00 (PID:11131): Attempting LAD:2 network reconnect (12537)
TT00 (PID:11131): LAD:2 network reconnect successful
2026-10-19T04:46:55.835744-04:00
Thread 1 advanced to log sequence 45929 (LGWR switch),  current SCN: 14724493782
  Current log# 2 seq# 45929 mem# 0: /u02/oradata/PRODDB/redo02a.log
  Current log# 2 seq# 45929 mem# 1: /u02/oradata/PRODDB/redo02b.log
2026-10-19T04:47:04.461122-04:00
ARC3 (PID:11143): Archived Log entry 89703 added for B-1180943236.T-1.S-45928 ID 0x8a4d5c1e LAD:1
2026-10-19T05:40:33.069193-04:00
Thread 1 advanced to log sequence 45930 (LGWR switch),  current SCN: 14733180789
  Current log# 3 seq# 45930 mem# 0: /u02/oradata/PRODDB/redo03a.log
  Current log# 3 seq# 45930 mem# 1: /u02/oradata/PRODDB/redo03b.log
2026-10-19T05:41:05.636420-04:00
ARC3 (PID:11143): Archived Log entry 89704 added for B-1180943236.T-1.S-45929 ID 0x8a4d5c1e LAD:1
2026-10-19T07:12:23.357948-04:00
Thread 1 advanced to log sequence 45931 (LGWR switch),  current SCN: 14748059986
  Current log# 4 seq# 45931 mem# 0: /u02/oradata/PRODDB/redo04a.log
  Current log# 4 seq# 45931 mem# 1: /u02/oradata/PRODDB/redo04b.log
2026-10-19T07:12:49.618367-04:00
ARC2 (PID:11111): Archived Log entry 89705 added for B-1180943236.T-1.S-45930 ID 0x8a4d5c1e LAD:1
2026-10-19T07:58:24.240124-04:00
Thread 1 advanced to log sequence 45932 (LGWR switch),  current SCN: 14755512178
  Current log# 1 seq# 45932 mem# 0: /u02/oradata/PRODDB/redo01a.log
  Current log# 1 seq# 45932 mem# 1: /u02/oradata/PRODDB/redo01b.log
2026-10-19T07:58:46.753604-04:00
ARC2 (PID:11111): Archived Log entry 89706 added for B-1180943236.T-1.S-45931 ID 0x8a4d5c1e LAD:1
2026-10-19T09:02:38.420910-04:00
Thread 1 advanced to log sequence 45933 (LGWR switch),  current SCN: 14765920743
  Current log# 2 seq# 45933 mem# 0: /u02/oradata/PRODDB/redo02a.log
  Current log# 2 seq# 45933 mem# 1: /u02/oradata/PRODDB/redo02b.log
2026-10-19T09:03:11.786186-04:00
ARC2 (PID:11111): Archived Log entry 89707 added for B-1180943236.T-1.S-45932 ID 0x8a4d5c1e LAD:1
2026-10-19T09:27:52.095652-04:00
Thread 1 advanced to log sequence 45934 (LGWR switch),  current SCN: 14770006998
  Current log# 3 seq# 45934 mem# 0: /u02/oradata/PRODDB/redo03a.log
  Current log# 3 seq# 45934 mem# 1: /u02/oradata/PRODDB/redo03b.log
2026-10-19T09:28:26.838035-04:00
ARC1 (PID:11122): Archived Log entry 89708 added for B-1180943236.T-1.S-45933 ID 0x8a4d5c1e LAD:1
2026-10-19T09:45:09.983142-04:00
Thread 1 advanced to log sequence 45935 (LGWR switch),  current SCN: 14772809978
  Current log# 4 seq# 45935 mem# 0: /u02/oradata/PRODDB/redo04a.log
  Current log# 4 seq# 45935 mem# 1: /u02/oradata/PRODDB/redo04b.log
2026-10-19T09:45:48.551963-04:00
ARC2 (PID:11111): Archived Log entry 89709 added for B-1180943236.T-1.S-45934 ID 0x8a4d5c1e LAD:1
2026-10-19T09:56:26.952240-04:00
Thread 1 advanced to log sequence 45936 (LGWR switch),  current SCN: 14774636792
  Current log# 1 seq# 45936 mem# 0: /u02/oradata/PRODDB/redo01a.log
  Current log# 1 seq# 45936 mem# 1: /u02/oradata/PRODDB/redo01b.log
2026-10-19T09:57:06.902398-04:00
ARC3 (PID:11143): Archived Log entry 89710 added for B-1180943236.T-1.S-45935 ID 0x8a4d5c1e LAD:1
2026-10-19T10:10:44.296932-04:00
Thread 1 advanced to log sequence 45937 (LGWR switch),  current SCN: 14776952478
  Current log# 2 seq# 45937 mem# 0: /u02/oradata/PRODDB/redo02a.log
  Current log# 2 seq# 45937 mem# 1: /u02/oradata/PRODDB/redo02b.log
2026-10-19T10:11:11.199456-04:00
ARC3 (PID:11143): Archived Log entry 89711 added for B-1180943236.T-1.S-45936 ID 0x8a4d5c1e LAD:1
2026-10-19T10:26:52.721156-04:00
Thread 1 advanced to log sequence 45938 (LGWR switch),  current SCN: 14779566000
  Current log# 3 seq# 45938 mem# 0: /u02/oradata/PRODDB/redo03a.log
  Current log# 3 seq# 45938 mem# 1: /u02/oradata/PRODDB/redo03b.log
2026-10-19T10:27:22.696243-04:00
ARC3 (PID:11143): Archived Log entry 89712 added for B-1180943236.T-1.S-45937 ID 0x8a4d5c1e LAD:1
2026-10-19T10:51:02.662016-04:00
Thread 1 advanced to log sequence 45939 (LGWR switch),  current SCN: 14783481845
  Current log# 4 seq# 45939 mem# 0: /u02/oradata/PRODDB/redo04a.log
  Current log# 4 seq# 45939 mem# 1: /u02/oradata/PRODDB/redo04b.log
2026-10-19T10:51:48.116522-04:00
ARC1 (PID:11122): Archived Log entry 89713 added for B-1180943236.T-1.S-45938 ID 0x8a4d5c1e LAD:1
2026-10-19T11:02:02.055074-04:00

***********************************************************************

Fatal NI connect error 12537, connecting to:
 (LOCAL=NO)

  VERSION INFORMATION:
	TNS for Linux: Version 19.0.0.0.0 - Production
	TCP/IP NT Protocol Adapter for Linux: Version 19.0.0.0.0 - Production
  Version 19.24.0.0.0
  Time: 19-OCT-2026 11:02:02
  Tracing not turned on.
  Tns error struct:
    ns main err code: 12537

TNS-12537: TNS:connection closed
    ns secondary err code: 12560
    nt main err code: 0
    nt secondary err code: 0
    nt OS err code: 0
  Client address: (ADDRESS=(PROTOCOL=tcp)(HOST=10.20.165.68)(PORT=37601))
2026-10-19T11:02:27.142426-04:00
Thread 1 advanced to log sequence 45940 (LGWR switch),  current SCN: 14785328985
  Current log# 1 seq# 45940 mem# 0: /u02/oradata/PRODDB/redo01a.log
  Current log# 1 seq# 45940 mem# 1: /u02/oradata/PRODDB/redo01b.log
2026-10-19T11:02:37.161274-04:00
ARC3 (PID:11143): Archived Log entry 89714 added for B-1180943236.T-1.S-45939 ID 0x8a4d5c1e LAD:1
2026-10-19T11:14:57.056964-04:00

***********************************************************************

Fatal NI connect error 12537, connecting to:
 (LOCAL=NO)

  VERSION INFORMATION:
	TNS for Linux: Version 19.0.0.0.0 - Production
	TCP/IP NT Protocol Adapter for Linux: Version 19.0.0.0.0 - Production
  Version 19.24.0.0.0
  Time: 19-OCT-2026 11:14:57
  Tracing not turned on.
  Tns error struct:
    ns main err code: 12537

TNS-12537: TNS:connection closed
    ns secondary err code: 12560
    nt main err code: 0
    nt secondary err code: 0
    nt OS err code: 0
  Client address: (ADDRESS=(PROTOCOL=tcp)(HOST=10.20.188.216)(PORT=52614))
2026-10-19T11:23:10.404276-04:00
Thread 1 advanced to log sequence 45941 (LGWR switch),  current SCN: 14788687142
  Current log# 2 seq# 45941 mem# 0: /u02/oradata/PRODDB/redo02a.log
  Current log# 2 seq# 45941 mem# 1: /u02/oradata/PRODDB/redo02b.log
2026-10-19T11:23:24.624877-04:00
ARC3 (PID:11143): Archived Log entry 89715 added for B-1180943236.T-1.S-45940 ID 0x8a4d5c1e LAD:1
2026-10-19T11:50:22.770028-04:00
Thread 1 advanced to log sequence 45942 (LGWR switch),  current SCN: 14793094498
  Current log# 3 seq# 45942 mem# 0: /u02/oradata/PRODDB/redo03a.log
  Current log# 3 seq# 45942 mem# 1: /u02/oradata/PRODDB/redo03b.log
2026-10-19T11:50:46.174307-04:00
ARC3 (PID:11143): Archived Log entry 89716 added for B-1180943236.T-1.S-45941 ID 0x8a4d5c1e LAD:1
2026-10-19T12:11:59.472428-04:00
Thread 1 advanced to log sequence 45943 (LGWR switch),  current SCN: 14796595286
  Current log# 4 seq# 45943 mem# 0: /u02/oradata/PRODDB/redo04a.log
  Current log# 4 seq# 45943 mem# 1: /u02/oradata/PRODDB/redo04b.log
2026-10-19T12:12:40.191378-04:00
ARC1 (PID:11122): Archived Log entry 89717 added for B-1180943236.T-1.S-45942 ID 0x8a4d5c1e LAD:1
2026-10-19T12:13:37.972263-04:00

***********************************************************************

Fatal NI connect error 12537, connecting to:
 (LOCAL=NO)

  VERSION INFORMATION:
	TNS for Linux: Version 19.0.0.0.0 - Production
	TCP/IP NT Protocol Adapter for Linux: Version 19.0.0.0.0 - Production
  Version 19.24.0.0.0
  Time: 19-OCT-2026 12:13:37
  Tracing not turned on.
  Tns error struct:
    ns main err code: 12537

TNS-12537: TNS:connection closed
    ns secondary err code: 12560
    nt main err code: 0
    nt secondary err code: 0
    nt OS err code: 0
  Client address: (ADDRESS=(PROTOCOL=tcp)(HOST=10.20.112.4)(PORT=48926))
2026-10-19T12:35:35.425691-04:00
Thread 1 advanced to log sequence 45944 (LGWR switch),  current SCN: 14800416832
  Current log# 1 seq# 45944 mem# 0: /u02/oradata/PRODDB/redo01a.log
  Current log# 1 seq# 45944 mem# 1: /u02/oradata/PRODDB/redo01b.log
2026-10-19T12:36:19.788302-04:00
ARC1 (PID:11122): Archived Log entry 89718 added for B-1180943236.T-1.S-45943 ID 0x8a4d5c1e LAD:1
2026-10-19T12:53:44.489686-04:00
Thread 1 advanced to log sequence 45945 (LGWR switch),  current SCN: 14803357706
  Current log# 2 seq# 45945 mem# 0: /u02/oradata/PRODDB/redo02a.log
  Current log# 2 seq# 45945 mem# 1: /u02/oradata/PRODDB/redo02b.log
2026-10-19T12:53:59.059863-04:00
ARC3 (PID:11143): Archived Log entry 89719 added for B-1180943236.T-1.S-45944 ID 0x8a4d5c1e LAD:1
2026-10-19T13:16:00.480321-04:00
Thread 1 advanced to log sequence 45946 (LGWR switch),  current SCN: 14806965009
  Current log# 3 seq# 45946 mem# 0: /u02/oradata/PRODDB/redo03a.log
  Current log# 3 seq# 45946 mem# 1: /u02/oradata/PRODDB/redo03b.log
2026-10-19T13:16:30.635001-04:00
ARC2 (PID:11111): Archived Log entry 89720 added for B-1180943236.T-1.S-45945 ID 0x8a4d5c1e LAD:1
2026-10-19T13:43:41.162695-04:00
Thread 1 advanced to log sequence 45947 (LGWR switch),  current SCN: 14811450213
  Current log# 4 seq# 45947 mem# 0: /u02/oradata/PRODDB/redo04a.log
  Current log# 4 seq# 45947 mem# 1: /u02/oradata/PRODDB/redo04b.log
2026-10-19T13:44:23.604289-04:00
ARC0 (PID:11131): Archived Log entry 89721 added for B-1180943236.T-1.S-45946 ID 0x8a4d5c1e LAD:1
2026-10-19T13:53:52.245011-04:00

***********************************************************************

Fatal NI connect error 12537, connecting to:
 (LOCAL=NO)

  VERSION INFORMATION:
	TNS for Linux: Version 19.0.0.0.0 - Production
	TCP/IP NT Protocol Adapter for Linux: Version 19.0.0.0.0 - Production
  Version 19.24.0.0.0
  Time: 19-OCT-2026 13:53:52
  Tracing not turned on.
  Tns error struct:
    ns main err code: 12537

TNS-12537: TNS:connection closed
    ns secondary err code: 12560
    nt main err code: 0
    nt secondary err code: 0
    nt OS err code: 0
  Client address: (ADDRESS=(PROTOCOL=tcp)(HOST=10.20.78.122)(PORT=64899))
2026-10-19T13:56:37.359502-04:00
opiodr aborting process unknown ospid (4168) as a result of ORA-609
2026-10-19T14:00:57.910754-04:00
Thread 1 advanced to log sequence 45948 (LGWR switch),  current SCN: 14814248853
  Current log# 1 seq# 45948 mem# 0: /u02/oradata/PRODDB/redo01a.log
  Current log# 1 seq# 45948 mem# 1: /u02/oradata/PRODDB/redo01b.log
2026-10-19T14:01:24.547126-04:00
ARC0 (PID:11131): Archived Log entry 89722 added for B-1180943236.T-1.S-45947 ID 0x8a4d5c1e LAD:1
2026-10-19T14:20:51.135748-04:00
Thread 1 advanced to log sequence 45949 (LGWR switch),  current SCN: 14817469402
  Current log# 2 seq# 45949 mem# 0: /u02/oradata/PRODDB/redo02a.log
  Current log# 2 seq# 45949 mem# 1: /u02/oradata/PRODDB/redo02b.log
2026-10-19T14:21:01.301311-04:00
ARC2 (PID:11111): Archived Log entry 89723 added for B-1180943236.T-1.S-45948 ID 0x8a4d5c1e LAD:1
2026-10-19T14:35:23.920547-04:00
Thread 1 cannot allocate new log, sequence 45950
Checkpoint not complete
  Current log# 2 seq# 45949 mem# 0: /u02/oradata/PRODDB/redo02a.log
2026-10-19T14:35:55.803045-04:00
Thread 1 advanced to log sequence 45950 (LGWR switch),  current SCN: 14819912324
  Current log# 3 seq# 45950 mem# 0: /u02/oradata/PRODDB/redo03a.log
  Current log# 3 seq# 45950 mem# 1: /u02/oradata/PRODDB/redo03b.log
2026-10-19T14:36:38.517794-04:00
ARC3 (PID:11143): Archived Log entry 89724 added for B-1180943236.T-1.S-45949 ID 0x8a4d5c1e LAD:1
2026-10-19T14:57:15.497643-04:00

***********************************************************************

Fatal NI connect error 12537, connecting to:
 (LOCAL=NO)

  VERSION INFORMATION:
	TNS for Linux: Version 19.0.0.0.0 - Production
	TCP/IP NT Protocol Adapter for Linux: Version 19.0.0.0.0 - Production
  Version 19.24.0.0.0
  Time: 19-OCT-2026 14:57:15
  Tracing not turned on.
  Tns error struct:
    ns main err code: 12537

TNS-12537: TNS:connection closed
    ns secondary err code: 12560
    nt main err code: 0
    nt secondary err code: 0
    nt OS err code: 0
  Client address: (ADDRESS=(PROTOCOL=tcp)(HOST=10.20.98.175)(PORT=55563))
2026-10-19T14:58:44.356087-04:00
Thread 1 advanced to log sequence 45951 (LGWR switch),  current SCN: 14823607856
  Current log# 4 seq# 45951 mem# 0: /u02/oradata/PRODDB/redo04a.log
  Current log# 4 seq# 45951 mem# 1: /u02/oradata/PRODDB/redo04b.log
2026-10-19T14:59:29.081591-04:00
ARC1 (PID:11122): Archived Log entry 89725 added for B-1180943236.T-1.S-45950 ID 0x8a4d5c1e LAD:1
2026-10-19T15:17:17.164161-04:00
Thread 1 advanced to log sequence 45952 (LGWR switch),  current SCN: 14826612581
  Current log# 1 seq# 45952 mem# 0: /u02/oradata/PRODDB/redo01a.log
  Current log# 1 seq# 45952 mem# 1: /u02/oradata/PRODDB/redo01b.log
2026-10-19T15:17:45.922644-04:00
ARC2 (PID:11111): Archived Log entry 89726 added for B-1180943236.T-1.S-45951 ID 0x8a4d5c1e LAD:1
2026-10-19T15:32:28.441072-04:00
Thread 1 advanced to log sequence 45953 (LGWR switch),  current SCN: 14829073762
  Current log# 2 seq# 45953 mem# 0: /u02/oradata/PRODDB/redo02a.log
  Current log# 2 seq# 45953 mem# 1: /u02/oradata/PRODDB/redo02b.log
2026-10-19T15:32:31.384656-04:00
ARC1 (PID:11122): Archived Log entry 89727 added for B-1180943236.T-1.S-45952 ID 0x8a4d5c1e LAD:1
2026-10-19T15:36:33.761265-04:00

***********************************************************************

Fatal NI connect error 12537, connecting to:
 (LOCAL=NO)

  VERSION INFORMATION:
	TNS for Linux: Version 19.0.0.0.0 - Production
	TCP/IP NT Protocol Adapter for Linux: Version 19.0.0.0.0 - Production
  Version 19.24.0.0.0
  Time: 19-OCT-2026 15:36:33
  Tracing not turned on.
  Tns error struct:
    ns main err code: 12537

TNS-12537: TNS:connection closed
    ns secondary err code: 12560
    nt main err code: 0
    nt secondary err code: 0
    nt OS err code: 0
  Client address: (ADDRESS=(PROTOCOL=tcp)(HOST=10.20.99.61)(PORT=58847))
2026-10-19T15:54:09.497680-04:00
Thread 1 advanced to log sequence 45954 (LGWR switch),  current SCN: 14832584465
  Current log# 3 seq# 45954 mem# 0: /u02/oradata/PRODDB/redo03a.log
  Current log# 3 seq# 45954 mem# 1: /u02/oradata/PRODDB/redo03b.log
2026-10-19T15:54:54.027756-04:00
ARC3 (PID:11143): Archived Log entry 89728 added for B-1180943236.T-1.S-45953 ID 0x8a4d5c1e LAD:1
2026-10-19T15:55:55.640140-04:00
ORA-1654: unable to extend index AR.RA_CUSTOMER_TRX_LINES_N2 by 1024 in tablespace APPS_TS_TX_IDX
2026-10-19T16:07:01.258969-04:00
ORA-1654: unable to extend index AR.RA_CUSTOMER_TRX_LINES_N2 by 1024 in tablespace APPS_TS_TX_IDX
2026-10-19T16:10:59.590715-04:00
ORA-1654: unable to extend index AR.RA_CUSTOMER_TRX_LINES_N2 by 128 in tablespace APPS_TS_TX_IDX
2026-10-19T16:19:11.673041-04:00
ORA-1654: unable to extend index AR.RA_CUSTOMER_TRX_LINES_N2 by 1024 in tablespace APPS_TS_TX_IDX
2026-10-19T16:21:41.686721-04:00
Thread 1 advanced to log sequence 45955 (LGWR switch),  current SCN: 14837047492
  Current log# 4 seq# 45955 mem# 0: /u02/oradata/PRODDB/redo04a.log
  Current log# 4 seq# 45955 mem# 1: /u02/oradata/PRODDB/redo04b.log
2026-10-19T16:22:14.479825-04:00
ARC3 (PID:11143): Archived Log entry 89729 added for B-1180943236.T-1.S-45954 ID 0x8a4d5c1e LAD:1
2026-10-19T16:28:41.722746-04:00
ORA-1654: unable to extend index AR.RA_CUSTOMER_TRX_LINES_N2 by 8192 in tablespace APPS_TS_TX_IDX
2026-10-19T16:37:46.924009-04:00
ORA-1654: unable to extend index AR.RA_CUSTOMER_TRX_LINES_N2 by 8192 in tablespace APPS_TS_TX_IDX
2026-10-19T16:40:55.477675-04:00
ORA-1654: unable to extend index AR.RA_CUSTOMER_TRX_LINES_N2 by 1024 in tablespace APPS_TS_TX_IDX
2026-10-19T16:45:54.031917-04:00
Thread 1 advanced to log sequence 45956 (LGWR switch),  current SCN: 14840968007
  Current log# 1 seq# 45956 mem# 0: /u02/oradata/PRODDB/redo01a.log
  Current log# 1 seq# 45956 mem# 1: /u02/oradata/PRODDB/redo01b.log
2026-10-19T16:46:26.119694-04:00
ARC1 (PID:11122): Archived Log entry 89730 added for B-1180943236.T-1.S-45955 ID 0x8a4d5c1e LAD:1
2026-10-19T16:49:30.679221-04:00
ORA-1654: unable to extend index AR.RA_CUSTOMER_TRX_LINES_N2 by 128 in tablespace APPS_TS_TX_IDX
2026-10-19T16:56:31.783907-04:00
ORA-1654: unable to extend index AR.RA_CUSTOMER_TRX_LINES_N2 by 8192 in tablespace APPS_TS_TX_IDX
2026-10-19T17:03:32.043595-04:00
Thread 1 advanced to log sequence 45957 (LGWR switch),  current SCN: 14843824755
  Current log# 2 seq# 45957 mem# 0: /u02/oradata/PRODDB/redo02a.log
  Current log# 2 seq# 45957 mem# 1: /u02/oradata/PRODDB/redo02b.log
2026-10-19T17:03:48.835009-04:00
ARC2 (PID:11111): Archived Log entry 89731 added for B-1180943236.T-1.S-45956 ID 0x8a4d5c1e LAD:1
2026-10-19T17:06:41.121315-04:00
ORA-1654: unable to extend index AR.RA_CUSTOMER_TRX_LINES_N2 by 128 in tablespace APPS_TS_TX_IDX
2026-10-19T17:08:45.890070-04:00
ORA-1654: unable to extend index AR.RA_CUSTOMER_TRX_LINES_N2 by 128 in tablespace APPS_TS_TX_IDX
2026-10-19T17:14:40.253606-04:00
ORA-1654: unable to extend index AR.RA_CUSTOMER_TRX_LINES_N2 by 128 in tablespace APPS_TS_TX_IDX
2026-10-19T17:19:50.807848-04:00
ALTER TABLESPACE APPS_TS_TX_IDX ADD DATAFILE '/u02/oradata/PRODDB/apps_ts_tx_idx04.dbf' SIZE 30G AUTOEXTEND ON NEXT 1G MAXSIZE UNLIMITED
2026-10-19T17:20:14.421638-04:00
Completed: ALTER TABLESPACE APPS_TS_TX_IDX ADD DATAFILE '/u02/oradata/PRODDB/apps_ts_tx_idx04.dbf' SIZE 30G AUTOEXTEND ON NEXT 1G MAXSIZE UNLIMITED
2026-10-19T17:20:35.281737-04:00
Thread 1 cannot allocate new log, sequence 45958
Checkpoint not complete
  Current log# 2 seq# 45957 mem# 0: /u02/oradata/PRODDB/redo02a.log
2026-10-19T17:21:11.160217-04:00
Thread 1 advanced to log sequence 45958 (LGWR switch),  current SCN: 14846683390
  Current log# 3 seq# 45958 mem# 0: /u02/oradata/PRODDB/redo03a.log
  Current log# 3 seq# 45958 mem# 1: /u02/oradata/PRODDB/redo03b.log
2026-10-19T17:21:58.919899-04:00
ARC1 (PID:11122): Archived Log entry 89732 added for B-1180943236.T-1.S-45957 ID 0x8a4d5c1e LAD:1
2026-10-19T17:36:01.788632-04:00
Thread 1 advanced to log sequence 45959 (LGWR switch),  current SCN: 14849088524
  Current log# 4 seq# 45959 mem# 0: /u02/oradata/PRODDB/redo04a.log
  Current log# 4 seq# 45959 mem# 1: /u02/oradata/PRODDB/redo04b.log
2026-10-19T17:36:06.223987-04:00
ARC2 (PID:11111): Archived Log entry 89733 added for B-1180943236.T-1.S-45958 ID 0x8a4d5c1e LAD:1
2026-10-19T17:43:40.691174-04:00
Resize operation completed for file# 7, fname /u02/oradata/PRODDB/users01.dbf, old size 30408704K, new size 30511104K
2026-10-19T17:47:12.633152-04:00
Resize operation completed for file# 9, fname /u02/oradata/PRODDB/ar_data01.dbf, old size 20971520K, new size 21073920K
2026-10-19T17:56:14.904488-04:00
Thread 1 advanced to log sequence 45960 (LGWR switch),  current SCN: 14852365248
  Current log# 1 seq# 45960 mem# 0: /u02/oradata/PRODDB/redo01a.log
  Current log# 1 seq# 45960 mem# 1: /u02/oradata/PRODDB/redo01b.log
2026-10-19T17:57:01.869779-04:00
ARC3 (PID:11143): Archived Log entry 89734 added for B-1180943236.T-1.S-45959 ID 0x8a4d5c1e LAD:1
2026-10-19T18:08:49.141399-04:00
Thread 1 advanced to log sequence 45961 (LGWR switch),  current SCN: 14854399575
  Current log# 2 seq# 45961 mem# 0: /u02/oradata/PRODDB/redo02a.log
  Current log# 2 seq# 45961 mem# 1: /u02/oradata/PRODDB/redo02b.log
2026-10-19T18:09:20.782365-04:00
ARC2 (PID:11111): Archived Log entry 89735 added for B-1180943236.T-1.S-45960 ID 0x8a4d5c1e LAD:1
2026-10-19T18:20:12.826417-04:00
Thread 1 advanced to log sequence 45962 (LGWR switch),  current SCN: 14856247707
  Current log# 3 seq# 45962 mem# 0: /u02/oradata/PRODDB/redo03a.log
  Current log# 3 seq# 45962 mem# 1: /u02/oradata/PRODDB/redo03b.log
2026-10-19T18:20:46.394972-04:00
ARC1 (PID:11122): Archived Log entry 89736 added for B-1180943236.T-1.S-45961 ID 0x8a4d5c1e LAD:1
2026-10-19T18:43:33.836549-04:00
Thread 1 advanced to log sequence 45963 (LGWR switch),  current SCN: 14860030464
  Current log# 4 seq# 45963 mem# 0: /u02/oradata/PRODDB/redo04a.log
  Current log# 4 seq# 45963 mem# 1: /u02/oradata/PRODDB/redo04b.log
2026-10-19T18:44:15.810012-04:00
ARC2 (PID:11111): Archived Log entry 89737 added for B-1180943236.T-1.S-45962 ID 0x8a4d5c1e LAD:1
2026-10-19T19:09:50.187792-04:00
Thread 1 advanced to log sequence 45964 (LGWR switch),  current SCN: 14864285319
  Current log# 1 seq# 45964 mem# 0: /u02/oradata/PRODDB/redo01a.log
  Current log# 1 seq# 45964 mem# 1: /u02/oradata/PRODDB/redo01b.log
2026-10-19T19:10:23.102858-04:00
ARC0 (PID:11131): Archived Log entry 89738 added for B-1180943236.T-1.S-45963 ID 0x8a4d5c1e LAD:1
2026-10-19T19:22:48.273943-04:00
Resize operation completed for file# 12, fname /u02/oradata/PRODDB/sysaux01.dbf, old size 26214400K, new size 26316800K
2026-10-19T20:15:35.705991-04:00
Thread 1 advanced to log sequence 45965 (LGWR switch),  current SCN: 14874938404
  Current log# 2 seq# 45965 mem# 0: /u02/oradata/PRODDB/redo02a.log
  Current log# 2 seq# 45965 mem# 1: /u02/oradata/PRODDB/redo02b.log
2026-10-19T20:16:04.584023-04:00
ARC2 (PID:11111): Archived Log entry 89739 added for B-1180943236.T-1.S-45964 ID 0x8a4d5c1e LAD:1
2026-10-19T21:48:14.143652-04:00
Thread 1 advanced to log sequence 45966 (LGWR switch),  current SCN: 14889945254
  Current log# 3 seq# 45966 mem# 0: /u02/oradata/PRODDB/redo03a.log
  Current log# 3 seq# 45966 mem# 1: /u02/oradata/PRODDB/redo03b.log
2026-10-19T21:48:34.482300-04:00
ARC2 (PID:11111): Archived Log entry 89740 added for B-1180943236.T-1.S-45965 ID 0x8a4d5c1e LAD:1
2026-10-19T22:00:00.892805-04:00
Setting Resource Manager plan SCHEDULER[0x4D52]:DEFAULT_MAINTENANCE_PLAN via scheduler window
Setting Resource Manager plan DEFAULT_MAINTENANCE_PLAN via parameter
2026-10-19T22:25:21.448813-04:00
Thread 1 advanced to log sequence 45967 (LGWR switch),  current SCN: 14895958626
  Current log# 4 seq# 45967 mem# 0: /u02/oradata/PRODDB/redo04a.log
  Current log# 4 seq# 45967 mem# 1: /u02/oradata/PRODDB/redo04b.log
2026-10-19T22:26:10.304274-04:00
ARC2 (PID:11111): Archived Log entry 89741 added for B-1180943236.T-1.S-45966 ID 0x8a4d5c1e LAD:1
2026-10-19T23:34:09.888105-04:00
Thread 1 advanced to log sequence 45968 (LGWR switch),  current SCN: 14907107851
  Current log# 1 seq# 45968 mem# 0: /u02/oradata/PRODDB/redo01a.log
  Current log# 1 seq# 45968 mem# 1: /u02/oradata/PRODDB/redo01b.log
2026-10-19T23:34:50.000996-04:00
ARC3 (PID:11143): Archived Log entry 89742 added for B-1180943236.T-1.S-45967 ID 0x8a4d5c1e LAD:1
2026-10-20T00:00:36.933745-04:00
TABLE SYS.WRI$_OPTSTAT_HISTHEAD_HISTORY: ADDED INTERVAL PARTITION SYS_P8936 (40890) VALUES LESS THAN (TO_DATE(' 2026-10-21 00:00:00', 'SYYYY-MM-DD HH24:MI:SS', 'NLS_CALENDAR=GREGORIAN'))
2026-10-20T00:14:03.928693-04:00
Thread 1 advanced to log sequence 45969 (LGWR switch),  current SCN: 14913571835
  Current log# 2 seq# 45969 mem# 0: /u02/oradata/PRODDB/redo02a.log
  Current log# 2 seq# 45969 mem# 1: /u02/oradata/PRODDB/redo02b.log
2026-10-20T00:14:11.491237-04:00
ARC0 (PID:11131): Archived Log entry 89743 added for B-1180943236.T-1.S-45968 ID 0x8a4d5c1e LAD:1
2026-10-20T01:32:43.869676-04:00
Thread 1 advanced to log sequence 45970 (LGWR switch),  current SCN: 14926313574
  Current log# 3 seq# 45970 mem# 0: /u02/oradata/PRODDB/redo03a.log
  Current log# 3 seq# 45970 mem# 1: /u02/oradata/PRODDB/redo03b.log
2026-10-20T01:32:47.994745-04:00
ARC3 (PID:11143): Archived Log entry 89744 added for B-1180943236.T-1.S-45969 ID 0x8a4d5c1e LAD:1
2026-10-20T01:37:50.972960-04:00
Starting control autobackup
Control autobackup written to DISK device

handle '/u03/fra/PRODDB/autobackup/2026_10_20/o1_mf_s_1232105574_.bkp'
2026-10-20T02:00:00.639037-04:00
Closing scheduler window
Restoring Resource Manager plan DEFAULT_PLAN via scheduler window
Setting Resource Manager plan DEFAULT_PLAN via parameter
2026-10-20T02:37:35.464222-04:00
Thread 1 advanced to log sequence 45971 (LGWR switch),  current SCN: 14936821232
  Current log# 4 seq# 45971 mem# 0: /u02/oradata/PRODDB/redo04a.log
  Current log# 4 seq# 45971 mem# 1: /u02/oradata/PRODDB/redo04b.log
2026-10-20T02:37:40.476533-04:00
ARC0 (PID:11131): Archived Log entry 89745 added for B-1180943236.T-1.S-45970 ID 0x8a4d5c1e LAD:1
2026-10-20T03:03:06.725835-04:00
Resize operation completed for file# 8, fname /u02/oradata/PRODDB/apps_ts_media01.dbf, old size 26214400K, new size 26316800K
2026-10-20T03:36:00.680370-04:00
Thread 1 advanced to log sequence 45972 (LGWR switch),  current SCN: 14946286734
  Current log# 1 seq# 45972 mem# 0: /u02/oradata/PRODDB/redo01a.log
  Current log# 1 seq# 45972 mem# 1: /u02/oradata/PRODDB/redo01b.log
2026-10-20T03:36:29.123952-04:00
ARC2 (PID:11111): Archived Log entry 89746 added for B-1180943236.T-1.S-45971 ID 0x8a4d5c1e LAD:1
2026-10-20T04:11:14.596893-04:00
Thread 1 advanced to log sequence 45973 (LGWR switch),  current SCN: 14951992735
  Current log# 2 seq# 45973 mem# 0: /u02/oradata/PRODDB/redo02a.log
  Current log# 2 seq# 45973 mem# 1: /u02/oradata/PRODDB/redo02b.log
2026-10-20T04:11:47.312154-04:00
ARC3 (PID:11143): Archived Log entry 89747 added for B-1180943236.T-1.S-45972 ID 0x8a4d5c1e LAD:1
2026-10-20T05:10:28.703940-04:00
Thread 1 advanced to log sequence 45974 (LGWR switch),  current SCN: 14961588767
  Current log# 3 seq# 45974 mem# 0: /u02/oradata/PRODDB/redo03a.log
  Current log# 3 seq# 45974 mem# 1: /u02/oradata/PRODDB/redo03b.log
2026-10-20T05:11:05.177638-04:00
ARC0 (PID:11131): Archived Log entry 89748 added for B-1180943236.T-1.S-45973 ID 0x8a4d5c1e LAD:1
2026-10-20T05:45:40.570060-04:00
Thread 1 advanced to log sequence 45975 (LGWR switch),  current SCN: 14967290914
  Current log# 4 seq# 45975 mem# 0: /u02/oradata/PRODDB/redo04a.log
  Current log# 4 seq# 45975 mem# 1: /u02/oradata/PRODDB/redo04b.log
2026-10-20T05:45:50.442116-04:00
ARC3 (PID:11143): Archived Log entry 89749 added for B-1180943236.T-1.S-45974 ID 0x8a4d5c1e LAD:1
2026-10-20T06:52:47.318346-04:00
Thread 1 advanced to log sequence 45976 (LGWR switch),  current SCN: 14978164070
  Current log# 1 seq# 45976 mem# 0: /u02/oradata/PRODDB/redo01a.log
  Current log# 1 seq# 45976 mem# 1: /u02/oradata/PRODDB/redo01b.log
2026-10-20T06:53:33.259531-04:00
ARC2 (PID:11111): Archived Log entry 89750 added for B-1180943236.T-1.S-45975 ID 0x8a4d5c1e LAD:1
2026-10-20T07:51:49.818253-04:00
Thread 1 advanced to log sequence 45977 (LGWR switch),  current SCN: 14987728046
  Current log# 2 seq# 45977 mem# 0: /u02/oradata/PRODDB/redo02a.log
  Current log# 2 seq# 45977 mem# 1: /u02/oradata/PRODDB/redo02b.log
2026-10-20T07:52:15.715864-04:00
ARC0 (PID:11131): Archived Log entry 89751 added for B-1180943236.T-1.S-45976 ID 0x8a4d5c1e LAD:1
2026-10-20T08:36:09.282795-04:00
Resize operation completed for file# 8, fname /u02/oradata/PRODDB/apps_ts_media01.dbf, old size 31457280K, new size 31559680K
2026-10-20T09:18:02.068792-04:00
Thread 1 advanced to log sequence 45978 (LGWR switch),  current SCN: 15001692531
  Current log# 3 seq# 45978 mem# 0: /u02/oradata/PRODDB/redo03a.log
  Current log# 3 seq# 45978 mem# 1: /u02/oradata/PRODDB/redo03b.log
2026-10-20T09:18:22.866009-04:00
ARC3 (PID:11143): Archived Log entry 89752 added for B-1180943236.T-1.S-45977 ID 0x8a4d5c1e LAD:1
2026-10-20T09:31:40.959683-04:00
Thread 1 advanced to log sequence 45979 (LGWR switch),  current SCN: 15003904830
  Current log# 4 seq# 45979 mem# 0: /u02/oradata/PRODDB/redo04a.log
  Current log# 4 seq# 45979 mem# 1: /u02/oradata/PRODDB/redo04b.log
2026-10-20T09:32:03.286544-04:00
ARC1 (PID:11122): Archived Log entry 89753 added for B-1180943236.T-1.S-45978 ID 0x8a4d5c1e LAD:1
2026-10-20T09:48:42.592265-04:00
Thread 1 advanced to log sequence 45980 (LGWR switch),  current SCN: 15006662375
  Current log# 1 seq# 45980 mem# 0: /u02/oradata/PRODDB/redo01a.log
  Current log# 1 seq# 45980 mem# 1: /u02/oradata/PRODDB/redo01b.log
2026-10-20T09:49:15.958946-04:00
ARC2 (PID:11111): Archived Log entry 89754 added for B-1180943236.T-1.S-45979 ID 0x8a4d5c1e LAD:1
2026-10-20T10:14:38.099916-04:00
Thread 1 advanced to log sequence 45981 (LGWR switch),  current SCN: 15010863660
  Current log# 2 seq# 45981 mem# 0: /u02/oradata/PRODDB/redo02a.log
  Current log# 2 seq# 45981 mem# 1: /u02/oradata/PRODDB/redo02b.log
2026-10-20T10:14:43.103721-04:00
ARC1 (PID:11122): Archived Log entry 89755 added for B-1180943236.T-1.S-45980 ID 0x8a4d5c1e LAD:1
2026-10-20T10:25:05.545092-04:00
Thread 1 advanced to log sequence 45982 (LGWR switch),  current SCN: 15012557623
  Current log# 3 seq# 45982 mem# 0: /u02/oradata/PRODDB/redo03a.log
  Current log# 3 seq# 45982 mem# 1: /u02/oradata/PRODDB/redo03b.log
2026-10-20T10:25:32.361075-04:00
ARC3 (PID:11143): Archived Log entry 89756 added for B-1180943236.T-1.S-45981 ID 0x8a4d5c1e LAD:1
2026-10-20T10:49:21.977285-04:00
Thread 1 advanced to log sequence 45983 (LGWR switch),  current SCN: 15016489250
  Current log# 4 seq# 45983 mem# 0: /u02/oradata/PRODDB/redo04a.log
  Current log# 4 seq# 45983 mem# 1: /u02/oradata/PRODDB/redo04b.log
2026-10-20T10:49:25.492171-04:00
ARC3 (PID:11143): Archived Log entry 89757 added for B-1180943236.T-1.S-45982 ID 0x8a4d5c1e LAD:1
2026-10-20T11:05:28.637278-04:00
Thread 1 advanced to log sequence 45984 (LGWR switch),  current SCN: 15019098606
  Current log# 1 seq# 45984 mem# 0: /u02/oradata/PRODDB/redo01a.log
  Current log# 1 seq# 45984 mem# 1: /u02/oradata/PRODDB/redo01b.log
2026-10-20T11:05:56.005171-04:00
ARC0 (PID:11131): Archived Log entry 89758 added for B-1180943236.T-1.S-45983 ID 0x8a4d5c1e LAD:1
2026-10-20T11:19:17.042203-04:00
Thread 1 advanced to log sequence 45985 (LGWR switch),  current SCN: 15021335859
  Current log# 2 seq# 45985 mem# 0: /u02/oradata/PRODDB/redo02a.log
  Current log# 2 seq# 45985 mem# 1: /u02/oradata/PRODDB/redo02b.log
2026-10-20T11:20:03.406143-04:00
ARC3 (PID:11143): Archived Log entry 89759 added for B-1180943236.T-1.S-45984 ID 0x8a4d5c1e LAD:1
2026-10-20T11:45:01.296985-04:00
Thread 1 advanced to log sequence 45986 (LGWR switch),  current SCN: 15025505188
  Current log# 3 seq# 45986 mem# 0: /u02/oradata/PRODDB/redo03a.log
  Current log# 3 seq# 45986 mem# 1: /u02/oradata/PRODDB/redo03b.log
2026-10-20T11:45:07.728166-04:00
ARC1 (PID:11122): Archived Log entry 89760 added for B-1180943236.T-1.S-45985 ID 0x8a4d5c1e LAD:1
2026-10-20T12:05:46.446376-04:00
TT00 (PID:11131): Error 12170 received logging on to the standby
Errors in file /u01/app/oracle/diag/rdbms/proddb/PRODDB/trace/PRODDB_tt00_11131.trc:
ORA-12170: TNS:Connect timeout occurred
2026-10-20T12:08:15.005988-04:00
Thread 1 advanced to log sequence 45987 (LGWR switch),  current SCN: 15029269789
  Current log# 4 seq# 45987 mem# 0: /u02/oradata/PRODDB/redo04a.log
  Current log# 4 seq# 45987 mem# 1: /u02/oradata/PRODDB/redo04b.log
2026-10-20T12:08:57.034025-04:00
ARC3 (PID:11143): Archived Log entry 89761 added for B-1180943236.T-1.S-45986 ID 0x8a4d5c1e LAD:1
2026-10-20T12:09:37.502550-04:00
TT00 (PID:11131): Attempting LAD:2 network reconnect (12170)
TT00 (PID:11131): LAD:2 network reconnect successful
2026-10-20T12:22:37.098218-04:00
Thread 1 advanced to log sequence 45988 (LGWR switch),  current SCN: 15031597451
  Current log# 1 seq# 45988 mem# 0: /u02/oradata/PRODDB/redo01a.log
  Current log# 1 seq# 45988 mem# 1: /u02/oradata/PRODDB/redo01b.log
2026-10-20T12:23:20.135539-04:00
ARC1 (PID:11122): Archived Log entry 89762 added for B-1180943236.T-1.S-45987 ID 0x8a4d5c1e LAD:1
2026-10-20T12:48:54.220512-04:00
Thread 1 advanced to log sequence 45989 (LGWR switch),  current SCN: 15035855446
  Current log# 2 seq# 45989 mem# 0: /u02/oradata/PRODDB/redo02a.log
  Current log# 2 seq# 45989 mem# 1: /u02/oradata/PRODDB/redo02b.log
2026-10-20T12:49:36.297474-04:00
ARC3 (PID:11143): Archived Log entry 89763 added for B-1180943236.T-1.S-45988 ID 0x8a4d5c1e LAD:1
2026-10-20T13:13:57.156003-04:00
Thread 1 advanced to log sequence 45990 (LGWR switch),  current SCN: 15039911333
  Current log# 3 seq# 45990 mem# 0: /u02/oradata/PRODDB/redo03a.log
  Current log# 3 seq# 45990 mem# 1: /u02/oradata/PRODDB/redo03b.log
2026-10-20T13:14:06.820116-04:00
ARC0 (PID:11131): Archived Log entry 89764 added for B-1180943236.T-1.S-45989 ID 0x8a4d5c1e LAD:1
2026-10-20T13:34:38.940599-04:00
Thread 1 advanced to log sequence 45991 (LGWR switch),  current SCN: 15043266287
  Current log# 4 seq# 45991 mem# 0: /u02/oradata/PRODDB/redo04a.log
  Current log# 4 seq# 45991 mem# 1: /u02/oradata/PRODDB/redo04b.log
2026-10-20T13:35:09.228153-04:00
ARC1 (PID:11122): Archived Log entry 89765 added for B-1180943236.T-1.S-45990 ID 0x8a4d5c1e LAD:1
2026-10-20T13:59:16.028487-04:00
Thread 1 advanced to log sequence 45992 (LGWR switch),  current SCN: 15047252683
  Current log# 1 seq# 45992 mem# 0: /u02/oradata/PRODDB/redo01a.log
  Current log# 1 seq# 45992 mem# 1: /u02/oradata/PRODDB/redo01b.log
2026-10-20T13:59:38.443806-04:00
ARC3 (PID:11143): Archived Log entry 89766 added for B-1180943236.T-1.S-45991 ID 0x8a4d5c1e LAD:1
2026-10-20T14:26:49.382667-04:00
Thread 1 advanced to log sequence 45993 (LGWR switch),  current SCN: 15051718271
  Current log# 2 seq# 45993 mem# 0: /u02/oradata/PRODDB/redo02a.log
  Current log# 2 seq# 45993 mem# 1: /u02/oradata/PRODDB/redo02b.log
2026-10-20T14:27:06.040018-04:00
ARC2 (PID:11111): Archived Log entry 89767 added for B-1180943236.T-1.S-45992 ID 0x8a4d5c1e LAD:1
2026-10-20T14:30:52.827899-04:00

***********************************************************************

Fatal NI connect error 12537, connecting to:
 (LOCAL=NO)

  VERSION INFORMATION:
	TNS for Linux: Version 19.0.0.0.0 - Production
	TCP/IP NT Protocol Adapter for Linux: Version 19.0.0.0.0 - Production
  Version 19.24.0.0.0
  Time: 20-OCT-2026 14:30:52
  Tracing not turned on.
  Tns error struct:
    ns main err code: 12537

TNS-12537: TNS:connection closed
    ns secondary err code: 12560
    nt main err code: 0
    nt secondary err code: 0
    nt OS err code: 0
  Client address: (ADDRESS=(PROTOCOL=tcp)(HOST=10.20.76.155)(PORT=40275))
2026-10-20T14:37:38.538428-04:00
Thread 1 advanced to log sequence 45994 (LGWR switch),  current SCN: 15053471201
  Current log# 3 seq# 45994 mem# 0: /u02/oradata/PRODDB/redo03a.log
  Current log# 3 seq# 45994 mem# 1: /u02/oradata/PRODDB/redo03b.log
2026-10-20T14:37:58.620233-04:00
ARC0 (PID:11131): Archived Log entry 89768 added for B-1180943236.T-1.S-45993 ID 0x8a4d5c1e LAD:1
2026-10-20T14:54:03.179517-04:00
opiodr aborting process unknown ospid (29408) as a result of ORA-609
2026-10-20T15:01:17.014125-04:00
Thread 1 advanced to log sequence 45995 (LGWR switch),  current SCN: 15057300217
  Current log# 4 seq# 45995 mem# 0: /u02/oradata/PRODDB/redo04a.log
  Current log# 4 seq# 45995 mem# 1: /u02/oradata/PRODDB/redo04b.log
2026-10-20T15:01:47.881708-04:00
ARC1 (PID:11122): Archived Log entry 89769 added for B-1180943236.T-1.S-45994 ID 0x8a4d5c1e LAD:1
2026-10-20T15:27:56.460625-04:00
Thread 1 advanced to log sequence 45996 (LGWR switch),  current SCN: 15061619487
  Current log# 1 seq# 45996 mem# 0: /u02/oradata/PRODDB/redo01a.log
  Current log# 1 seq# 45996 mem# 1: /u02/oradata/PRODDB/redo01b.log
2026-10-20T15:28:09.372191-04:00
ARC3 (PID:11143): Archived Log entry 89770 added for B-1180943236.T-1.S-45995 ID 0x8a4d5c1e LAD:1
2026-10-20T15:53:46.360472-04:00
Thread 1 advanced to log sequence 45997 (LGWR switch),  current SCN: 15065804479
  Current log# 2 seq# 45997 mem# 0: /u02/oradata/PRODDB/redo02a.log
  Current log# 2 seq# 45997 mem# 1: /u02/oradata/PRODDB/redo02b.log
2026-10-20T15:53:55.093969-04:00
ARC1 (PID:11122): Archived Log entry 89771 added for B-1180943236.T-1.S-45996 ID 0x8a4d5c1e LAD:1
2026-10-20T16:15:30.685593-04:00
Thread 1 advanced to log sequence 45998 (LGWR switch),  current SCN: 15069324999
  Current log# 3 seq# 45998 mem# 0: /u02/oradata/PRODDB/redo03a.log
  Current log# 3 seq# 45998 mem# 1: /u02/oradata/PRODDB/redo03b.log
2026-10-20T16:16:17.382209-04:00
ARC3 (PID:11143): Archived Log entry 89772 added for B-1180943236.T-1.S-45997 ID 0x8a4d5c1e LAD:1
2026-10-20T16:29:13.450685-04:00
Thread 1 advanced to log sequence 45999 (LGWR switch),  current SCN: 15071546162
  Current log# 4 seq# 45999 mem# 0: /u02/oradata/PRODDB/redo04a.log
  Current log# 4 seq# 45999 mem# 1: /u02/oradata/PRODDB/redo04b.log
2026-10-20T16:29:42.153064-04:00
ARC3 (PID:11143): Archived Log entry 89773 added for B-1180943236.T-1.S-45998 ID 0x8a4d5c1e LAD:1
2026-10-20T16:56:06.078416-04:00
Thread 1 advanced to log sequence 46000 (LGWR switch),  current SCN: 15075901632
  Current log# 1 seq# 46000 mem# 0: /u02/oradata/PRODDB/redo01a.log
  Current log# 1 seq# 46000 mem# 1: /u02/oradata/PRODDB/redo01b.log
2026-10-20T16:56:54.563138-04:00
ARC1 (PID:11122): Archived Log entry 89774 added for B-1180943236.T-1.S-45999 ID 0x8a4d5c1e LAD:1
2026-10-20T17:17:07.919401-04:00
Thread 1 advanced to log sequence 46001 (LGWR switch),  current SCN: 15079306369
  Current log# 2 seq# 46001 mem# 0: /u02/oradata/PRODDB/redo02a.log
  Current log# 2 seq# 46001 mem# 1: /u02/oradata/PRODDB/redo02b.log
2026-10-20T17:17:32.491899-04:00
ARC2 (PID:11111): Archived Log entry 89775 added for B-1180943236.T-1.S-46000 ID 0x8a4d5c1e LAD:1
2026-10-20T17:27:12.111631-04:00
Thread 1 advanced to log sequence 46002 (LGWR switch),  current SCN: 15080939695
  Current log# 3 seq# 46002 mem# 0: /u02/oradata/PRODDB/redo03a.log
  Current log# 3 seq# 46002 mem# 1: /u02/oradata/PRODDB/redo03b.log
2026-10-20T17:27:54.367897-04:00
ARC0 (PID:11131): Archived Log entry 89776 added for B-1180943236.T-1.S-46001 ID 0x8a4d5c1e LAD:1
2026-10-20T17:52:44.270156-04:00
Thread 1 advanced to log sequence 46003 (LGWR switch),  current SCN: 15085075419
  Current log# 4 seq# 46003 mem# 0: /u02/oradata/PRODDB/redo04a.log
  Current log# 4 seq# 46003 mem# 1: /u02/oradata/PRODDB/redo04b.log
2026-10-20T17:53:16.545711-04:00
ARC1 (PID:11122): Archived Log entry 89777 added for B-1180943236.T-1.S-46002 ID 0x8a4d5c1e LAD:1
2026-10-20T18:14:00.374992-04:00
Thread 1 advanced to log sequence 46004 (LGWR switch),  current SCN: 15088522189
  Current log# 1 seq# 46004 mem# 0: /u02/oradata/PRODDB/redo01a.log
  Current log# 1 seq# 46004 mem# 1: /u02/oradata/PRODDB/redo01b.log
2026-10-20T18:14:11.154655-04:00
ARC1 (PID:11122): Archived Log entry 89778 added for B-1180943236.T-1.S-46003 ID 0x8a4d5c1e LAD:1
2026-10-20T18:26:42.429916-04:00
Thread 1 advanced to log sequence 46005 (LGWR switch),  current SCN: 15090577307
  Current log# 2 seq# 46005 mem# 0: /u02/oradata/PRODDB/redo02a.log
  Current log# 2 seq# 46005 mem# 1: /u02/oradata/PRODDB/redo02b.log
2026-10-20T18:27:15.659044-04:00
ARC3 (PID:11143): Archived Log entry 89779 added for B-1180943236.T-1.S-46004 ID 0x8a4d5c1e LAD:1
2026-10-20T18:39:34.071169-04:00
Thread 1 advanced to log sequence 46006 (LGWR switch),  current SCN: 15092663166
  Current log# 3 seq# 46006 mem# 0: /u02/oradata/PRODDB/redo03a.log
  Current log# 3 seq# 46006 mem# 1: /u02/oradata/PRODDB/redo03b.log
2026-10-20T18:39:55.234287-04:00
ARC2 (PID:11111): Archived Log entry 89780 added for B-1180943236.T-1.S-46005 ID 0x8a4d5c1e LAD:1
2026-10-20T18:57:24.304155-04:00
Thread 1 advanced to log sequence 46007 (LGWR switch),  current SCN: 15095550668
  Current log# 4 seq# 46007 mem# 0: /u02/oradata/PRODDB/redo04a.log
  Current log# 4 seq# 46007 mem# 1: /u02/oradata/PRODDB/redo04b.log
2026-10-20T18:57:28.569384-04:00
ARC3 (PID:11143): Archived Log entry 89781 added for B-1180943236.T-1.S-46006 ID 0x8a4d5c1e LAD:1
2026-10-20T19:20:44.079914-04:00
Thread 1 advanced to log sequence 46008 (LGWR switch),  current SCN: 15099329724
  Current log# 1 seq# 46008 mem# 0: /u02/oradata/PRODDB/redo01a.log
  Current log# 1 seq# 46008 mem# 1: /u02/oradata/PRODDB/redo01b.log
2026-10-20T19:20:56.933775-04:00
ARC1 (PID:11122): Archived Log entry 89782 added for B-1180943236.T-1.S-46007 ID 0x8a4d5c1e LAD:1
2026-10-20T19:57:28.284853-04:00
Thread 1 advanced to log sequence 46009 (LGWR switch),  current SCN: 15105282238
  Current log# 2 seq# 46009 mem# 0: /u02/oradata/PRODDB/redo02a.log
  Current log# 2 seq# 46009 mem# 1: /u02/oradata/PRODDB/redo02b.log
2026-10-20T19:57:35.683496-04:00
ARC0 (PID:11131): Archived Log entry 89783 added for B-1180943236.T-1.S-46008 ID 0x8a4d5c1e LAD:1
2026-10-20T20:46:35.290758-04:00
Thread 1 advanced to log sequence 46010 (LGWR switch),  current SCN: 15113239352
  Current log# 3 seq# 46010 mem# 0: /u02/oradata/PRODDB/redo03a.log
  Current log# 3 seq# 46010 mem# 1: /u02/oradata/PRODDB/redo03b.log
2026-10-20T20:47:04.032735-04:00
ARC2 (PID:11111): Archived Log entry 89784 added for B-1180943236.T-1.S-46009 ID 0x8a4d5c1e LAD:1
2026-10-20T22:00:00.477092-04:00
Setting Resource Manager plan SCHEDULER[0x4D52]:DEFAULT_MAINTENANCE_PLAN via scheduler window
Setting Resource Manager plan DEFAULT_MAINTENANCE_PLAN via parameter
2026-10-20T22:06:25.278655-04:00
Thread 1 advanced to log sequence 46011 (LGWR switch),  current SCN: 15126171035
  Current log# 4 seq# 46011 mem# 0: /u02/oradata/PRODDB/redo04a.log
  Current log# 4 seq# 46011 mem# 1: /u02/oradata/PRODDB/redo04b.log
2026-10-20T22:06:42.153457-04:00
ARC2 (PID:11111): Archived Log entry 89785 added for B-1180943236.T-1.S-46010 ID 0x8a4d5c1e LAD:1
2026-10-20T22:48:01.053814-04:00
Thread 1 advanced to log sequence 46012 (LGWR switch),  current SCN: 15132911527
  Current log# 1 seq# 46012 mem# 0: /u02/oradata/PRODDB/redo01a.log
  Current log# 1 seq# 46012 mem# 1: /u02/oradata/PRODDB/redo01b.log
2026-10-20T22:48:19.588552-04:00
ARC0 (PID:11131): Archived Log entry 89786 added for B-1180943236.T-1.S-46011 ID 0x8a4d5c1e LAD:1
2026-10-20T23:47:46.368282-04:00
Thread 1 advanced to log sequence 46013 (LGWR switch),  current SCN: 15142591955
  Current log# 2 seq# 46013 mem# 0: /u02/oradata/PRODDB/redo02a.log
  Current log# 2 seq# 46013 mem# 1: /u02/oradata/PRODDB/redo02b.log
2026-10-20T23:48:03.235715-04:00
ARC3 (PID:11143): Archived Log entry 89787 added for B-1180943236.T-1.S-46012 ID 0x8a4d5c1e LAD:1
2026-10-21T00:00:36.302654-04:00
TABLE SYS.WRI$_OPTSTAT_HISTHEAD_HISTORY: ADDED INTERVAL PARTITION SYS_P7809 (47249) VALUES LESS THAN (TO_DATE(' 2026-10-22 00:00:00', 'SYYYY-MM-DD HH24:MI:SS', 'NLS_CALENDAR=GREGORIAN'))
2026-10-21T00:07:55.281860-04:00
Thread 1 advanced to log sequence 46014 (LGWR switch),  current SCN: 15145854455
  Current log# 3 seq# 46014 mem# 0: /u02/oradata/PRODDB/redo03a.log
  Current log# 3 seq# 46014 mem# 1: /u02/oradata/PRODDB/redo03b.log
2026-10-21T00:08:42.259533-04:00
ARC0 (PID:11131): Archived Log entry 89788 added for B-1180943236.T-1.S-46013 ID 0x8a4d5c1e LAD:1
2026-10-21T00:09:31.669836-04:00
Resize operation completed for file# 11, fname /u02/oradata/PRODDB/apps_ts_tx_idx02.dbf, old size 22020096K, new size 22122496K
2026-10-21T01:07:18.545886-04:00
Thread 1 advanced to log sequence 46015 (LGWR switch),  current SCN: 15155476783
  Current log# 4 seq# 46015 mem# 0: /u02/oradata/PRODDB/redo04a.log
  Current log# 4 seq# 46015 mem# 1: /u02/oradata/PRODDB/redo04b.log
2026-10-21T01:07:43.627448-04:00
ARC1 (PID:11122): Archived Log entry 89789 added for B-1180943236.T-1.S-46014 ID 0x8a4d5c1e LAD:1
2026-10-21T01:32:56.941331-04:00
Starting control autobackup
Control autobackup written to DISK device

handle '/u03/fra/PRODDB/autobackup/2026_10_21/o1_mf_s_1781684761_.bkp'
2026-10-21T01:56:39.037052-04:00
Thread 1 advanced to log sequence 46016 (LGWR switch),  current SCN: 15163470470
  Current log# 1 seq# 46016 mem# 0: /u02/oradata/PRODDB/redo01a.log
  Current log# 1 seq# 46016 mem# 1: /u02/oradata/PRODDB/redo01b.log
2026-10-21T01:57:12.643450-04:00
ARC0 (PID:11131): Archived Log entry 89790 added for B-1180943236.T-1.S-46015 ID 0x8a4d5c1e LAD:1
2026-10-21T02:00:00.444420-04:00
Closing scheduler window
Restoring Resource Manager plan DEFAULT_PLAN via scheduler window
Setting Resource Manager plan DEFAULT_PLAN via parameter
2026-10-21T02:49:57.091152-04:00
Thread 1 advanced to log sequence 46017 (LGWR switch),  current SCN: 15172103481
  Current log# 2 seq# 46017 mem# 0: /u02/oradata/PRODDB/redo02a.log
  Current log# 2 seq# 46017 mem# 1: /u02/oradata/PRODDB/redo02b.log
2026-10-21T02:50:36.137270-04:00
ARC3 (PID:11143): Archived Log entry 89791 added for B-1180943236.T-1.S-46016 ID 0x8a4d5c1e LAD:1
2026-10-21T02:50:46.950841-04:00
ORA-1688: unable to extend table XLA.XLA_AE_LINES partition AR by 1024 in tablespace APPS_TS_TX_DATA
2026-10-21T02:59:20.006327-04:00
ORA-1688: unable to extend table XLA.XLA_AE_LINES partition AR by 128 in tablespace APPS_TS_TX_DATA
2026-10-21T03:01:39.267581-04:00
ORA-1688: unable to extend table XLA.XLA_AE_LINES partition AR by 1024 in tablespace APPS_TS_TX_DATA
2026-10-21T03:13:35.638313-04:00
ORA-1688: unable to extend table XLA.XLA_AE_LINES partition AR by 128 in tablespace APPS_TS_TX_DATA
2026-10-21T03:22:47.587434-04:00
ORA-1688: unable to extend table XLA.XLA_AE_LINES partition AR by 8192 in tablespace APPS_TS_TX_DATA
2026-10-21T03:30:01.021339-04:00
ORA-1688: unable to extend table XLA.XLA_AE_LINES partition AR by 1024 in tablespace APPS_TS_TX_DATA
2026-10-21T03:38:33.923339-04:00
ORA-1688: unable to extend table XLA.XLA_AE_LINES partition AR by 8192 in tablespace APPS_TS_TX_DATA
2026-10-21T03:40:52.759102-04:00
ORA-1688: unable to extend table XLA.XLA_AE_LINES partition AR by 8192 in tablespace APPS_TS_TX_DATA
2026-10-21T03:48:11.835332-04:00
ORA-1688: unable to extend table XLA.XLA_AE_LINES partition AR by 1024 in tablespace APPS_TS_TX_DATA
2026-10-21T03:51:34.422874-04:00
ALTER TABLESPACE APPS_TS_TX_DATA ADD DATAFILE '/u02/oradata/PRODDB/apps_ts_tx_data04.dbf' SIZE 30G AUTOEXTEND ON NEXT 1G MAXSIZE UNLIMITED
2026-10-21T03:52:54.008647-04:00
Completed: ALTER TABLESPACE APPS_TS_TX_DATA ADD DATAFILE '/u02/oradata/PRODDB/apps_ts_tx_data04.dbf' SIZE 30G AUTOEXTEND ON NEXT 1G MAXSIZE UNLIMITED
2026-10-21T03:59:58.007019-04:00
Thread 1 advanced to log sequence 46018 (LGWR switch),  current SCN: 15183446658
  Current log# 3 seq# 46018 mem# 0: /u02/oradata/PRODDB/redo03a.log
  Current log# 3 seq# 46018 mem# 1: /u02/oradata/PRODDB/redo03b.log
2026-10-21T04:00:09.446748-04:00
ARC3 (PID:11143): Archived Log entry 89792 added for B-1180943236.T-1.S-46017 ID 0x8a4d5c1e LAD:1
2026-10-21T05:17:09.009617-04:00
Thread 1 advanced to log sequence 46019 (LGWR switch),  current SCN: 15195951129
  Current log# 4 seq# 46019 mem# 0: /u02/oradata/PRODDB/redo04a.log
  Current log# 4 seq# 46019 mem# 1: /u02/oradata/PRODDB/redo04b.log
2026-10-21T05:17:52.302537-04:00
ARC2 (PID:11111): Archived Log entry 89793 added for B-1180943236.T-1.S-46018 ID 0x8a4d5c1e LAD:1
2026-10-21T06:34:22.864544-04:00
Thread 1 advanced to log sequence 46020 (LGWR switch),  current SCN: 15208463057
  Current log# 1 seq# 46020 mem# 0: /u02/oradata/PRODDB/redo01a.log
  Current log# 1 seq# 46020 mem# 1: /u02/oradata/PRODDB/redo01b.log
2026-10-21T06:34:50.799948-04:00
ARC0 (PID:11131): Archived Log entry 89794 added for B-1180943236.T-1.S-46019 ID 0x8a4d5c1e LAD:1
2026-10-21T06:59:49.538828-04:00
Errors in file /u01/app/oracle/diag/rdbms/proddb/PRODDB/trace/PRODDB_ora_43873.trc  (incident=48143):
ORA-04030: out of process memory when trying to allocate 16328 bytes (koh-kghu sessi,pl/sql vc2)
Incident details in: /u01/app/oracle/diag/rdbms/proddb/PRODDB/incident/incdir_48143/PRODDB_ora_43873_i48143.trc
2026-10-21T07:50:50.122124-04:00
Thread 1 advanced to log sequence 46021 (LGWR switch),  current SCN: 15220847153
  Current log# 2 seq# 46021 mem# 0: /u02/oradata/PRODDB/redo02a.log
  Current log# 2 seq# 46021 mem# 1: /u02/oradata/PRODDB/redo02b.log
2026-10-21T07:51:11.012004-04:00
ARC0 (PID:11131): Archived Log entry 89795 added for B-1180943236.T-1.S-46020 ID 0x8a4d5c1e LAD:1
2026-10-21T07:56:52.872712-04:00
opiodr aborting process unknown ospid (14190) as a result of ORA-609
2026-10-21T09:11:00.604507-04:00
Thread 1 advanced to log sequence 46022 (LGWR switch),  current SCN: 15233835225
  Current log# 3 seq# 46022 mem# 0: /u02/oradata/PRODDB/redo03a.log
  Current log# 3 seq# 46022 mem# 1: /u02/oradata/PRODDB/redo03b.log
2026-10-21T09:11:46.047144-04:00
ARC1 (PID:11122): Archived Log entry 89796 added for B-1180943236.T-1.S-46021 ID 0x8a4d5c1e LAD:1
2026-10-21T09:32:11.031409-04:00
Thread 1 advanced to log sequence 46023 (LGWR switch),  current SCN: 15237264472
  Current log# 4 seq# 46023 mem# 0: /u02/oradata/PRODDB/redo04a.log
  Current log# 4 seq# 46023 mem# 1: /u02/oradata/PRODDB/redo04b.log
2026-10-21T09:32:46.045124-04:00
ARC0 (PID:11131): Archived Log entry 89797 added for B-1180943236.T-1.S-46022 ID 0x8a4d5c1e LAD:1
2026-10-21T09:58:32.912392-04:00
Thread 1 advanced to log sequence 46024 (LGWR switch),  current SCN: 15241538044
  Current log# 1 seq# 46024 mem# 0: /u02/oradata/PRODDB/redo01a.log
  Current log# 1 seq# 46024 mem# 1: /u02/oradata/PRODDB/redo01b.log
2026-10-21T09:59:00.241674-04:00
ARC0 (PID:11131): Archived Log entry 89798 added for B-1180943236.T-1.S-46023 ID 0x8a4d5c1e LAD:1
2026-10-21T10:16:55.823662-04:00
Thread 1 advanced to log sequence 46025 (LGWR switch),  current SCN: 15244515013
  Current log# 2 seq# 46025 mem# 0: /u02/oradata/PRODDB/redo02a.log
  Current log# 2 seq# 46025 mem# 1: /u02/oradata/PRODDB/redo02b.log
2026-10-21T10:17:40.025364-04:00
ARC1 (PID:11122): Archived Log entry 89799 added for B-1180943236.T-1.S-46024 ID 0x8a4d5c1e LAD:1
2026-10-21T10:39:37.514134-04:00
Thread 1 advanced to log sequence 46026 (LGWR switch),  current SCN: 15248190425
  Current log# 3 seq# 46026 mem# 0: /u02/oradata/PRODDB/redo03a.log
  Current log# 3 seq# 46026 mem# 1: /u02/oradata/PRODDB/redo03b.log
2026-10-21T10:39:48.054181-04:00
ARC1 (PID:11122): Archived Log entry 89800 added for B-1180943236.T-1.S-46025 ID 0x8a4d5c1e LAD:1
2026-10-21T10:53:54.928040-04:00
Thread 1 advanced to log sequence 46027 (LGWR switch),  current SCN: 15250506278
  Current log# 4 seq# 46027 mem# 0: /u02/oradata/PRODDB/redo04a.log
  Current log# 4 seq# 46027 mem# 1: /u02/oradata/PRODDB/redo04b.log
2026-10-21T10:54:45.224150-04:00
ARC1 (PID:11122): Archived Log entry 89801 added for B-1180943236.T-1.S-46026 ID 0x8a4d5c1e LAD:1
2026-10-21T11:07:58.178853-04:00
Thread 1 advanced to log sequence 46028 (LGWR switch),  current SCN: 15252783652
  Current log# 1 seq# 46028 mem# 0: /u02/oradata/PRODDB/redo01a.log
  Current log# 1 seq# 46028 mem# 1: /u02/oradata/PRODDB/redo01b.log
2026-10-21T11:08:17.955613-04:00
ARC3 (PID:11143): Archived Log entry 89802 added for B-1180943236.T-1.S-46027 ID 0x8a4d5c1e LAD:1
2026-10-21T11:19:06.847067-04:00
Thread 1 advanced to log sequence 46029 (LGWR switch),  current SCN: 15254588437
  Current log# 2 seq# 46029 mem# 0: /u02/oradata/PRODDB/redo02a.log
  Current log# 2 seq# 46029 mem# 1: /u02/oradata/PRODDB/redo02b.log
2026-10-21T11:19:40.081527-04:00
ARC0 (PID:11131): Archived Log entry 89803 added for B-1180943236.T-1.S-46028 ID 0x8a4d5c1e LAD:1
2026-10-21T11:20:19.208936-04:00
opiodr aborting process unknown ospid (10973) as a result of ORA-609
2026-10-21T11:23:09.909666-04:00
Resize operation completed for file# 8, fname /u02/oradata/PRODDB/apps_ts_media01.dbf, old size 25165824K, new size 25268224K
2026-10-21T11:38:41.737201-04:00
Thread 1 advanced to log sequence 46030 (LGWR switch),  current SCN: 15257759470
  Current log# 3 seq# 46030 mem# 0: /u02/oradata/PRODDB/redo03a.log
  Current log# 3 seq# 46030 mem# 1: /u02/oradata/PRODDB/redo03b.log
2026-10-21T11:39:12.445173-04:00
ARC2 (PID:11111): Archived Log entry 89804 added for B-1180943236.T-1.S-46029 ID 0x8a4d5c1e LAD:1
2026-10-21T11:55:19.118476-04:00
Thread 1 advanced to log sequence 46031 (LGWR switch),  current SCN: 15260452984
  Current log# 4 seq# 46031 mem# 0: /u02/oradata/PRODDB/redo04a.log
  Current log# 4 seq# 46031 mem# 1: /u02/oradata/PRODDB/redo04b.log
2026-10-21T11:55:34.326807-04:00
ARC0 (PID:11131): Archived Log entry 89805 added for B-1180943236.T-1.S-46030 ID 0x8a4d5c1e LAD:1
2026-10-21T12:21:13.498539-04:00
Thread 1 advanced to log sequence 46032 (LGWR switch),  current SCN: 15264650666
  Current log# 1 seq# 46032 mem# 0: /u02/oradata/PRODDB/redo01a.log
  Current log# 1 seq# 46032 mem# 1: /u02/oradata/PRODDB/redo01b.log
2026-10-21T12:21:34.169564-04:00
ARC1 (PID:11122): Archived Log entry 89806 added for B-1180943236.T-1.S-46031 ID 0x8a4d5c1e LAD:1
2026-10-21T12:33:11.933936-04:00
Thread 1 advanced to log sequence 46033 (LGWR switch),  current SCN: 15266589575
  Current log# 2 seq# 46033 mem# 0: /u02/oradata/PRODDB/redo02a.log
  Current log# 2 seq# 46033 mem# 1: /u02/oradata/PRODDB/redo02b.log
2026-10-21T12:33:45.360801-04:00
ARC1 (PID:11122): Archived Log entry 89807 added for B-1180943236.T-1.S-46032 ID 0x8a4d5c1e LAD:1
2026-10-21T12:58:56.853330-04:00
Thread 1 advanced to log sequence 46034 (LGWR switch),  current SCN: 15270761055
  Current log# 3 seq# 46034 mem# 0: /u02/oradata/PRODDB/redo03a.log
  Current log# 3 seq# 46034 mem# 1: /u02/oradata/PRODDB/redo03b.log
2026-10-21T12:59:17.632354-04:00
ARC0 (PID:11131): Archived Log entry 89808 added for B-1180943236.T-1.S-46033 ID 0x8a4d5c1e LAD:1
2026-10-21T13:26:23.474598-04:00
Thread 1 advanced to log sequence 46035 (LGWR switch),  current SCN: 15275208334
  Current log# 4 seq# 46035 mem# 0: /u02/oradata/PRODDB/redo04a.log
  Current log# 4 seq# 46035 mem# 1: /u02/oradata/PRODDB/redo04b.log
2026-10-21T13:26:48.776696-04:00
ARC3 (PID:11143): Archived Log entry 89809 added for B-1180943236.T-1.S-46034 ID 0x8a4d5c1e LAD:1
2026-10-21T13:44:23.010691-04:00
Thread 1 advanced to log sequence 46036 (LGWR switch),  current SCN: 15278122630
  Current log# 1 seq# 46036 mem# 0: /u02/oradata/PRODDB/redo01a.log
  Current log# 1 seq# 46036 mem# 1: /u02/oradata/PRODDB/redo01b.log
2026-10-21T13:44:29.728121-04:00
ARC1 (PID:11122): Archived Log entry 89810 added for B-1180943236.T-1.S-46035 ID 0x8a4d5c1e LAD:1
2026-10-21T14:10:05.235682-04:00
Thread 1 advanced to log sequence 46037 (LGWR switch),  current SCN: 15282284780
  Current log# 2 seq# 46037 mem# 0: /u02/oradata/PRODDB/redo02a.log
  Current log# 2 seq# 46037 mem# 1: /u02/oradata/PRODDB/redo02b.log
2026-10-21T14:10:33.849026-04:00
ARC2 (PID:11111): Archived Log entry 89811 added for B-1180943236.T-1.S-46036 ID 0x8a4d5c1e LAD:1
2026-10-21T14:26:14.800245-04:00
Thread 1 advanced to log sequence 46038 (LGWR switch),  current SCN: 15284904363
  Current log# 3 seq# 46038 mem# 0: /u02/oradata/PRODDB/redo03a.log
  Current log# 3 seq# 46038 mem# 1: /u02/oradata/PRODDB/redo03b.log
2026-10-21T14:26:55.156287-04:00
ARC3 (PID:11143): Archived Log entry 89812 added for B-1180943236.T-1.S-46037 ID 0x8a4d5c1e LAD:1
2026-10-21T14:48:47.537640-04:00
Thread 1 advanced to log sequence 46039 (LGWR switch),  current SCN: 15288556418
  Current log# 4 seq# 46039 mem# 0: /u02/oradata/PRODDB/redo04a.log
  Current log# 4 seq# 46039 mem# 1: /u02/oradata/PRODDB/redo04b.log
2026-10-21T14:49:09.665561-04:00
ARC3 (PID:11143): Archived Log entry 89813 added for B-1180943236.T-1.S-46038 ID 0x8a4d5c1e LAD:1
2026-10-21T15:01:09.761426-04:00
Thread 1 advanced to log sequence 46040 (LGWR switch),  current SCN: 15290561196
  Current log# 1 seq# 46040 mem# 0: /u02/oradata/PRODDB/redo01a.log
  Current log# 1 seq# 46040 mem# 1: /u02/oradata/PRODDB/redo01b.log
2026-10-21T15:01:27.089112-04:00
ARC2 (PID:11111): Archived Log entry 89814 added for B-1180943236.T-1.S-46039 ID 0x8a4d5c1e LAD:1
2026-10-21T15:17:52.122434-04:00
Thread 1 advanced to log sequence 46041 (LGWR switch),  current SCN: 15293265663
  Current log# 2 seq# 46041 mem# 0: /u02/oradata/PRODDB/redo02a.log
  Current log# 2 seq# 46041 mem# 1: /u02/oradata/PRODDB/redo02b.log
2026-10-21T15:18:03.606123-04:00
ARC0 (PID:11131): Archived Log entry 89815 added for B-1180943236.T-1.S-46040 ID 0x8a4d5c1e LAD:1
2026-10-21T15:32:59.017125-04:00
Thread 1 advanced to log sequence 46042 (LGWR switch),  current SCN: 15295714921
  Current log# 3 seq# 46042 mem# 0: /u02/oradata/PRODDB/redo03a.log
  Current log# 3 seq# 46042 mem# 1: /u02/oradata/PRODDB/redo03b.log
2026-10-21T15:33:46.929765-04:00
ARC1 (PID:11122): Archived Log entry 89816 added for B-1180943236.T-1.S-46041 ID 0x8a4d5c1e LAD:1
2026-10-21T15:48:07.314857-04:00
Thread 1 advanced to log sequence 46043 (LGWR switch),  current SCN: 15298166700
  Current log# 4 seq# 46043 mem# 0: /u02/oradata/PRODDB/redo04a.log
  Current log# 4 seq# 46043 mem# 1: /u02/oradata/PRODDB/redo04b.log
2026-10-21T15:48:19.684215-04:00
ARC1 (PID:11122): Archived Log entry 89817 added for B-1180943236.T-1.S-46042 ID 0x8a4d5c1e LAD:1
2026-10-21T16:00:13.307909-04:00
Thread 1 advanced to log sequence 46044 (LGWR switch),  current SCN: 15300127631
  Current log# 1 seq# 46044 mem# 0: /u02/oradata/PRODDB/redo01a.log
  Current log# 1 seq# 46044 mem# 1: /u02/oradata/PRODDB/redo01b.log
2026-10-21T16:00:43.978532-04:00
ARC1 (PID:11122): Archived Log entry 89818 added for B-1180943236.T-1.S-46043 ID 0x8a4d5c1e LAD:1
2026-10-21T16:16:52.692875-04:00
Thread 1 advanced to log sequence 46045 (LGWR switch),  current SCN: 15302825595
  Current log# 2 seq# 46045 mem# 0: /u02/oradata/PRODDB/redo02a.log
  Current log# 2 seq# 46045 mem# 1: /u02/oradata/PRODDB/redo02b.log
2026-10-21T16:17:37.283730-04:00
ARC0 (PID:11131): Archived Log entry 89819 added for B-1180943236.T-1.S-46044 ID 0x8a4d5c1e LAD:1
2026-10-21T16:44:28.685970-04:00
Thread 1 advanced to log sequence 46046 (LGWR switch),  current SCN: 15307297509
  Current log# 3 seq# 46046 mem# 0: /u02/oradata/PRODDB/redo03a.log
  Current log# 3 seq# 46046 mem# 1: /u02/oradata/PRODDB/redo03b.log
2026-10-21T16:45:05.531967-04:00
ARC1 (PID:11122): Archived Log entry 89820 added for B-1180943236.T-1.S-46045 ID 0x8a4d5c1e LAD:1
2026-10-21T16:56:04.230833-04:00
Thread 1 cannot allocate new log, sequence 46047
Checkpoint not complete
  Current log# 3 seq# 46046 mem# 0: /u02/oradata/PRODDB/redo03a.log
2026-10-21T16:56:39.577430-04:00
Thread 1 advanced to log sequence 46047 (LGWR switch),  current SCN: 15309271774
  Current log# 4 seq# 46047 mem# 0: /u02/oradata/PRODDB/redo04a.log
  Current log# 4 seq# 46047 mem# 1: /u02/oradata/PRODDB/redo04b.log
2026-10-21T16:57:02.588617-04:00
ARC3 (PID:11143): Archived Log entry 89821 added for B-1180943236.T-1.S-46046 ID 0x8a4d5c1e LAD:1
2026-10-21T17:06:44.594890-04:00
Thread 1 advanced to log sequence 46048 (LGWR switch),  current SCN: 15310904296
  Current log# 1 seq# 46048 mem# 0: /u02/oradata/PRODDB/redo01a.log
  Current log# 1 seq# 46048 mem# 1: /u02/oradata/PRODDB/redo01b.log
2026-10-21T17:07:28.802553-04:00
ARC2 (PID:11111): Archived Log entry 89822 added for B-1180943236.T-1.S-46047 ID 0x8a4d5c1e LAD:1
2026-10-21T17:22:04.254118-04:00
Thread 1 advanced to log sequence 46049 (LGWR switch),  current SCN: 15313386140
  Current log# 2 seq# 46049 mem# 0: /u02/oradata/PRODDB/redo02a.log
  Current log# 2 seq# 46049 mem# 1: /u02/oradata/PRODDB/redo02b.log
2026-10-21T17:22:43.028186-04:00
ARC1 (PID:11122): Archived Log entry 89823 added for B-1180943236.T-1.S-46048 ID 0x8a4d5c1e LAD:1
2026-10-21T17:33:18.518101-04:00

***********************************************************************

Fatal NI connect error 12537, connecting to:
 (LOCAL=NO)

  VERSION INFORMATION:
	TNS for Linux: Version 19.0.0.0.0 - Production
	TCP/IP NT Protocol Adapter for Linux: Version 19.0.0.0.0 - Production
  Version 19.24.0.0.0
  Time: 21-OCT-2026 17:33:18
  Tracing not turned on.
  Tns error struct:
    ns main err code: 12537

TNS-12537: TNS:connection closed
    ns secondary err code: 12560
    nt main err code: 0
    nt secondary err code: 0
    nt OS err code: 0
  Client address: (ADDRESS=(PROTOCOL=tcp)(HOST=10.20.214.150)(PORT=49917))
2026-10-21T17:48:23.418126-04:00
Thread 1 advanced to log sequence 46050 (LGWR switch),  current SCN: 15317650604
  Current log# 3 seq# 46050 mem# 0: /u02/oradata/PRODDB/redo03a.log
  Current log# 3 seq# 46050 mem# 1: /u02/oradata/PRODDB/redo03b.log
2026-10-21T17:49:12.197752-04:00
ARC0 (PID:11131): Archived Log entry 89824 added for B-1180943236.T-1.S-46049 ID 0x8a4d5c1e LAD:1
2026-10-21T18:14:35.461654-04:00
Thread 1 advanced to log sequence 46051 (LGWR switch),  current SCN: 15321895513
  Current log# 4 seq# 46051 mem# 0: /u02/oradata/PRODDB/redo04a.log
  Current log# 4 seq# 46051 mem# 1: /u02/oradata/PRODDB/redo04b.log
2026-10-21T18:14:56.909931-04:00
ARC0 (PID:11131): Archived Log entry 89825 added for B-1180943236.T-1.S-46050 ID 0x8a4d5c1e LAD:1
2026-10-21T18:31:49.111883-04:00
Thread 1 advanced to log sequence 46052 (LGWR switch),  current SCN: 15324686666
  Current log# 1 seq# 46052 mem# 0: /u02/oradata/PRODDB/redo01a.log
  Current log# 1 seq# 46052 mem# 1: /u02/oradata/PRODDB/redo01b.log
2026-10-21T18:31:56.986467-04:00
ARC2 (PID:11111): Archived Log entry 89826 added for B-1180943236.T-1.S-46051 ID 0x8a4d5c1e LAD:1
2026-10-21T18:42:48.692346-04:00
Thread 1 advanced to log sequence 46053 (LGWR switch),  current SCN: 15326467144
  Current log# 2 seq# 46053 mem# 0: /u02/oradata/PRODDB/redo02a.log
  Current log# 2 seq# 46053 mem# 1: /u02/oradata/PRODDB/redo02b.log
2026-10-21T18:43:08.285796-04:00
ARC1 (PID:11122): Archived Log entry 89827 added for B-1180943236.T-1.S-46052 ID 0x8a4d5c1e LAD:1
2026-10-21T18:53:12.900208-04:00
Thread 1 advanced to log sequence 46054 (LGWR switch),  current SCN: 15328152896
  Current log# 3 seq# 46054 mem# 0: /u02/oradata/PRODDB/redo03a.log
  Current log# 3 seq# 46054 mem# 1: /u02/oradata/PRODDB/redo03b.log
2026-10-21T18:53:47.846695-04:00
ARC0 (PID:11131): Archived Log entry 89828 added for B-1180943236.T-1.S-46053 ID 0x8a4d5c1e LAD:1
2026-10-21T19:06:42.772347-04:00
Thread 1 advanced to log sequence 46055 (LGWR switch),  current SCN: 15330339912
  Current log# 4 seq# 46055 mem# 0: /u02/oradata/PRODDB/redo04a.log
  Current log# 4 seq# 46055 mem# 1: /u02/oradata/PRODDB/redo04b.log
2026-10-21T19:07:27.817757-04:00
ARC0 (PID:11131): Archived Log entry 89829 added for B-1180943236.T-1.S-46054 ID 0x8a4d5c1e LAD:1
2026-10-21T20:05:34.398686-04:00
Thread 1 advanced to log sequence 46056 (LGWR switch),  current SCN: 15339874176
  Current log# 1 seq# 46056 mem# 0: /u02/oradata/PRODDB/redo01a.log
  Current log# 1 seq# 46056 mem# 1: /u02/oradata/PRODDB/redo01b.log
2026-10-21T20:06:00.052812-04:00
ARC3 (PID:11143): Archived Log entry 89830 added for B-1180943236.T-1.S-46055 ID 0x8a4d5c1e LAD:1
2026-10-21T21:02:56.138565-04:00
Thread 1 advanced to log sequence 46057 (LGWR switch),  current SCN: 15349168095
  Current log# 2 seq# 46057 mem# 0: /u02/oradata/PRODDB/redo02a.log
  Current log# 2 seq# 46057 mem# 1: /u02/oradata/PRODDB/redo02b.log
2026-10-21T21:03:21.163138-04:00
ARC2 (PID:11111): Archived Log entry 89831 added for B-1180943236.T-1.S-46056 ID 0x8a4d5c1e LAD:1
2026-10-21T22:00:00.763998-04:00
Setting Resource Manager plan SCHEDULER[0x4D52]:DEFAULT_MAINTENANCE_PLAN via scheduler window
Setting Resource Manager plan DEFAULT_MAINTENANCE_PLAN via parameter
2026-10-21T22:23:10.619371-04:00
Resize operation completed for file# 10, fname /u02/oradata/PRODDB/apps_ts_tx_data02.dbf, old size 22020096K, new size 22122496K
2026-10-21T22:36:35.841921-04:00
Thread 1 advanced to log sequence 46058 (LGWR switch),  current SCN: 15364339624
  Current log# 3 seq# 46058 mem# 0: /u02/oradata/PRODDB/redo03a.log
  Current log# 3 seq# 46058 mem# 1: /u02/oradata/PRODDB/redo03b.log
2026-10-21T22:36:51.688359-04:00
ARC0 (PID:11131): Archived Log entry 89832 added for B-1180943236.T-1.S-46057 ID 0x8a4d5c1e LAD:1
2026-10-22T00:00:36.877589-04:00
TABLE SYS.WRI$_OPTSTAT_HISTHEAD_HISTORY: ADDED INTERVAL PARTITION SYS_P1739 (42100) VALUES LESS THAN (TO_DATE(' 2026-10-23 00:00:00', 'SYYYY-MM-DD HH24:MI:SS', 'NLS_CALENDAR=GREGORIAN'))
2026-10-22T00:32:15.928481-04:00
Thread 1 advanced to log sequence 46059 (LGWR switch),  current SCN: 15383079167
  Current log# 4 seq# 46059 mem# 0: /u02/oradata/PRODDB/redo04a.log
  Current log# 4 seq# 46059 mem# 1: /u02/oradata/PRODDB/redo04b.log
2026-10-22T00:32:28.603866-04:00
ARC2 (PID:11111): Archived Log entry 89833 added for B-1180943236.T-1.S-46058 ID 0x8a4d5c1e LAD:1
2026-10-22T01:20:20.378672-04:00
Thread 1 advanced to log sequence 46060 (LGWR switch),  current SCN: 15390866924
  Current log# 1 seq# 46060 mem# 0: /u02/oradata/PRODDB/redo01a.log
  Current log# 1 seq# 46060 mem# 1: /u02/oradata/PRODDB/redo01b.log
2026-10-22T01:20:35.684566-04:00
ARC1 (PID:11122): Archived Log entry 89834 added for B-1180943236.T-1.S-46059 ID 0x8a4d5c1e LAD:1
2026-10-22T01:36:35.778103-04:00
Starting control autobackup
Control autobackup written to DISK device

handle '/u03/fra/PRODDB/autobackup/2026_10_22/o1_mf_s_1869251370_.bkp'
2026-10-22T02:00:00.612333-04:00
Closing scheduler window
Restoring Resource Manager plan DEFAULT_PLAN via scheduler window
Setting Resource Manager plan DEFAULT_PLAN via parameter
2026-10-22T02:02:15.721411-04:00
Resize operation completed for file# 9, fname /u02/oradata/PRODDB/ar_data01.dbf, old size 30408704K, new size 30511104K
2026-10-22T02:44:46.178026-04:00
Resize operation completed for file# 6, fname /u02/oradata/PRODDB/apps_ts_tx_idx01.dbf, old size 25165824K, new size 25268224K
2026-10-22T02:49:09.898301-04:00
Thread 1 advanced to log sequence 46061 (LGWR switch),  current SCN: 15405256315
  Current log# 2 seq# 46061 mem# 0: /u02/oradata/PRODDB/redo02a.log
  Current log# 2 seq# 46061 mem# 1: /u02/oradata/PRODDB/redo02b.log
2026-10-22T02:49:38.737935-04:00
ARC0 (PID:11131): Archived Log entry 89835 added for B-1180943236.T-1.S-46060 ID 0x8a4d5c1e LAD:1
2026-10-22T04:19:07.089478-04:00
Thread 1 advanced to log sequence 46062 (LGWR switch),  current SCN: 15419830138
  Current log# 3 seq# 46062 mem# 0: /u02/oradata/PRODDB/redo03a.log
  Current log# 3 seq# 46062 mem# 1: /u02/oradata/PRODDB/redo03b.log
2026-10-22T04:19:11.470062-04:00
ARC1 (PID:11122): Archived Log entry 89836 added for B-1180943236.T-1.S-46061 ID 0x8a4d5c1e LAD:1
2026-10-22T05:15:01.247555-04:00
Thread 1 advanced to log sequence 46063 (LGWR switch),  current SCN: 15428884738
  Current log# 4 seq# 46063 mem# 0: /u02/oradata/PRODDB/redo04a.log
  Current log# 4 seq# 46063 mem# 1: /u02/oradata/PRODDB/redo04b.log
2026-10-22T05:15:12.379663-04:00
ARC2 (PID:11111): Archived Log entry 89837 added for B-1180943236.T-1.S-46062 ID 0x8a4d5c1e LAD:1
2026-10-22T05:51:32.246019-04:00
Resize operation completed for file# 5, fname /u02/oradata/PRODDB/apps_ts_tx_data01.dbf, old size 31457280K, new size 31559680K
2026-10-22T06:16:32.126084-04:00
Thread 1 advanced to log sequence 46064 (LGWR switch),  current SCN: 15438850375
  Current log# 1 seq# 46064 mem# 0: /u02/oradata/PRODDB/redo01a.log
  Current log# 1 seq# 46064 mem# 1: /u02/oradata/PRODDB/redo01b.log
2026-10-22T06:16:46.243782-04:00
ARC2 (PID:11111): Archived Log entry 89838 added for B-1180943236.T-1.S-46063 ID 0x8a4d5c1e LAD:1
2026-10-22T07:09:49.143360-04:00
Thread 1 advanced to log sequence 46065 (LGWR switch),  current SCN: 15447481906
  Current log# 2 seq# 46065 mem# 0: /u02/oradata/PRODDB/redo02a.log
  Current log# 2 seq# 46065 mem# 1: /u02/oradata/PRODDB/redo02b.log
2026-10-22T07:10:05.497703-04:00
ARC0 (PID:11131): Archived Log entry 89839 added for B-1180943236.T-1.S-46064 ID 0x8a4d5c1e LAD:1
2026-10-22T07:49:24.483298-04:00
Resize operation completed for file# 5, fname /u02/oradata/PRODDB/apps_ts_tx_data01.dbf, old size 29360128K, new size 29462528K
2026-10-22T08:13:15.527191-04:00

***********************************************************************

Fatal NI connect error 12537, connecting to:
 (LOCAL=NO)

  VERSION INFORMATION:
	TNS for Linux: Version 19.0.0.0.0 - Production
	TCP/IP NT Protocol Adapter for Linux: Version 19.0.0.0.0 - Production
  Version 19.24.0.0.0
  Time: 22-OCT-2026 08:13:15
  Tracing not turned on.
  Tns error struct:
    ns main err code: 12537

TNS-12537: TNS:connection closed
    ns secondary err code: 12560
    nt main err code: 0
    nt secondary err code: 0
    nt OS err code: 0
  Client address: (ADDRESS=(PROTOCOL=tcp)(HOST=10.20.53.87)(PORT=62553))
2026-10-22T08:36:13.135070-04:00
Thread 1 advanced to log sequence 46066 (LGWR switch),  current SCN: 15461480150
  Current log# 3 seq# 46066 mem# 0: /u02/oradata/PRODDB/redo03a.log
  Current log# 3 seq# 46066 mem# 1: /u02/oradata/PRODDB/redo03b.log
2026-10-22T08:36:24.117524-04:00
ARC2 (PID:11111): Archived Log entry 89840 added for B-1180943236.T-1.S-46065 ID 0x8a4d5c1e LAD:1
2026-10-22T08:48:34.257578-04:00
Thread 1 advanced to log sequence 46067 (LGWR switch),  current SCN: 15463479866
  Current log# 4 seq# 46067 mem# 0: /u02/oradata/PRODDB/redo04a.log
  Current log# 4 seq# 46067 mem# 1: /u02/oradata/PRODDB/redo04b.log
2026-10-22T08:48:40.552922-04:00
ARC0 (PID:11131): Archived Log entry 89841 added for B-1180943236.T-1.S-46066 ID 0x8a4d5c1e LAD:1
2026-10-22T09:12:30.245478-04:00
Thread 1 advanced to log sequence 46068 (LGWR switch),  current SCN: 15467358869
  Current log# 1 seq# 46068 mem# 0: /u02/oradata/PRODDB/redo01a.log
  Current log# 1 seq# 46068 mem# 1: /u02/oradata/PRODDB/redo01b.log
2026-10-22T09:12:39.235281-04:00
ARC1 (PID:11122): Archived Log entry 89842 added for B-1180943236.T-1.S-46067 ID 0x8a4d5c1e LAD:1
2026-10-22T09:36:46.762636-04:00
Thread 1 advanced to log sequence 46069 (LGWR switch),  current SCN: 15471291418
  Current log# 2 seq# 46069 mem# 0: /u02/oradata/PRODDB/redo02a.log
  Current log# 2 seq# 46069 mem# 1: /u02/oradata/PRODDB/redo02b.log
2026-10-22T09:36:57.653154-04:00
ARC3 (PID:11143): Archived Log entry 89843 added for B-1180943236.T-1.S-46068 ID 0x8a4d5c1e LAD:1
2026-10-22T09:51:20.653976-04:00
Thread 1 advanced to log sequence 46070 (LGWR switch),  current SCN: 15473649202
  Current log# 3 seq# 46070 mem# 0: /u02/oradata/PRODDB/redo03a.log
  Current log# 3 seq# 46070 mem# 1: /u02/oradata/PRODDB/redo03b.log
2026-10-22T09:51:29.774336-04:00
ARC0 (PID:11131): Archived Log entry 89844 added for B-1180943236.T-1.S-46069 ID 0x8a4d5c1e LAD:1
2026-10-22T10:03:34.267148-04:00
Thread 1 advanced to log sequence 46071 (LGWR switch),  current SCN: 15475630184
  Current log# 4 seq# 46071 mem# 0: /u02/oradata/PRODDB/redo04a.log
  Current log# 4 seq# 46071 mem# 1: /u02/oradata/PRODDB/redo04b.log
2026-10-22T10:03:48.354177-04:00
ARC1 (PID:11122): Archived Log entry 89845 added for B-1180943236.T-1.S-46070 ID 0x8a4d5c1e LAD:1
2026-10-22T10:19:54.194312-04:00
Thread 1 advanced to log sequence 46072 (LGWR switch),  current SCN: 15478275256
  Current log# 1 seq# 46072 mem# 0: /u02/oradata/PRODDB/redo01a.log
  Current log# 1 seq# 46072 mem# 1: /u02/oradata/PRODDB/redo01b.log
2026-10-22T10:20:33.672095-04:00
ARC2 (PID:11111): Archived Log entry 89846 added for B-1180943236.T-1.S-46071 ID 0x8a4d5c1e LAD:1
2026-10-22T10:36:14.505627-04:00
Thread 1 advanced to log sequence 46073 (LGWR switch),  current SCN: 15480922281
  Current log# 2 seq# 46073 mem# 0: /u02/oradata/PRODDB/redo02a.log
  Current log# 2 seq# 46073 mem# 1: /u02/oradata/PRODDB/redo02b.log
2026-10-22T10:36:49.284832-04:00
ARC1 (PID:11122): Archived Log entry 89847 added for B-1180943236.T-1.S-46072 ID 0x8a4d5c1e LAD:1
2026-10-22T10:47:28.291218-04:00
Thread 1 advanced to log sequence 46074 (LGWR switch),  current SCN: 15482741552
  Current log# 3 seq# 46074 mem# 0: /u02/oradata/PRODDB/redo03a.log
  Current log# 3 seq# 46074 mem# 1: /u02/oradata/PRODDB/redo03b.log
2026-10-22T10:48:03.718437-04:00
ARC0 (PID:11131): Archived Log entry 89848 added for B-1180943236.T-1.S-46073 ID 0x8a4d5c1e LAD:1
2026-10-22T11:10:20.747581-04:00
Thread 1 advanced to log sequence 46075 (LGWR switch),  current SCN: 15486448859
  Current log# 4 seq# 46075 mem# 0: /u02/oradata/PRODDB/redo04a.log
  Current log# 4 seq# 46075 mem# 1: /u02/oradata/PRODDB/redo04b.log
2026-10-22T11:11:09.670943-04:00
ARC0 (PID:11131): Archived Log entry 89849 added for B-1180943236.T-1.S-46074 ID 0x8a4d5c1e LAD:1
2026-10-22T11:36:59.630778-04:00
Thread 1 advanced to log sequence 46076 (LGWR switch),  current SCN: 15490763919
  Current log# 1 seq# 46076 mem# 0: /u02/oradata/PRODDB/redo01a.log
  Current log# 1 seq# 46076 mem# 1: /u02/oradata/PRODDB/redo01b.log
2026-10-22T11:37:25.470174-04:00
ARC3 (PID:11143): Archived Log entry 89850 added for B-1180943236.T-1.S-46075 ID 0x8a4d5c1e LAD:1
2026-10-22T11:57:35.381683-04:00
Thread 1 advanced to log sequence 46077 (LGWR switch),  current SCN: 15494102553
  Current log# 2 seq# 46077 mem# 0: /u02/oradata/PRODDB/redo02a.log
  Current log# 2 seq# 46077 mem# 1: /u02/oradata/PRODDB/redo02b.log
2026-10-22T11:58:00.667201-04:00
ARC1 (PID:11122): Archived Log entry 89851 added for B-1180943236.T-1.S-46076 ID 0x8a4d5c1e LAD:1
2026-10-22T12:15:13.715717-04:00
Thread 1 advanced to log sequence 46078 (LGWR switch),  current SCN: 15496959205
  Current log# 3 seq# 46078 mem# 0: /u02/oradata/PRODDB/redo03a.log
  Current log# 3 seq# 46078 mem# 1: /u02/oradata/PRODDB/redo03b.log
2026-10-22T12:15:36.417961-04:00
ARC0 (PID:11131): Archived Log entry 89852 added for B-1180943236.T-1.S-46077 ID 0x8a4d5c1e LAD:1
2026-10-22T12:20:56.441631-04:00
Resize operation completed for file# 11, fname /u02/oradata/PRODDB/apps_ts_tx_idx02.dbf, old size 30408704K, new size 30511104K
2026-10-22T12:33:36.982073-04:00
Thread 1 advanced to log sequence 46079 (LGWR switch),  current SCN: 15499937774
  Current log# 4 seq# 46079 mem# 0: /u02/oradata/PRODDB/redo04a.log
  Current log# 4 seq# 46079 mem# 1: /u02/oradata/PRODDB/redo04b.log
2026-10-22T12:34:24.764447-04:00
ARC2 (PID:11111): Archived Log entry 89853 added for B-1180943236.T-1.S-46078 ID 0x8a4d5c1e LAD:1
2026-10-22T12:48:48.174721-04:00

***********************************************************************

Fatal NI connect error 12537, connecting to:
 (LOCAL=NO)

  VERSION INFORMATION:
	TNS for Linux: Version 19.0.0.0.0 - Production
	TCP/IP NT Protocol Adapter for Linux: Version 19.0.0.0.0 - Production
  Version 19.24.0.0.0
  Time: 22-OCT-2026 12:48:48
  Tracing not turned on.
  Tns error struct:
    ns main err code: 12537

TNS-12537: TNS:connection closed
    ns secondary err code: 12560
    nt main err code: 0
    nt secondary err code: 0
    nt OS err code: 0
  Client address: (ADDRESS=(PROTOCOL=tcp)(HOST=10.20.208.196)(PORT=52252))
2026-10-22T12:53:38.508919-04:00
Thread 1 advanced to log sequence 46080 (LGWR switch),  current SCN: 15503182372
  Current log# 1 seq# 46080 mem# 0: /u02/oradata/PRODDB/redo01a.log
  Current log# 1 seq# 46080 mem# 1: /u02/oradata/PRODDB/redo01b.log
2026-10-22T12:53:48.568338-04:00
ARC3 (PID:11143): Archived Log entry 89854 added for B-1180943236.T-1.S-46079 ID 0x8a4d5c1e LAD:1
2026-10-22T13:08:44.792386-04:00
Thread 1 advanced to log sequence 46081 (LGWR switch),  current SCN: 15505629383
  Current log# 2 seq# 46081 mem# 0: /u02/oradata/PRODDB/redo02a.log
  Current log# 2 seq# 46081 mem# 1: /u02/oradata/PRODDB/redo02b.log
2026-10-22T13:09:02.046046-04:00
ARC3 (PID:11143): Archived Log entry 89855 added for B-1180943236.T-1.S-46080 ID 0x8a4d5c1e LAD:1
2026-10-22T13:11:47.353200-04:00
Errors in file /u01/app/oracle/diag/rdbms/proddb/PRODDB/trace/PRODDB_ora_57324.trc:
ORA-04031: unable to allocate 65560 bytes of shared memory ("shared pool","unknown object","sga heap(1,0)","KGLH0^554ba09")
2026-10-22T13:26:04.778772-04:00
Thread 1 advanced to log sequence 46082 (LGWR switch),  current SCN: 15508437018
  Current log# 3 seq# 46082 mem# 0: /u02/oradata/PRODDB/redo03a.log
  Current log# 3 seq# 46082 mem# 1: /u02/oradata/PRODDB/redo03b.log
2026-10-22T13:26:12.268240-04:00
ARC1 (PID:11122): Archived Log entry 89856 added for B-1180943236.T-1.S-46081 ID 0x8a4d5c1e LAD:1
2026-10-22T13:51:13.385079-04:00
Thread 1 advanced to log sequence 46083 (LGWR switch),  current SCN: 15512509543
  Current log# 4 seq# 46083 mem# 0: /u02/oradata/PRODDB/redo04a.log
  Current log# 4 seq# 46083 mem# 1: /u02/oradata/PRODDB/redo04b.log
2026-10-22T13:51:26.686365-04:00
ARC2 (PID:11111): Archived Log entry 89857 added for B-1180943236.T-1.S-46082 ID 0x8a4d5c1e LAD:1
2026-10-22T13:52:25.847591-04:00

***********************************************************************

Fatal NI connect error 12537, connecting to:
 (LOCAL=NO)

  VERSION INFORMATION:
	TNS for Linux: Version 19.0.0.0.0 - Production
	TCP/IP NT Protocol Adapter for Linux: Version 19.0.0.0.0 - Production
  Version 19.24.0.0.0
  Time: 22-OCT-2026 13:52:25
  Tracing not turned on.
  Tns error struct:
    ns main err code: 12537

TNS-12537: TNS:connection closed
    ns secondary err code: 12560
    nt main err code: 0
    nt secondary err code: 0
    nt OS err code: 0
  Client address: (ADDRESS=(PROTOCOL=tcp)(HOST=10.20.100.83)(PORT=36404))
2026-10-22T14:19:11.404431-04:00
Thread 1 advanced to log sequence 46084 (LGWR switch),  current SCN: 15517041821
  Current log# 1 seq# 46084 mem# 0: /u02/oradata/PRODDB/redo01a.log
  Current log# 1 seq# 46084 mem# 1: /u02/oradata/PRODDB/redo01b.log
2026-10-22T14:19:42.842202-04:00
ARC3 (PID:11143): Archived Log entry 89858 added for B-1180943236.T-1.S-46083 ID 0x8a4d5c1e LAD:1
2026-10-22T14:41:02.676606-04:00
Thread 1 advanced to log sequence 46085 (LGWR switch),  current SCN: 15520582147
  Current log# 2 seq# 46085 mem# 0: /u02/oradata/PRODDB/redo02a.log
  Current log# 2 seq# 46085 mem# 1: /u02/oradata/PRODDB/redo02b.log
2026-10-22T14:41:31.255074-04:00
ARC3 (PID:11143): Archived Log entry 89859 added for B-1180943236.T-1.S-46084 ID 0x8a4d5c1e LAD:1
2026-10-22T15:01:41.298323-04:00
Thread 1 advanced to log sequence 46086 (LGWR switch),  current SCN: 15523924212
  Current log# 3 seq# 46086 mem# 0: /u02/oradata/PRODDB/redo03a.log
  Current log# 3 seq# 46086 mem# 1: /u02/oradata/PRODDB/redo03b.log
2026-10-22T15:01:47.709463-04:00
ARC1 (PID:11122): Archived Log entry 89860 added for B-1180943236.T-1.S-46085 ID 0x8a4d5c1e LAD:1
2026-10-22T15:29:14.176041-04:00
Thread 1 advanced to log sequence 46087 (LGWR switch),  current SCN: 15528387917
  Current log# 4 seq# 46087 mem# 0: /u02/oradata/PRODDB/redo04a.log
  Current log# 4 seq# 46087 mem# 1: /u02/oradata/PRODDB/redo04b.log
2026-10-22T15:29:23.796361-04:00
ARC3 (PID:11143): Archived Log entry 89861 added for B-1180943236.T-1.S-46086 ID 0x8a4d5c1e LAD:1
2026-10-22T15:54:19.002089-04:00
Thread 1 advanced to log sequence 46088 (LGWR switch),  current SCN: 15532451844
  Current log# 1 seq# 46088 mem# 0: /u02/oradata/PRODDB/redo01a.log
  Current log# 1 seq# 46088 mem# 1: /u02/oradata/PRODDB/redo01b.log
2026-10-22T15:55:03.699085-04:00
ARC2 (PID:11111): Archived Log entry 89862 added for B-1180943236.T-1.S-46087 ID 0x8a4d5c1e LAD:1
2026-10-22T16:11:31.596877-04:00
Thread 1 advanced to log sequence 46089 (LGWR switch),  current SCN: 15535238930
  Current log# 2 seq# 46089 mem# 0: /u02/oradata/PRODDB/redo02a.log
  Current log# 2 seq# 46089 mem# 1: /u02/oradata/PRODDB/redo02b.log
2026-10-22T16:12:05.500669-04:00
ARC3 (PID:11143): Archived Log entry 89863 added for B-1180943236.T-1.S-46088 ID 0x8a4d5c1e LAD:1
2026-10-22T16:26:32.279581-04:00
Thread 1 advanced to log sequence 46090 (LGWR switch),  current SCN: 15537672176
  Current log# 3 seq# 46090 mem# 0: /u02/oradata/PRODDB/redo03a.log
  Current log# 3 seq# 46090 mem# 1: /u02/oradata/PRODDB/redo03b.log
2026-10-22T16:26:51.679408-04:00
ARC0 (PID:11131): Archived Log entry 89864 added for B-1180943236.T-1.S-46089 ID 0x8a4d5c1e LAD:1
2026-10-22T16:45:29.363129-04:00
Thread 1 advanced to log sequence 46091 (LGWR switch),  current SCN: 15540742226
  Current log# 4 seq# 46091 mem# 0: /u02/oradata/PRODDB/redo04a.log
  Current log# 4 seq# 46091 mem# 1: /u02/oradata/PRODDB/redo04b.log
2026-10-22T16:45:38.995619-04:00
ARC0 (PID:11131): Archived Log entry 89865 added for B-1180943236.T-1.S-46090 ID 0x8a4d5c1e LAD:1
2026-10-22T16:56:27.013643-04:00
Thread 1 advanced to log sequence 46092 (LGWR switch),  current SCN: 15542516344
  Current log# 1 seq# 46092 mem# 0: /u02/oradata/PRODDB/redo01a.log
  Current log# 1 seq# 46092 mem# 1: /u02/oradata/PRODDB/redo01b.log
2026-10-22T16:56:40.703815-04:00
ARC0 (PID:11131): Archived Log entry 89866 added for B-1180943236.T-1.S-46091 ID 0x8a4d5c1e LAD:1
2026-10-22T17:03:43.904616-04:00
Errors in file /u01/app/oracle/diag/rdbms/proddb/PRODDB/trace/PRODDB_ora_35831.trc:
ORA-00060: Deadlock detected. See Note 60.1 at My Oracle Support for Troubleshooting ORA-60 Errors. More info in file /u01/app/oracle/diag/rdbms/proddb/PRODDB/trace/PRODDB_ora_35831.trc.
2026-10-22T17:17:19.570693-04:00
Thread 1 advanced to log sequence 46093 (LGWR switch),  current SCN: 15545899310
  Current log# 2 seq# 46093 mem# 0: /u02/oradata/PRODDB/redo02a.log
  Current log# 2 seq# 46093 mem# 1: /u02/oradata/PRODDB/redo02b.log
2026-10-22T17:17:26.946427-04:00
ARC0 (PID:11131): Archived Log entry 89867 added for B-1180943236.T-1.S-46092 ID 0x8a4d5c1e LAD:1
2026-10-22T17:40:51.822999-04:00
Thread 1 advanced to log sequence 46094 (LGWR switch),  current SCN: 15549711004
  Current log# 3 seq# 46094 mem# 0: /u02/oradata/PRODDB/redo03a.log
  Current log# 3 seq# 46094 mem# 1: /u02/oradata/PRODDB/redo03b.log
2026-10-22T17:41:06.299583-04:00
ARC3 (PID:11143): Archived Log entry 89868 added for B-1180943236.T-1.S-46093 ID 0x8a4d5c1e LAD:1
2026-10-22T18:02:46.326827-04:00
Thread 1 advanced to log sequence 46095 (LGWR switch),  current SCN: 15553261668
  Current log# 4 seq# 46095 mem# 0: /u02/oradata/PRODDB/redo04a.log
  Current log# 4 seq# 46095 mem# 1: /u02/oradata/PRODDB/redo04b.log
2026-10-22T18:03:23.625624-04:00
ARC2 (PID:11111): Archived Log entry 89869 added for B-1180943236.T-1.S-46094 ID 0x8a4d5c1e LAD:1
2026-10-22T18:13:05.587789-04:00
Thread 1 advanced to log sequence 46096 (LGWR switch),  current SCN: 15554933195
  Current log# 1 seq# 46096 mem# 0: /u02/oradata/PRODDB/redo01a.log
  Current log# 1 seq# 46096 mem# 1: /u02/oradata/PRODDB/redo01b.log
2026-10-22T18:13:32.608456-04:00
ARC0 (PID:11131): Archived Log entry 89870 added for B-1180943236.T-1.S-46095 ID 0x8a4d5c1e LAD:1
2026-10-22T18:28:45.342394-04:00
Thread 1 advanced to log sequence 46097 (LGWR switch),  current SCN: 15557470450
  Current log# 2 seq# 46097 mem# 0: /u02/oradata/PRODDB/redo02a.log
  Current log# 2 seq# 46097 mem# 1: /u02/oradata/PRODDB/redo02b.log
2026-10-22T18:28:50.045870-04:00
ARC0 (PID:11131): Archived Log entry 89871 added for B-1180943236.T-1.S-46096 ID 0x8a4d5c1e LAD:1
2026-10-22T18:48:46.378050-04:00
Thread 1 advanced to log sequence 46098 (LGWR switch),  current SCN: 15560713689
  Current log# 3 seq# 46098 mem# 0: /u02/oradata/PRODDB/redo03a.log
  Current log# 3 seq# 46098 mem# 1: /u02/oradata/PRODDB/redo03b.log
2026-10-22T18:49:20.511886-04:00
ARC1 (PID:11122): Archived Log entry 89872 added for B-1180943236.T-1.S-46097 ID 0x8a4d5c1e LAD:1
2026-10-22T19:01:12.058077-04:00
Thread 1 advanced to log sequence 46099 (LGWR switch),  current SCN: 15562725857
  Current log# 4 seq# 46099 mem# 0: /u02/oradata/PRODDB/redo04a.log
  Current log# 4 seq# 46099 mem# 1: /u02/oradata/PRODDB/redo04b.log
2026-10-22T19:01:46.108710-04:00
ARC3 (PID:11143): Archived Log entry 89873 added for B-1180943236.T-1.S-46098 ID 0x8a4d5c1e LAD:1
2026-10-22T19:42:45.790575-04:00
Thread 1 advanced to log sequence 46100 (LGWR switch),  current SCN: 15569459050
  Current log# 1 seq# 46100 mem# 0: /u02/oradata/PRODDB/redo01a.log
  Current log# 1 seq# 46100 mem# 1: /u02/oradata/PRODDB/redo01b.log
2026-10-22T19:43:30.663445-04:00
ARC3 (PID:11143): Archived Log entry 89874 added for B-1180943236.T-1.S-46099 ID 0x8a4d5c1e LAD:1
2026-10-22T20:58:53.029768-04:00
Thread 1 advanced to log sequence 46101 (LGWR switch),  current SCN: 15581790887
  Current log# 2 seq# 46101 mem# 0: /u02/oradata/PRODDB/redo02a.log
  Current log# 2 seq# 46101 mem# 1: /u02/oradata/PRODDB/redo02b.log
2026-10-22T20:59:26.019330-04:00
ARC3 (PID:11143): Archived Log entry 89875 added for B-1180943236.T-1.S-46100 ID 0x8a4d5c1e LAD:1
2026-10-22T22:00:00.028206-04:00
Setting Resource Manager plan SCHEDULER[0x4D52]:DEFAULT_MAINTENANCE_PLAN via scheduler window
Setting Resource Manager plan DEFAULT_MAINTENANCE_PLAN via parameter
2026-10-22T22:25:08.626350-04:00
Thread 1 advanced to log sequence 46102 (LGWR switch),  current SCN: 15595765183
  Current log# 3 seq# 46102 mem# 0: /u02/oradata/PRODDB/redo03a.log
  Current log# 3 seq# 46102 mem# 1: /u02/oradata/PRODDB/redo03b.log
2026-10-22T22:25:36.371238-04:00
ARC0 (PID:11131): Archived Log entry 89876 added for B-1180943236.T-1.S-46101 ID 0x8a4d5c1e LAD:1
2026-10-22T23:29:49.379272-04:00
Thread 1 advanced to log sequence 46103 (LGWR switch),  current SCN: 15606243581
  Current log# 4 seq# 46103 mem# 0: /u02/oradata/PRODDB/redo04a.log
  Current log# 4 seq# 46103 mem# 1: /u02/oradata/PRODDB/redo04b.log
2026-10-22T23:30:10.319173-04:00
ARC2 (PID:11111): Archived Log entry 89877 added for B-1180943236.T-1.S-46102 ID 0x8a4d5c1e LAD:1
2026-10-23T00:00:36.647684-04:00
TABLE SYS.WRI$_OPTSTAT_HISTHEAD_HISTORY: ADDED INTERVAL PARTITION SYS_P5289 (43858) VALUES LESS THAN (TO_DATE(' 2026-10-24 00:00:00', 'SYYYY-MM-DD HH24:MI:SS', 'NLS_CALENDAR=GREGORIAN'))
2026-10-23T00:22:29.020531-04:00
Thread 1 advanced to log sequence 46104 (LGWR switch),  current SCN: 15614773811
  Current log# 1 seq# 46104 mem# 0: /u02/oradata/PRODDB/redo01a.log
  Current log# 1 seq# 46104 mem# 1: /u02/oradata/PRODDB/redo01b.log
2026-10-23T00:22:49.310312-04:00
ARC3 (PID:11143): Archived Log entry 89878 added for B-1180943236.T-1.S-46103 ID 0x8a4d5c1e LAD:1
2026-10-23T01:03:40.282400-04:00
Errors in file /u01/app/oracle/diag/rdbms/proddb/PRODDB/trace/PRODDB_j000_32161.trc:
ORA-12012: error on auto execute of job "SYS"."ORA$AT_OS_OPT_SY_8861"
ORA-01013: user requested cancel of current operation
ORA-06512: at "SYS.DBMS_STATS", line 47439
ORA-06512: at "SYS.DBMS_STATS_INTERNAL", line 25147
ORA-06512: at line 1
2026-10-23T01:35:45.710746-04:00
Thread 1 advanced to log sequence 46105 (LGWR switch),  current SCN: 15626644455
  Current log# 2 seq# 46105 mem# 0: /u02/oradata/PRODDB/redo02a.log
  Current log# 2 seq# 46105 mem# 1: /u02/oradata/PRODDB/redo02b.log
2026-10-23T01:36:24.624429-04:00
ARC3 (PID:11143): Archived Log entry 89879 added for B-1180943236.T-1.S-46104 ID 0x8a4d5c1e LAD:1
2026-10-23T01:38:07.387593-04:00
Starting control autobackup
Control autobackup written to DISK device

handle '/u03/fra/PRODDB/autobackup/2026_10_23/o1_mf_s_1266629382_.bkp'
2026-10-23T02:00:00.611218-04:00
Closing scheduler window
Restoring Resource Manager plan DEFAULT_PLAN via scheduler window
Setting Resource Manager plan DEFAULT_PLAN via parameter
2026-10-23T02:48:21.740655-04:00
Thread 1 advanced to log sequence 46106 (LGWR switch),  current SCN: 15638406548
  Current log# 3 seq# 46106 mem# 0: /u02/oradata/PRODDB/redo03a.log
  Current log# 3 seq# 46106 mem# 1: /u02/oradata/PRODDB/redo03b.log
2026-10-23T02:48:47.677968-04:00
ARC1 (PID:11122): Archived Log entry 89880 added for B-1180943236.T-1.S-46105 ID 0x8a4d5c1e LAD:1
2026-10-23T03:32:13.228078-04:00
Thread 1 advanced to log sequence 46107 (LGWR switch),  current SCN: 15645512616
  Current log# 4 seq# 46107 mem# 0: /u02/oradata/PRODDB/redo04a.log
  Current log# 4 seq# 46107 mem# 1: /u02/oradata/PRODDB/redo04b.log
2026-10-23T03:32:43.500485-04:00
ARC2 (PID:11111): Archived Log entry 89881 added for B-1180943236.T-1.S-46106 ID 0x8a4d5c1e LAD:1
2026-10-23T04:26:21.092287-04:00
Thread 1 advanced to log sequence 46108 (LGWR switch),  current SCN: 15654279925
  Current log# 1 seq# 46108 mem# 0: /u02/oradata/PRODDB/redo01a.log
  Current log# 1 seq# 46108 mem# 1: /u02/oradata/PRODDB/redo01b.log
2026-10-23T04:27:03.435191-04:00
ARC0 (PID:11131): Archived Log entry 89882 added for B-1180943236.T-1.S-46107 ID 0x8a4d5c1e LAD:1
2026-10-23T05:52:05.982785-04:00
Thread 1 advanced to log sequence 46109 (LGWR switch),  current SCN: 15668172724
  Current log# 2 seq# 46109 mem# 0: /u02/oradata/PRODDB/redo02a.log
  Current log# 2 seq# 46109 mem# 1: /u02/oradata/PRODDB/redo02b.log
2026-10-23T05:52:49.871268-04:00
ARC2 (PID:11111): Archived Log entry 89883 added for B-1180943236.T-1.S-46108 ID 0x8a4d5c1e LAD:1
2026-10-23T06:42:29.541207-04:00
Thread 1 advanced to log sequence 46110 (LGWR switch),  current SCN: 15676335386
  Current log# 3 seq# 46110 mem# 0: /u02/oradata/PRODDB/redo03a.log
  Current log# 3 seq# 46110 mem# 1: /u02/oradata/PRODDB/redo03b.log
2026-10-23T06:42:57.160837-04:00
ARC1 (PID:11122): Archived Log entry 89884 added for B-1180943236.T-1.S-46109 ID 0x8a4d5c1e LAD:1
2026-10-23T07:24:17.922884-04:00
Thread 1 advanced to log sequence 46111 (LGWR switch),  current SCN: 15683109175
  Current log# 4 seq# 46111 mem# 0: /u02/oradata/PRODDB/redo04a.log
  Current log# 4 seq# 46111 mem# 1: /u02/oradata/PRODDB/redo04b.log
2026-10-23T07:24:36.557408-04:00
ARC0 (PID:11131): Archived Log entry 89885 added for B-1180943236.T-1.S-46110 ID 0x8a4d5c1e LAD:1
2026-10-23T08:48:56.332432-04:00
Thread 1 advanced to log sequence 46112 (LGWR switch),  current SCN: 15696819839
  Current log# 1 seq# 46112 mem# 0: /u02/oradata/PRODDB/redo01a.log
  Current log# 1 seq# 46112 mem# 1: /u02/oradata/PRODDB/redo01b.log
2026-10-23T08:49:26.423759-04:00
ARC3 (PID:11143): Archived Log entry 89886 added for B-1180943236.T-1.S-46111 ID 0x8a4d5c1e LAD:1
2026-10-23T09:15:14.139445-04:00
Thread 1 advanced to log sequence 46113 (LGWR switch),  current SCN: 15701080731
  Current log# 2 seq# 46113 mem# 0: /u02/oradata/PRODDB/redo02a.log
  Current log# 2 seq# 46113 mem# 1: /u02/oradata/PRODDB/redo02b.log
2026-10-23T09:15:18.124434-04:00
ARC1 (PID:11122): Archived Log entry 89887 added for B-1180943236.T-1.S-46112 ID 0x8a4d5c1e LAD:1
2026-10-23T09:32:14.222526-04:00
Resize operation completed for file# 10, fname /u02/oradata/PRODDB/apps_ts_tx_data02.dbf, old size 32505856K, new size 32608256K
2026-10-23T09:39:27.274370-04:00
Thread 1 advanced to log sequence 46114 (LGWR switch),  current SCN: 15705003408
  Current log# 3 seq# 46114 mem# 0: /u02/oradata/PRODDB/redo03a.log
  Current log# 3 seq# 46114 mem# 1: /u02/oradata/PRODDB/redo03b.log
2026-10-23T09:40:11.590846-04:00
ARC1 (PID:11122): Archived Log entry 89888 added for B-1180943236.T-1.S-46113 ID 0x8a4d5c1e LAD:1
2026-10-23T09:50:13.128105-04:00
Thread 1 advanced to log sequence 46115 (LGWR switch),  current SCN: 15706746558
  Current log# 4 seq# 46115 mem# 0: /u02/oradata/PRODDB/redo04a.log
  Current log# 4 seq# 46115 mem# 1: /u02/oradata/PRODDB/redo04b.log
2026-10-23T09:50:19.209213-04:00
ARC0 (PID:11131): Archived Log entry 89889 added for B-1180943236.T-1.S-46114 ID 0x8a4d5c1e LAD:1
2026-10-23T10:09:17.626205-04:00
Resize operation completed for file# 11, fname /u02/oradata/PRODDB/apps_ts_tx_idx02.dbf, old size 32505856K, new size 32608256K
2026-10-23T10:16:20.846241-04:00
Thread 1 advanced to log sequence 46116 (LGWR switch),  current SCN: 15710980768
  Current log# 1 seq# 46116 mem# 0: /u02/oradata/PRODDB/redo01a.log
  Current log# 1 seq# 46116 mem# 1: /u02/oradata/PRODDB/redo01b.log
2026-10-23T10:16:50.474122-04:00
ARC0 (PID:11131): Archived Log entry 89890 added for B-1180943236.T-1.S-46115 ID 0x8a4d5c1e LAD:1
2026-10-23T10:32:53.137466-04:00
Thread 1 advanced to log sequence 46117 (LGWR switch),  current SCN: 15713660542
  Current log# 2 seq# 46117 mem# 0: /u02/oradata/PRODDB/redo02a.log
  Current log# 2 seq# 46117 mem# 1: /u02/oradata/PRODDB/redo02b.log
2026-10-23T10:33:42.926460-04:00
ARC3 (PID:11143): Archived Log entry 89891 added for B-1180943236.T-1.S-46116 ID 0x8a4d5c1e LAD:1
2026-10-23T10:45:25.617895-04:00
Thread 1 advanced to log sequence 46118 (LGWR switch),  current SCN: 15715690415
  Current log# 3 seq# 46118 mem# 0: /u02/oradata/PRODDB/redo03a.log
  Current log# 3 seq# 46118 mem# 1: /u02/oradata/PRODDB/redo03b.log
2026-10-23T10:46:01.544219-04:00
ARC0 (PID:11131): Archived Log entry 89892 added for B-1180943236.T-1.S-46117 ID 0x8a4d5c1e LAD:1
2026-10-23T11:10:21.124652-04:00
Thread 1 advanced to log sequence 46119 (LGWR switch),  current SCN: 15719727726
  Current log# 4 seq# 46119 mem# 0: /u02/oradata/PRODDB/redo04a.log
  Current log# 4 seq# 46119 mem# 1: /u02/oradata/PRODDB/redo04b.log
2026-10-23T11:10:55.075379-04:00
ARC2 (PID:11111): Archived Log entry 89893 added for B-1180943236.T-1.S-46118 ID 0x8a4d5c1e LAD:1
2026-10-23T11:21:58.427286-04:00
Thread 1 advanced to log sequence 46120 (LGWR switch),  current SCN: 15721610891
  Current log# 1 seq# 46120 mem# 0: /u02/oradata/PRODDB/redo01a.log
  Current log# 1 seq# 46120 mem# 1: /u02/oradata/PRODDB/redo01b.log
2026-10-23T11:22:22.489302-04:00
ARC2 (PID:11111): Archived Log entry 89894 added for B-1180943236.T-1.S-46119 ID 0x8a4d5c1e LAD:1
2026-10-23T11:42:29.473582-04:00
Thread 1 advanced to log sequence 46121 (LGWR switch),  current SCN: 15724934786
  Current log# 2 seq# 46121 mem# 0: /u02/oradata/PRODDB/redo02a.log
  Current log# 2 seq# 46121 mem# 1: /u02/oradata/PRODDB/redo02b.log
2026-10-23T11:42:58.917453-04:00
ARC1 (PID:11122): Archived Log entry 89895 added for B-1180943236.T-1.S-46120 ID 0x8a4d5c1e LAD:1
2026-10-23T11:43:35.094002-04:00
ORA-1653: unable to extend table GL.GL_JE_LINES by 128 in tablespace APPS_TS_TX_DATA
2026-10-23T11:48:04.883434-04:00
ORA-1653: unable to extend table GL.GL_JE_LINES by 8192 in tablespace APPS_TS_TX_DATA
2026-10-23T11:50:38.343146-04:00
ORA-1653: unable to extend table GL.GL_JE_LINES by 128 in tablespace APPS_TS_TX_DATA
2026-10-23T11:52:07.685146-04:00
ORA-1653: unable to extend table GL.GL_JE_LINES by 128 in tablespace APPS_TS_TX_DATA
2026-10-23T11:55:04.796879-04:00
Thread 1 advanced to log sequence 46122 (LGWR switch),  current SCN: 15726975501
  Current log# 3 seq# 46122 mem# 0: /u02/oradata/PRODDB/redo03a.log
  Current log# 3 seq# 46122 mem# 1: /u02/oradata/PRODDB/redo03b.log
2026-10-23T11:55:33.775655-04:00
ARC3 (PID:11143): Archived Log entry 89896 added for B-1180943236.T-1.S-46121 ID 0x8a4d5c1e LAD:1
2026-10-23T12:02:43.254344-04:00
ORA-1653: unable to extend table GL.GL_JE_LINES by 1024 in tablespace APPS_TS_TX_DATA
2026-10-23T12:07:40.757721-04:00
ORA-1653: unable to extend table GL.GL_JE_LINES by 1024 in tablespace APPS_TS_TX_DATA
2026-10-23T12:18:36.946924-04:00
ORA-1653: unable to extend table GL.GL_JE_LINES by 1024 in tablespace APPS_TS_TX_DATA
2026-10-23T12:20:37.000307-04:00
Thread 1 advanced to log sequence 46123 (LGWR switch),  current SCN: 15731111717
  Current log# 4 seq# 46123 mem# 0: /u02/oradata/PRODDB/redo04a.log
  Current log# 4 seq# 46123 mem# 1: /u02/oradata/PRODDB/redo04b.log
2026-10-23T12:21:24.435719-04:00
ARC2 (PID:11111): Archived Log entry 89897 added for B-1180943236.T-1.S-46122 ID 0x8a4d5c1e LAD:1
2026-10-23T12:28:44.375162-04:00
ORA-1653: unable to extend table GL.GL_JE_LINES by 1024 in tablespace APPS_TS_TX_DATA
2026-10-23T12:32:38.937099-04:00
Thread 1 advanced to log sequence 46124 (LGWR switch),  current SCN: 15733061112
  Current log# 1 seq# 46124 mem# 0: /u02/oradata/PRODDB/redo01a.log
  Current log# 1 seq# 46124 mem# 1: /u02/oradata/PRODDB/redo01b.log
2026-10-23T12:32:59.361331-04:00
ARC1 (PID:11122): Archived Log entry 89898 added for B-1180943236.T-1.S-46123 ID 0x8a4d5c1e LAD:1
2026-10-23T12:33:10.750756-04:00
ORA-1653: unable to extend table GL.GL_JE_LINES by 128 in tablespace APPS_TS_TX_DATA
2026-10-23T12:42:17.554354-04:00
ORA-1653: unable to extend table GL.GL_JE_LINES by 1024 in tablespace APPS_TS_TX_DATA
2026-10-23T12:53:44.681514-04:00
ORA-1653: unable to extend table GL.GL_JE_LINES by 8192 in tablespace APPS_TS_TX_DATA
2026-10-23T12:56:45.952597-04:00
Thread 1 advanced to log sequence 46125 (LGWR switch),  current SCN: 15736968053
  Current log# 2 seq# 46125 mem# 0: /u02/oradata/PRODDB/redo02a.log
  Current log# 2 seq# 46125 mem# 1: /u02/oradata/PRODDB/redo02b.log
2026-10-23T12:57:07.476388-04:00
ARC2 (PID:11111): Archived Log entry 89899 added for B-1180943236.T-1.S-46124 ID 0x8a4d5c1e LAD:1
2026-10-23T13:04:53.706888-04:00
ORA-1653: unable to extend table GL.GL_JE_LINES by 8192 in tablespace APPS_TS_TX_DATA
2026-10-23T13:10:43.418868-04:00
ORA-1653: unable to extend table GL.GL_JE_LINES by 128 in tablespace APPS_TS_TX_DATA
2026-10-23T13:12:19.314963-04:00
ORA-1653: unable to extend table GL.GL_JE_LINES by 128 in tablespace APPS_TS_TX_DATA
2026-10-23T13:18:22.520186-04:00
Thread 1 advanced to log sequence 46126 (LGWR switch),  current SCN: 15740470032
  Current log# 3 seq# 46126 mem# 0: /u02/oradata/PRODDB/redo03a.log
  Current log# 3 seq# 46126 mem# 1: /u02/oradata/PRODDB/redo03b.log
2026-10-23T13:18:30.380985-04:00
ORA-1653: unable to extend table GL.GL_JE_LINES by 128 in tablespace APPS_TS_TX_DATA
2026-10-23T13:19:10.445709-04:00
ARC0 (PID:11131): Archived Log entry 89900 added for B-1180943236.T-1.S-46125 ID 0x8a4d5c1e LAD:1
2026-10-23T13:24:38.887063-04:00
ORA-1653: unable to extend table GL.GL_JE_LINES by 128 in tablespace APPS_TS_TX_DATA
2026-10-23T13:32:46.212503-04:00
ALTER TABLESPACE APPS_TS_TX_DATA ADD DATAFILE '/u02/oradata/PRODDB/apps_ts_tx_data03.dbf' SIZE 30G AUTOEXTEND ON NEXT 1G MAXSIZE UNLIMITED
2026-10-23T13:33:51.493007-04:00
Completed: ALTER TABLESPACE APPS_TS_TX_DATA ADD DATAFILE '/u02/oradata/PRODDB/apps_ts_tx_data03.dbf' SIZE 30G AUTOEXTEND ON NEXT 1G MAXSIZE UNLIMITED
2026-10-23T13:42:34.970191-04:00
Thread 1 advanced to log sequence 46127 (LGWR switch),  current SCN: 15744390181
  Current log# 4 seq# 46127 mem# 0: /u02/oradata/PRODDB/redo04a.log
  Current log# 4 seq# 46127 mem# 1: /u02/oradata/PRODDB/redo04b.log
2026-10-23T13:42:57.060600-04:00
ARC3 (PID:11143): Archived Log entry 89901 added for B-1180943236.T-1.S-46126 ID 0x8a4d5c1e LAD:1
2026-10-23T14:09:50.404621-04:00
Thread 1 advanced to log sequence 46128 (LGWR switch),  current SCN: 15748805119
  Current log# 1 seq# 46128 mem# 0: /u02/oradata/PRODDB/redo01a.log
  Current log# 1 seq# 46128 mem# 1: /u02/oradata/PRODDB/redo01b.log
2026-10-23T14:10:27.461981-04:00
ARC0 (PID:11131): Archived Log entry 89902 added for B-1180943236.T-1.S-46127 ID 0x8a4d5c1e LAD:1
2026-10-23T14:24:04.853609-04:00
Thread 1 advanced to log sequence 46129 (LGWR switch),  current SCN: 15751114409
  Current log# 2 seq# 46129 mem# 0: /u02/oradata/PRODDB/redo02a.log
  Current log# 2 seq# 46129 mem# 1: /u02/oradata/PRODDB/redo02b.log
2026-10-23T14:24:24.160865-04:00
ARC3 (PID:11143): Archived Log entry 89903 added for B-1180943236.T-1.S-46128 ID 0x8a4d5c1e LAD:1
2026-10-23T14:35:42.562613-04:00
Thread 1 advanced to log sequence 46130 (LGWR switch),  current SCN: 15752997579
  Current log# 3 seq# 46130 mem# 0: /u02/oradata/PRODDB/redo03a.log
  Current log# 3 seq# 46130 mem# 1: /u02/oradata/PRODDB/redo03b.log
2026-10-23T14:35:59.216878-04:00
ARC2 (PID:11111): Archived Log entry 89904 added for B-1180943236.T-1.S-46129 ID 0x8a4d5c1e LAD:1
2026-10-23T15:01:44.444202-04:00
Thread 1 advanced to log sequence 46131 (LGWR switch),  current SCN: 15757213538
  Current log# 4 seq# 46131 mem# 0: /u02/oradata/PRODDB/redo04a.log
  Current log# 4 seq# 46131 mem# 1: /u02/oradata/PRODDB/redo04b.log
2026-10-23T15:02:28.208205-04:00
ARC2 (PID:11111): Archived Log entry 89905 added for B-1180943236.T-1.S-46130 ID 0x8a4d5c1e LAD:1
2026-10-23T15:25:56.328957-04:00
Thread 1 advanced to log sequence 46132 (LGWR switch),  current SCN: 15761135188
  Current log# 1 seq# 46132 mem# 0: /u02/oradata/PRODDB/redo01a.log
  Current log# 1 seq# 46132 mem# 1: /u02/oradata/PRODDB/redo01b.log
2026-10-23T15:26:30.017711-04:00
ARC3 (PID:11143): Archived Log entry 89906 added for B-1180943236.T-1.S-46131 ID 0x8a4d5c1e LAD:1
2026-10-23T15:43:22.995429-04:00
Thread 1 advanced to log sequence 46133 (LGWR switch),  current SCN: 15763959383
  Current log# 2 seq# 46133 mem# 0: /u02/oradata/PRODDB/redo02a.log
  Current log# 2 seq# 46133 mem# 1: /u02/oradata/PRODDB/redo02b.log
2026-10-23T15:43:32.107642-04:00
ARC3 (PID:11143): Archived Log entry 89907 added for B-1180943236.T-1.S-46132 ID 0x8a4d5c1e LAD:1
2026-10-23T15:56:15.483601-04:00
Thread 1 advanced to log sequence 46134 (LGWR switch),  current SCN: 15766046944
  Current log# 3 seq# 46134 mem# 0: /u02/oradata/PRODDB/redo03a.log
  Current log# 3 seq# 46134 mem# 1: /u02/oradata/PRODDB/redo03b.log
2026-10-23T15:56:45.045374-04:00
ARC2 (PID:11111): Archived Log entry 89908 added for B-1180943236.T-1.S-46133 ID 0x8a4d5c1e LAD:1
2026-10-23T16:12:04.649758-04:00
ORA-1653: unable to extend table AR.RA_CUSTOMER_TRX_LINES_ALL by 8192 in tablespace APPS_TS_TX_DATA
2026-10-23T16:17:16.122735-04:00
ORA-1653: unable to extend table AR.RA_CUSTOMER_TRX_LINES_ALL by 1024 in tablespace APPS_TS_TX_DATA
2026-10-23T16:19:23.326773-04:00
Thread 1 advanced to log sequence 46135 (LGWR switch),  current SCN: 15769793384
  Current log# 4 seq# 46135 mem# 0: /u02/oradata/PRODDB/redo04a.log
  Current log# 4 seq# 46135 mem# 1: /u02/oradata/PRODDB/redo04b.log
2026-10-23T16:20:10.012811-04:00
ARC3 (PID:11143): Archived Log entry 89909 added for B-1180943236.T-1.S-46134 ID 0x8a4d5c1e LAD:1
2026-10-23T16:22:20.256788-04:00
ORA-1653: unable to extend table AR.RA_CUSTOMER_TRX_LINES_ALL by 8192 in tablespace APPS_TS_TX_DATA
2026-10-23T16:29:37.952324-04:00
ALTER TABLESPACE APPS_TS_TX_DATA ADD DATAFILE '/u02/oradata/PRODDB/apps_ts_tx_data05.dbf' SIZE 30G AUTOEXTEND ON NEXT 1G MAXSIZE UNLIMITED
2026-10-23T16:31:02.290987-04:00
Completed: ALTER TABLESPACE APPS_TS_TX_DATA ADD DATAFILE '/u02/oradata/PRODDB/apps_ts_tx_data05.dbf' SIZE 30G AUTOEXTEND ON NEXT 1G MAXSIZE UNLIMITED
2026-10-23T16:43:06.110277-04:00
Thread 1 advanced to log sequence 46136 (LGWR switch),  current SCN: 15773635304
  Current log# 1 seq# 46136 mem# 0: /u02/oradata/PRODDB/redo01a.log
  Current log# 1 seq# 46136 mem# 1: /u02/oradata/PRODDB/redo01b.log
2026-10-23T16:43:50.060316-04:00
ARC3 (PID:11143): Archived Log entry 89910 added for B-1180943236.T-1.S-46135 ID 0x8a4d5c1e LAD:1
2026-10-23T16:53:09.559870-04:00
Thread 1 advanced to log sequence 46137 (LGWR switch),  current SCN: 15775264273
  Current log# 2 seq# 46137 mem# 0: /u02/oradata/PRODDB/redo02a.log
  Current log# 2 seq# 46137 mem# 1: /u02/oradata/PRODDB/redo02b.log
2026-10-23T16:53:48.325707-04:00
ARC2 (PID:11111): Archived Log entry 89911 added for B-1180943236.T-1.S-46136 ID 0x8a4d5c1e LAD:1
2026-10-23T17:05:09.682163-04:00
Thread 1 advanced to log sequence 46138 (LGWR switch),  current SCN: 15777207448
  Current log# 3 seq# 46138 mem# 0: /u02/oradata/PRODDB/redo03a.log
  Current log# 3 seq# 46138 mem# 1: /u02/oradata/PRODDB/redo03b.log
2026-10-23T17:05:50.653001-04:00
ARC1 (PID:11122): Archived Log entry 89912 added for B-1180943236.T-1.S-46137 ID 0x8a4d5c1e LAD:1
2026-10-23T17:22:32.548859-04:00
Thread 1 advanced to log sequence 46139 (LGWR switch),  current SCN: 15780023930
  Current log# 4 seq# 46139 mem# 0: /u02/oradata/PRODDB/redo04a.log
  Current log# 4 seq# 46139 mem# 1: /u02/oradata/PRODDB/redo04b.log
2026-10-23T17:23:22.215433-04:00
ARC3 (PID:11143): Archived Log entry 89913 added for B-1180943236.T-1.S-46138 ID 0x8a4d5c1e LAD:1
2026-10-23T17:37:14.476637-04:00
Thread 1 advanced to log sequence 46140 (LGWR switch),  current SCN: 15782404073
  Current log# 1 seq# 46140 mem# 0: /u02/oradata/PRODDB/redo01a.log
  Current log# 1 seq# 46140 mem# 1: /u02/oradata/PRODDB/redo01b.log
2026-10-23T17:37:34.818022-04:00
ARC2 (PID:11111): Archived Log entry 89914 added for B-1180943236.T-1.S-46139 ID 0x8a4d5c1e LAD:1
2026-10-23T17:48:45.173183-04:00
Thread 1 advanced to log sequence 46141 (LGWR switch),  current SCN: 15784270180
  Current log# 2 seq# 46141 mem# 0: /u02/oradata/PRODDB/redo02a.log
  Current log# 2 seq# 46141 mem# 1: /u02/oradata/PRODDB/redo02b.log
2026-10-23T17:49:23.995966-04:00
ARC3 (PID:11143): Archived Log entry 89915 added for B-1180943236.T-1.S-46140 ID 0x8a4d5c1e LAD:1
2026-10-23T17:58:27.832524-04:00
Thread 1 cannot allocate new log, sequence 46142
Checkpoint not complete
  Current log# 2 seq# 46141 mem# 0: /u02/oradata/PRODDB/redo02a.log
2026-10-23T17:59:07.795715-04:00
Thread 1 advanced to log sequence 46142 (LGWR switch),  current SCN: 15785950642
  Current log# 3 seq# 46142 mem# 0: /u02/oradata/PRODDB/redo03a.log
  Current log# 3 seq# 46142 mem# 1: /u02/oradata/PRODDB/redo03b.log
2026-10-23T17:59:15.638871-04:00
ARC1 (PID:11122): Archived Log entry 89916 added for B-1180943236.T-1.S-46141 ID 0x8a4d5c1e LAD:1
2026-10-23T18:12:41.458436-04:00
Thread 1 advanced to log sequence 46143 (LGWR switch),  current SCN: 15788148787
  Current log# 4 seq# 46143 mem# 0: /u02/oradata/PRODDB/redo04a.log
  Current log# 4 seq# 46143 mem# 1: /u02/oradata/PRODDB/redo04b.log
2026-10-23T18:13:09.929507-04:00
ARC0 (PID:11131): Archived Log entry 89917 added for B-1180943236.T-1.S-46142 ID 0x8a4d5c1e LAD:1
2026-10-23T18:23:48.965123-04:00
Errors in file /u01/app/oracle/diag/rdbms/proddb/PRODDB/trace/PRODDB_dbw0_11103.trc:
ORA-27072: File I/O error
Linux-x86_64 Error: 5: Input/output error
Additional information: 4
Additional information: 437646
ORA-01110: data file 7: '/u02/oradata/PRODDB/users01.dbf'
2026-10-23T18:30:24.590508-04:00
Thread 1 advanced to log sequence 46144 (LGWR switch),  current SCN: 15791019469
  Current log# 1 seq# 46144 mem# 0: /u02/oradata/PRODDB/redo01a.log
  Current log# 1 seq# 46144 mem# 1: /u02/oradata/PRODDB/redo01b.log
2026-10-23T18:30:38.490377-04:00
ARC2 (PID:11111): Archived Log entry 89918 added for B-1180943236.T-1.S-46143 ID 0x8a4d5c1e LAD:1
2026-10-23T18:49:59.575749-04:00
Thread 1 cannot allocate new log, sequence 46145
Checkpoint not complete
  Current log# 1 seq# 46144 mem# 0: /u02/oradata/PRODDB/redo01a.log
2026-10-23T18:50:37.930378-04:00
Thread 1 advanced to log sequence 46145 (LGWR switch),  current SCN: 15794293549
  Current log# 2 seq# 46145 mem# 0: /u02/oradata/PRODDB/redo02a.log
  Current log# 2 seq# 46145 mem# 1: /u02/oradata/PRODDB/redo02b.log
2026-10-23T18:51:23.637604-04:00
ARC3 (PID:11143): Archived Log entry 89919 added for B-1180943236.T-1.S-46144 ID 0x8a4d5c1e LAD:1
2026-10-23T19:02:45.861014-04:00
Thread 1 advanced to log sequence 46146 (LGWR switch),  current SCN: 15796259131
  Current log# 3 seq# 46146 mem# 0: /u02/oradata/PRODDB/redo03a.log
  Current log# 3 seq# 46146 mem# 1: /u02/oradata/PRODDB/redo03b.log
2026-10-23T19:03:01.104796-04:00
ARC1 (PID:11122): Archived Log entry 89920 added for B-1180943236.T-1.S-46145 ID 0x8a4d5c1e LAD:1
2026-10-23T20:29:28.905110-04:00
Thread 1 advanced to log sequence 46147 (LGWR switch),  current SCN: 15810307156
  Current log# 4 seq# 46147 mem# 0: /u02/oradata/PRODDB/redo04a.log
  Current log# 4 seq# 46147 mem# 1: /u02/oradata/PRODDB/redo04b.log
2026-10-23T20:29:49.867698-04:00
ARC2 (PID:11111): Archived Log entry 89921 added for B-1180943236.T-1.S-46146 ID 0x8a4d5c1e LAD:1
2026-10-23T21:34:07.226887-04:00
Thread 1 advanced to log sequence 46148 (LGWR switch),  current SCN: 15820780470
  Current log# 1 seq# 46148 mem# 0: /u02/oradata/PRODDB/redo01a.log
  Current log# 1 seq# 46148 mem# 1: /u02/oradata/PRODDB/redo01b.log
2026-10-23T21:34:23.719596-04:00
ARC3 (PID:11143): Archived Log entry 89922 added for B-1180943236.T-1.S-46147 ID 0x8a4d5c1e LAD:1
2026-10-23T22:00:00.717506-04:00
Setting Resource Manager plan SCHEDULER[0x4D52]:DEFAULT_MAINTENANCE_PLAN via scheduler window
Setting Resource Manager plan DEFAULT_MAINTENANCE_PLAN via parameter
2026-10-23T22:22:03.994235-04:00
Thread 1 advanced to log sequence 46149 (LGWR switch),  current SCN: 15828545778
  Current log# 2 seq# 46149 mem# 0: /u02/oradata/PRODDB/redo02a.log
  Current log# 2 seq# 46149 mem# 1: /u02/oradata/PRODDB/redo02b.log
2026-10-23T22:22:52.840199-04:00
ARC2 (PID:11111): Archived Log entry 89923 added for B-1180943236.T-1.S-46148 ID 0x8a4d5c1e LAD:1
2026-10-23T23:08:25.026658-04:00
Thread 1 advanced to log sequence 46150 (LGWR switch),  current SCN: 15836056388
  Current log# 3 seq# 46150 mem# 0: /u02/oradata/PRODDB/redo03a.log
  Current log# 3 seq# 46150 mem# 1: /u02/oradata/PRODDB/redo03b.log
2026-10-23T23:08:36.867697-04:00
ARC3 (PID:11143): Archived Log entry 89924 added for B-1180943236.T-1.S-46149 ID 0x8a4d5c1e LAD:1
2026-10-24T00:00:36.615732-04:00
TABLE SYS.WRI$_OPTSTAT_HISTHEAD_HISTORY: ADDED INTERVAL PARTITION SYS_P5876 (45143) VALUES LESS THAN (TO_DATE(' 2026-10-25 00:00:00', 'SYYYY-MM-DD HH24:MI:SS', 'NLS_CALENDAR=GREGORIAN'))
2026-10-24T00:25:47.835032-04:00
Thread 1 advanced to log sequence 46151 (LGWR switch),  current SCN: 15848592465
  Current log# 4 seq# 46151 mem# 0: /u02/oradata/PRODDB/redo04a.log
  Current log# 4 seq# 46151 mem# 1: /u02/oradata/PRODDB/redo04b.log
2026-10-24T00:25:53.516992-04:00
ARC2 (PID:11111): Archived Log entry 89925 added for B-1180943236.T-1.S-46150 ID 0x8a4d5c1e LAD:1
2026-10-24T01:38:08.817537-04:00
Thread 1 advanced to log sequence 46152 (LGWR switch),  current SCN: 15860311851
  Current log# 1 seq# 46152 mem# 0: /u02/oradata/PRODDB/redo01a.log
  Current log# 1 seq# 46152 mem# 1: /u02/oradata/PRODDB/redo01b.log
2026-10-24T01:38:58.112415-04:00
ARC2 (PID:11111): Archived Log entry 89926 added for B-1180943236.T-1.S-46151 ID 0x8a4d5c1e LAD:1
2026-10-24T01:43:02.702818-04:00
Starting control autobackup
Control autobackup written to DISK device

handle '/u03/fra/PRODDB/autobackup/2026_10_24/o1_mf_s_1813202948_.bkp'
2026-10-24T02:00:00.471804-04:00
Closing scheduler window
Restoring Resource Manager plan DEFAULT_PLAN via scheduler window
Setting Resource Manager plan DEFAULT_PLAN via parameter
2026-10-24T02:33:03.560333-04:00
Resize operation completed for file# 9, fname /u02/oradata/PRODDB/ar_data01.dbf, old size 31457280K, new size 31559680K
2026-10-24T03:07:33.940296-04:00
Thread 1 advanced to log sequence 46153 (LGWR switch),  current SCN: 15874796709
  Current log# 2 seq# 46153 mem# 0: /u02/oradata/PRODDB/redo02a.log
  Current log# 2 seq# 46153 mem# 1: /u02/oradata/PRODDB/redo02b.log
2026-10-24T03:07:50.009759-04:00
ARC1 (PID:11122): Archived Log entry 89927 added for B-1180943236.T-1.S-46152 ID 0x8a4d5c1e LAD:1
2026-10-24T03:45:29.035550-04:00
Thread 1 advanced to log sequence 46154 (LGWR switch),  current SCN: 15880939900
  Current log# 3 seq# 46154 mem# 0: /u02/oradata/PRODDB/redo03a.log
  Current log# 3 seq# 46154 mem# 1: /u02/oradata/PRODDB/redo03b.log
2026-10-24T03:45:52.197558-04:00
ARC2 (PID:11111): Archived Log entry 89928 added for B-1180943236.T-1.S-46153 ID 0x8a4d5c1e LAD:1
2026-10-24T04:23:48.360886-04:00
Thread 1 advanced to log sequence 46155 (LGWR switch),  current SCN: 15887149701
  Current log# 4 seq# 46155 mem# 0: /u02/oradata/PRODDB/redo04a.log
  Current log# 4 seq# 46155 mem# 1: /u02/oradata/PRODDB/redo04b.log
2026-10-24T04:23:56.704960-04:00
ARC3 (PID:11143): Archived Log entry 89929 added for B-1180943236.T-1.S-46154 ID 0x8a4d5c1e LAD:1
2026-10-24T05:00:53.869742-04:00
ORA-1688: unable to extend table AR.AR_DISTRIBUTIONS_ALL partition P2026_10 by 8192 in tablespace AR_DATA
2026-10-24T05:11:03.683499-04:00
ORA-1688: unable to extend table AR.AR_DISTRIBUTIONS_ALL partition P2026_10 by 128 in tablespace AR_DATA
2026-10-24T05:12:09.419260-04:00
ORA-1688: unable to extend table AR.AR_DISTRIBUTIONS_ALL partition P2026_10 by 8192 in tablespace AR_DATA
2026-10-24T05:14:07.128516-04:00
Thread 1 advanced to log sequence 46156 (LGWR switch),  current SCN: 15895299894
  Current log# 1 seq# 46156 mem# 0: /u02/oradata/PRODDB/redo01a.log
  Current log# 1 seq# 46156 mem# 1: /u02/oradata/PRODDB/redo01b.log
2026-10-24T05:14:14.898282-04:00
ARC3 (PID:11143): Archived Log entry 89930 added for B-1180943236.T-1.S-46155 ID 0x8a4d5c1e LAD:1
2026-10-24T05:21:00.061553-04:00
ORA-1688: unable to extend table AR.AR_DISTRIBUTIONS_ALL partition P2026_10 by 1024 in tablespace AR_DATA
2026-10-24T05:27:26.960617-04:00
ORA-1688: unable to extend table AR.AR_DISTRIBUTIONS_ALL partition P2026_10 by 8192 in tablespace AR_DATA
2026-10-24T05:36:28.886490-04:00
ORA-1688: unable to extend table AR.AR_DISTRIBUTIONS_ALL partition P2026_10 by 1024 in tablespace AR_DATA
2026-10-24T05:39:01.970338-04:00
ALTER TABLESPACE AR_DATA ADD DATAFILE '/u02/oradata/PRODDB/ar_data06.dbf' SIZE 30G AUTOEXTEND ON NEXT 1G MAXSIZE UNLIMITED
2026-10-24T05:40:23.675216-04:00
Completed: ALTER TABLESPACE AR_DATA ADD DATAFILE '/u02/oradata/PRODDB/ar_data06.dbf' SIZE 30G AUTOEXTEND ON NEXT 1G MAXSIZE UNLIMITED
2026-10-24T06:40:15.492629-04:00
Thread 1 advanced to log sequence 46157 (LGWR switch),  current SCN: 15909254695
  Current log# 2 seq# 46157 mem# 0: /u02/oradata/PRODDB/redo02a.log
  Current log# 2 seq# 46157 mem# 1: /u02/oradata/PRODDB/redo02b.log
2026-10-24T06:40:43.620550-04:00
ARC3 (PID:11143): Archived Log entry 89931 added for B-1180943236.T-1.S-46156 ID 0x8a4d5c1e LAD:1
2026-10-24T07:54:05.812414-04:00
Thread 1 advanced to log sequence 46158 (LGWR switch),  current SCN: 15921215168
  Current log# 3 seq# 46158 mem# 0: /u02/oradata/PRODDB/redo03a.log
  Current log# 3 seq# 46158 mem# 1: /u02/oradata/PRODDB/redo03b.log
2026-10-24T07:54:15.439626-04:00
ARC1 (PID:11122): Archived Log entry 89932 added for B-1180943236.T-1.S-46157 ID 0x8a4d5c1e LAD:1
2026-10-24T07:59:52.014549-04:00

***********************************************************************

Fatal NI connect error 12537, connecting to:
 (LOCAL=NO)

  VERSION INFORMATION:
	TNS for Linux: Version 19.0.0.0.0 - Production
	TCP/IP NT Protocol Adapter for Linux: Version 19.0.0.0.0 - Production
  Version 19.24.0.0.0
  Time: 24-OCT-2026 07:59:52
  Tracing not turned on.
  Tns error struct:
    ns main err code: 12537

TNS-12537: TNS:connection closed
    ns secondary err code: 12560
    nt main err code: 0
    nt secondary err code: 0
    nt OS err code: 0
  Client address: (ADDRESS=(PROTOCOL=tcp)(HOST=10.20.23.33)(PORT=38854))
2026-10-24T08:58:32.622289-04:00
Thread 1 advanced to log sequence 46159 (LGWR switch),  current SCN: 15931656183
  Current log# 4 seq# 46159 mem# 0: /u02/oradata/PRODDB/redo04a.log
  Current log# 4 seq# 46159 mem# 1: /u02/oradata/PRODDB/redo04b.log
2026-10-24T08:59:18.801758-04:00
ARC2 (PID:11111): Archived Log entry 89933 added for B-1180943236.T-1.S-46158 ID 0x8a4d5c1e LAD:1
2026-10-24T09:21:54.437110-04:00
TT00 (PID:11131): Error 3113 received logging on to the standby
Errors in file /u01/app/oracle/diag/rdbms/proddb/PRODDB/trace/PRODDB_tt00_11131.trc:
ORA-03113: end-of-file on communication channel
2026-10-24T09:25:28.834637-04:00
TT00 (PID:11131): Attempting LAD:2 network reconnect (3113)
TT00 (PID:11131): LAD:2 network reconnect successful
2026-10-24T09:28:28.013950-04:00
Resize operation completed for file# 5, fname /u02/oradata/PRODDB/apps_ts_tx_data01.dbf, old size 20971520K, new size 21073920K
2026-10-24T09:41:25.498784-04:00
Thread 1 advanced to log sequence 46160 (LGWR switch),  current SCN: 15938602289
  Current log# 1 seq# 46160 mem# 0: /u02/oradata/PRODDB/redo01a.log
  Current log# 1 seq# 46160 mem# 1: /u02/oradata/PRODDB/redo01b.log
2026-10-24T09:41:51.338491-04:00
ARC0 (PID:11131): Archived Log entry 89934 added for B-1180943236.T-1.S-46159 ID 0x8a4d5c1e LAD:1
2026-10-24T10:28:24.804554-04:00
Thread 1 advanced to log sequence 46161 (LGWR switch),  current SCN: 15946215038
  Current log# 2 seq# 46161 mem# 0: /u02/oradata/PRODDB/redo02a.log
  Current log# 2 seq# 46161 mem# 1: /u02/oradata/PRODDB/redo02b.log
2026-10-24T10:28:57.618995-04:00
ARC3 (PID:11143): Archived Log entry 89935 added for B-1180943236.T-1.S-46160 ID 0x8a4d5c1e LAD:1
2026-10-24T11:26:45.725411-04:00
Resize operation completed for file# 7, fname /u02/oradata/PRODDB/users01.dbf, old size 31457280K, new size 31559680K
2026-10-24T11:37:11.786572-04:00
Thread 1 advanced to log sequence 46162 (LGWR switch),  current SCN: 15957357952
  Current log# 3 seq# 46162 mem# 0: /u02/oradata/PRODDB/redo03a.log
  Current log# 3 seq# 46162 mem# 1: /u02/oradata/PRODDB/redo03b.log
2026-10-24T11:37:42.193340-04:00
ARC0 (PID:11131): Archived Log entry 89936 added for B-1180943236.T-1.S-46161 ID 0x8a4d5c1e LAD:1
2026-10-24T12:20:13.648543-04:00
opiodr aborting process unknown ospid (21844) as a result of ORA-609
2026-10-24T12:34:17.188075-04:00
Thread 1 advanced to log sequence 46163 (LGWR switch),  current SCN: 15966607207
  Current log# 4 seq# 46163 mem# 0: /u02/oradata/PRODDB/redo04a.log
  Current log# 4 seq# 46163 mem# 1: /u02/oradata/PRODDB/redo04b.log
2026-10-24T12:35:00.439378-04:00
ARC3 (PID:11143): Archived Log entry 89937 added for B-1180943236.T-1.S-46162 ID 0x8a4d5c1e LAD:1
2026-10-24T13:14:52.141804-04:00
Thread 1 advanced to log sequence 46164 (LGWR switch),  current SCN: 15973180656
  Current log# 1 seq# 46164 mem# 0: /u02/oradata/PRODDB/redo01a.log
  Current log# 1 seq# 46164 mem# 1: /u02/oradata/PRODDB/redo01b.log
2026-10-24T13:15:24.312825-04:00
ARC2 (PID:11111): Archived Log entry 89938 added for B-1180943236.T-1.S-46163 ID 0x8a4d5c1e LAD:1
2026-10-24T13:38:22.699459-04:00
Errors in file /u01/app/oracle/diag/rdbms/proddb/PRODDB/trace/PRODDB_ora_7648.trc:
ORA-00060: Deadlock detected. See Note 60.1 at My Oracle Support for Troubleshooting ORA-60 Errors. More info in file /u01/app/oracle/diag/rdbms/proddb/PRODDB/trace/PRODDB_ora_7648.trc.
2026-10-24T13:46:30.090275-04:00

***********************************************************************

Fatal NI connect error 12537, connecting to:
 (LOCAL=NO)

  VERSION INFORMATION:
	TNS for Linux: Version 19.0.0.0.0 - Production
	TCP/IP NT Protocol Adapter for Linux: Version 19.0.0.0.0 - Production
  Version 19.24.0.0.0
  Time: 24-OCT-2026 13:46:30
  Tracing not turned on.
  Tns error struct:
    ns main err code: 12537

TNS-12537: TNS:connection closed
    ns secondary err code: 12560
    nt main err code: 0
    nt secondary err code: 0
    nt OS err code: 0
  Client address: (ADDRESS=(PROTOCOL=tcp)(HOST=10.20.216.161)(PORT=42511))
2026-10-24T14:03:19.551862-04:00
Thread 1 advanced to log sequence 46165 (LGWR switch),  current SCN: 15981030174
  Current log# 2 seq# 46165 mem# 0: /u02/oradata/PRODDB/redo02a.log
  Current log# 2 seq# 46165 mem# 1: /u02/oradata/PRODDB/redo02b.log
2026-10-24T14:03:53.385182-04:00
ARC1 (PID:11122): Archived Log entry 89939 added for B-1180943236.T-1.S-46164 ID 0x8a4d5c1e LAD:1
2026-10-24T14:08:50.155362-04:00

***********************************************************************

Fatal NI connect error 12537, connecting to:
 (LOCAL=NO)

  VERSION INFORMATION:
	TNS for Linux: Version 19.0.0.0.0 - Production
	TCP/IP NT Protocol Adapter for Linux: Version 19.0.0.0.0 - Production
  Version 19.24.0.0.0
  Time: 24-OCT-2026 14:08:50
  Tracing not turned on.
  Tns error struct:
    ns main err code: 12537

TNS-12537: TNS:connection closed
    ns secondary err code: 12560
    nt main err code: 0
    nt secondary err code: 0
    nt OS err code: 0
  Client address: (ADDRESS=(PROTOCOL=tcp)(HOST=10.20.78.198)(PORT=60371))
2026-10-24T14:22:20.900739-04:00

***********************************************************************

Fatal NI connect error 12537, connecting to:
 (LOCAL=NO)

  VERSION INFORMATION:
	TNS for Linux: Version 19.0.0.0.0 - Production
	TCP/IP NT Protocol Adapter for Linux: Version 19.0.0.0.0 - Production
  Version 19.24.0.0.0
  Time: 24-OCT-2026 14:22:20
  Tracing not turned on.
  Tns error struct:
    ns main err code: 12537

TNS-12537: TNS:connection closed
    ns secondary err code: 12560
    nt main err code: 0
    nt secondary err code: 0
    nt OS err code: 0
  Client address: (ADDRESS=(PROTOCOL=tcp)(HOST=10.20.179.249)(PORT=42335))
2026-10-24T14:26:39.883390-04:00
TT00 (PID:11131): Error 12170 received logging on to the standby
Errors in file /u01/app/oracle/diag/rdbms/proddb/PRODDB/trace/PRODDB_tt00_11131.trc:
ORA-12170: TNS:Connect timeout occurred
2026-10-24T14:31:08.137529-04:00
TT00 (PID:11131): Attempting LAD:2 network reconnect (12170)
TT00 (PID:11131): LAD:2 network reconnect successful
2026-10-24T15:16:05.796948-04:00
Thread 1 advanced to log sequence 46166 (LGWR switch),  current SCN: 15992819493
  Current log# 3 seq# 46166 mem# 0: /u02/oradata/PRODDB/redo03a.log
  Current log# 3 seq# 46166 mem# 1: /u02/oradata/PRODDB/redo03b.log
2026-10-24T15:16:26.737747-04:00
ARC0 (PID:11131): Archived Log entry 89940 added for B-1180943236.T-1.S-46165 ID 0x8a4d5c1e LAD:1
2026-10-24T16:17:20.677928-04:00
Thread 1 advanced to log sequence 46167 (LGWR switch),  current SCN: 16002740588
  Current log# 4 seq# 46167 mem# 0: /u02/oradata/PRODDB/redo04a.log
  Current log# 4 seq# 46167 mem# 1: /u02/oradata/PRODDB/redo04b.log
2026-10-24T16:17:41.882477-04:00
ARC3 (PID:11143): Archived Log entry 89941 added for B-1180943236.T-1.S-46166 ID 0x8a4d5c1e LAD:1
2026-10-24T17:17:58.680130-04:00

***********************************************************************

Fatal NI connect error 12537, connecting to:
 (LOCAL=NO)

  VERSION INFORMATION:
	TNS for Linux: Version 19.0.0.0.0 - Production
	TCP/IP NT Protocol Adapter for Linux: Version 19.0.0.0.0 - Production
  Version 19.24.0.0.0
  Time: 24-OCT-2026 17:17:58
  Tracing not turned on.
  Tns error struct:
    ns main err code: 12537

TNS-12537: TNS:connection closed
    ns secondary err code: 12560
    nt main err code: 0
    nt secondary err code: 0
    nt OS err code: 0
  Client address: (ADDRESS=(PROTOCOL=tcp)(HOST=10.20.7.54)(PORT=61530))
2026-10-24T17:51:23.514646-04:00
Thread 1 advanced to log sequence 46168 (LGWR switch),  current SCN: 16017976879
  Current log# 1 seq# 46168 mem# 0: /u02/oradata/PRODDB/redo01a.log
  Current log# 1 seq# 46168 mem# 1: /u02/oradata/PRODDB/redo01b.log
2026-10-24T17:51:41.345592-04:00
ARC2 (PID:11111): Archived Log entry 89942 added for B-1180943236.T-1.S-46167 ID 0x8a4d5c1e LAD:1
2026-10-24T17:55:16.633395-04:00
Resize operation completed for file# 7, fname /u02/oradata/PRODDB/users01.dbf, old size 22020096K, new size 22122496K
2026-10-24T18:52:03.227747-04:00
Thread 1 advanced to log sequence 46169 (LGWR switch),  current SCN: 16027804432
  Current log# 2 seq# 46169 mem# 0: /u02/oradata/PRODDB/redo02a.log
  Current log# 2 seq# 46169 mem# 1: /u02/oradata/PRODDB/redo02b.log
2026-10-24T18:52:40.711845-04:00
ARC0 (PID:11131): Archived Log entry 89943 added for B-1180943236.T-1.S-46168 ID 0x8a4d5c1e LAD:1
2026-10-24T20:22:05.457195-04:00
Thread 1 advanced to log sequence 46170 (LGWR switch),  current SCN: 16042390607
  Current log# 3 seq# 46170 mem# 0: /u02/oradata/PRODDB/redo03a.log
  Current log# 3 seq# 46170 mem# 1: /u02/oradata/PRODDB/redo03b.log
2026-10-24T20:22:40.364395-04:00
ARC0 (PID:11131): Archived Log entry 89944 added for B-1180943236.T-1.S-46169 ID 0x8a4d5c1e LAD:1
2026-10-24T21:21:52.275924-04:00
Thread 1 advanced to log sequence 46171 (LGWR switch),  current SCN: 16052075156
  Current log# 4 seq# 46171 mem# 0: /u02/oradata/PRODDB/redo04a.log
  Current log# 4 seq# 46171 mem# 1: /u02/oradata/PRODDB/redo04b.log
2026-10-24T21:22:17.055937-04:00
ARC2 (PID:11111): Archived Log entry 89945 added for B-1180943236.T-1.S-46170 ID 0x8a4d5c1e LAD:1
2026-10-24T22:32:00.639066-04:00
Thread 1 advanced to log sequence 46172 (LGWR switch),  current SCN: 16063436876
  Current log# 1 seq# 46172 mem# 0: /u02/oradata/PRODDB/redo01a.log
  Current log# 1 seq# 46172 mem# 1: /u02/oradata/PRODDB/redo01b.log
2026-10-24T22:32:10.609569-04:00
ARC0 (PID:11131): Archived Log entry 89946 added for B-1180943236.T-1.S-46171 ID 0x8a4d5c1e LAD:1
2026-10-24T23:46:41.703320-04:00
Thread 1 advanced to log sequence 46173 (LGWR switch),  current SCN: 16075537417
  Current log# 2 seq# 46173 mem# 0: /u02/oradata/PRODDB/redo02a.log
  Current log# 2 seq# 46173 mem# 1: /u02/oradata/PRODDB/redo02b.log
2026-10-24T23:47:09.562503-04:00
ARC1 (PID:11122): Archived Log entry 89947 added for B-1180943236.T-1.S-46172 ID 0x8a4d5c1e LAD:1
2026-10-25T00:00:36.946351-04:00
TABLE SYS.WRI$_OPTSTAT_HISTHEAD_HISTORY: ADDED INTERVAL PARTITION SYS_P1607 (42473) VALUES LESS THAN (TO_DATE(' 2026-10-26 00:00:00', 'SYYYY-MM-DD HH24:MI:SS', 'NLS_CALENDAR=GREGORIAN'))
2026-10-25T00:11:04.075224-04:00
Thread 1 advanced to log sequence 46174 (LGWR switch),  current SCN: 16079485887
  Current log# 3 seq# 46174 mem# 0: /u02/oradata/PRODDB/redo03a.log
  Current log# 3 seq# 46174 mem# 1: /u02/oradata/PRODDB/redo03b.log
2026-10-25T00:11:13.743343-04:00
ARC3 (PID:11143): Archived Log entry 89948 added for B-1180943236.T-1.S-46173 ID 0x8a4d5c1e LAD:1
2026-10-25T01:11:01.972728-04:00
Thread 1 advanced to log sequence 46175 (LGWR switch),  current SCN: 16089199255
  Current log# 4 seq# 46175 mem# 0: /u02/oradata/PRODDB/redo04a.log
  Current log# 4 seq# 46175 mem# 1: /u02/oradata/PRODDB/redo04b.log
2026-10-25T01:11:19.674626-04:00
ARC2 (PID:11111): Archived Log entry 89949 added for B-1180943236.T-1.S-46174 ID 0x8a4d5c1e LAD:1
2026-10-25T01:40:20.748022-04:00
Starting control autobackup
Control autobackup written to DISK device

handle '/u03/fra/PRODDB/autobackup/2026_10_25/o1_mf_s_1678183455_.bkp'
2026-10-25T01:52:31.749051-04:00
ORA-1652: unable to extend temp segment by 128 in tablespace                 TEMP
2026-10-25T01:54:43.743083-04:00
ORA-1652: unable to extend temp segment by 128 in tablespace                 TEMP
2026-10-25T01:55:45.065771-04:00
ORA-1652: unable to extend temp segment by 128 in tablespace                 TEMP
2026-10-25T02:00:59.527886-04:00
ORA-1652: unable to extend temp segment by 128 in tablespace                 TEMP
2026-10-25T02:09:20.048957-04:00
ORA-1652: unable to extend temp segment by 128 in tablespace                 TEMP
2026-10-25T02:19:26.063870-04:00
Thread 1 advanced to log sequence 46176 (LGWR switch),  current SCN: 16100281648
  Current log# 1 seq# 46176 mem# 0: /u02/oradata/PRODDB/redo01a.log
  Current log# 1 seq# 46176 mem# 1: /u02/oradata/PRODDB/redo01b.log
2026-10-25T02:19:45.419246-04:00
ARC2 (PID:11111): Archived Log entry 89950 added for B-1180943236.T-1.S-46175 ID 0x8a4d5c1e LAD:1
2026-10-25T03:35:03.168350-04:00
Thread 1 advanced to log sequence 46177 (LGWR switch),  current SCN: 16112531386
  Current log# 2 seq# 46177 mem# 0: /u02/oradata/PRODDB/redo02a.log
  Current log# 2 seq# 46177 mem# 1: /u02/oradata/PRODDB/redo02b.log
2026-10-25T03:35:10.339289-04:00
ARC0 (PID:11131): Archived Log entry 89951 added for B-1180943236.T-1.S-46176 ID 0x8a4d5c1e LAD:1
2026-10-25T04:35:53.866375-04:00
Thread 1 advanced to log sequence 46178 (LGWR switch),  current SCN: 16122387017
  Current log# 3 seq# 46178 mem# 0: /u02/oradata/PRODDB/redo03a.log
  Current log# 3 seq# 46178 mem# 1: /u02/oradata/PRODDB/redo03b.log
2026-10-25T04:36:03.808094-04:00
ARC1 (PID:11122): Archived Log entry 89952 added for B-1180943236.T-1.S-46177 ID 0x8a4d5c1e LAD:1
2026-10-25T05:24:20.233459-04:00
Thread 1 advanced to log sequence 46179 (LGWR switch),  current SCN: 16130235227
  Current log# 4 seq# 46179 mem# 0: /u02/oradata/PRODDB/redo04a.log
  Current log# 4 seq# 46179 mem# 1: /u02/oradata/PRODDB/redo04b.log
2026-10-25T05:24:45.769860-04:00
ARC2 (PID:11111): Archived Log entry 89953 added for B-1180943236.T-1.S-46178 ID 0x8a4d5c1e LAD:1
2026-10-25T06:02:08.918352-04:00
Thread 1 advanced to log sequence 46180 (LGWR switch),  current SCN: 16136358921
  Current log# 1 seq# 46180 mem# 0: /u02/oradata/PRODDB/redo01a.log
  Current log# 1 seq# 46180 mem# 1: /u02/oradata/PRODDB/redo01b.log
2026-10-25T06:02:20.892866-04:00
ARC2 (PID:11111): Archived Log entry 89954 added for B-1180943236.T-1.S-46179 ID 0x8a4d5c1e LAD:1
2026-10-25T07:18:33.026521-04:00
Thread 1 advanced to log sequence 46181 (LGWR switch),  current SCN: 16148737039
  Current log# 2 seq# 46181 mem# 0: /u02/oradata/PRODDB/redo02a.log
  Current log# 2 seq# 46181 mem# 1: /u02/oradata/PRODDB/redo02b.log
2026-10-25T07:19:20.538970-04:00
ARC0 (PID:11131): Archived Log entry 89955 added for B-1180943236.T-1.S-46180 ID 0x8a4d5c1e LAD:1
2026-10-25T08:01:28.760321-04:00
Resize operation completed for file# 5, fname /u02/oradata/PRODDB/apps_ts_tx_data01.dbf, old size 29360128K, new size 29462528K
2026-10-25T08:16:57.851266-04:00
Resize operation completed for file# 12, fname /u02/oradata/PRODDB/sysaux01.dbf, old size 32505856K, new size 32608256K
2026-10-25T08:49:08.820747-04:00
Thread 1 advanced to log sequence 46182 (LGWR switch),  current SCN: 16163413903
  Current log# 3 seq# 46182 mem# 0: /u02/oradata/PRODDB/redo03a.log
  Current log# 3 seq# 46182 mem# 1: /u02/oradata/PRODDB/redo03b.log
2026-10-25T08:49:18.472688-04:00
ARC3 (PID:11143): Archived Log entry 89956 added for B-1180943236.T-1.S-46181 ID 0x8a4d5c1e LAD:1
2026-10-25T08:54:28.272374-04:00

***********************************************************************

Fatal NI connect error 12537, connecting to:
 (LOCAL=NO)

  VERSION INFORMATION:
	TNS for Linux: Version 19.0.0.0.0 - Production
	TCP/IP NT Protocol Adapter for Linux: Version 19.0.0.0.0 - Production
  Version 19.24.0.0.0
  Time: 25-OCT-2026 08:54:28
  Tracing not turned on.
  Tns error struct:
    ns main err code: 12537

TNS-12537: TNS:connection closed
    ns secondary err code: 12560
    nt main err code: 0
    nt secondary err code: 0
    nt OS err code: 0
  Client address: (ADDRESS=(PROTOCOL=tcp)(HOST=10.20.16.216)(PORT=54443))
2026-10-25T09:41:25.675156-04:00
Resize operation completed for file# 7, fname /u02/oradata/PRODDB/users01.dbf, old size 32505856K, new size 32608256K
2026-10-25T10:11:02.949547-04:00
Thread 1 advanced to log sequence 46183 (LGWR switch),  current SCN: 16176681564
  Current log# 4 seq# 46183 mem# 0: /u02/oradata/PRODDB/redo04a.log
  Current log# 4 seq# 46183 mem# 1: /u02/oradata/PRODDB/redo04b.log
2026-10-25T10:11:40.354285-04:00
ARC0 (PID:11131): Archived Log entry 89957 added for B-1180943236.T-1.S-46182 ID 0x8a4d5c1e LAD:1
2026-10-25T10:37:28.475159-04:00

***********************************************************************

Fatal NI connect error 12537, connecting to:
 (LOCAL=NO)

  VERSION INFORMATION:
	TNS for Linux: Version 19.0.0.0.0 - Production
	TCP/IP NT Protocol Adapter for Linux: Version 19.0.0.0.0 - Production
  Version 19.24.0.0.0
  Time: 25-OCT-2026 10:37:28
  Tracing not turned on.
  Tns error struct:
    ns main err code: 12537

TNS-12537: TNS:connection closed
    ns secondary err code: 12560
    nt main err code: 0
    nt secondary err code: 0
    nt OS err code: 0
  Client address: (ADDRESS=(PROTOCOL=tcp)(HOST=10.20.77.147)(PORT=30341))
2026-10-25T10:40:15.470534-04:00

***********************************************************************

Fatal NI connect error 12537, connecting to:
 (LOCAL=NO)

  VERSION INFORMATION:
	TNS for Linux: Version 19.0.0.0.0 - Production
	TCP/IP NT Protocol Adapter for Linux: Version 19.0.0.0.0 - Production
  Version 19.24.0.0.0
  Time: 25-OCT-2026 10:40:15
  Tracing not turned on.
  Tns error struct:
    ns main err code: 12537

TNS-12537: TNS:connection closed
    ns secondary err code: 12560
    nt main err code: 0
    nt secondary err code: 0
    nt OS err code: 0
  Client address: (ADDRESS=(PROTOCOL=tcp)(HOST=10.20.13.194)(PORT=38175))
2026-10-25T11:16:28.786055-04:00
Thread 1 advanced to log sequence 46184 (LGWR switch),  current SCN: 16187282576
  Current log# 1 seq# 46184 mem# 0: /u02/oradata/PRODDB/redo01a.log
  Current log# 1 seq# 46184 mem# 1: /u02/oradata/PRODDB/redo01b.log
2026-10-25T11:16:45.566132-04:00
ARC0 (PID:11131): Archived Log entry 89958 added for B-1180943236.T-1.S-46183 ID 0x8a4d5c1e LAD:1
2026-10-25T12:13:11.272991-04:00
Thread 1 advanced to log sequence 46185 (LGWR switch),  current SCN: 16196467702
  Current log# 2 seq# 46185 mem# 0: /u02/oradata/PRODDB/redo02a.log
  Current log# 2 seq# 46185 mem# 1: /u02/oradata/PRODDB/redo02b.log
2026-10-25T12:13:58.972227-04:00
ARC2 (PID:11111): Archived Log entry 89959 added for B-1180943236.T-1.S-46184 ID 0x8a4d5c1e LAD:1
2026-10-25T12:16:30.327420-04:00
Resize operation completed for file# 8, fname /u02/oradata/PRODDB/apps_ts_media01.dbf, old size 22020096K, new size 22122496K
2026-10-25T13:33:54.104746-04:00
Thread 1 advanced to log sequence 46186 (LGWR switch),  current SCN: 16209543998
  Current log# 3 seq# 46186 mem# 0: /u02/oradata/PRODDB/redo03a.log
  Current log# 3 seq# 46186 mem# 1: /u02/oradata/PRODDB/redo03b.log
2026-10-25T13:34:06.260672-04:00
ARC0 (PID:11131): Archived Log entry 89960 added for B-1180943236.T-1.S-46185 ID 0x8a4d5c1e LAD:1
2026-10-25T13:34:58.872655-04:00
opiodr aborting process unknown ospid (17816) as a result of ORA-609
2026-10-25T14:30:43.893966-04:00
Thread 1 advanced to log sequence 46187 (LGWR switch),  current SCN: 16218749521
  Current log# 4 seq# 46187 mem# 0: /u02/oradata/PRODDB/redo04a.log
  Current log# 4 seq# 46187 mem# 1: /u02/oradata/PRODDB/redo04b.log
2026-10-25T14:30:53.924830-04:00
ARC1 (PID:11122): Archived Log entry 89961 added for B-1180943236.T-1.S-46186 ID 0x8a4d5c1e LAD:1
2026-10-25T14:58:42.648216-04:00
Resize operation completed for file# 8, fname /u02/oradata/PRODDB/apps_ts_media01.dbf, old size 29360128K, new size 29462528K
2026-10-25T15:17:50.276148-04:00
Thread 1 advanced to log sequence 46188 (LGWR switch),  current SCN: 16226381895
  Current log# 1 seq# 46188 mem# 0: /u02/oradata/PRODDB/redo01a.log
  Current log# 1 seq# 46188 mem# 1: /u02/oradata/PRODDB/redo01b.log
2026-10-25T15:18:08.715568-04:00
ARC0 (PID:11131): Archived Log entry 89962 added for B-1180943236.T-1.S-46187 ID 0x8a4d5c1e LAD:1
2026-10-25T16:38:07.933567-04:00
opiodr aborting process unknown ospid (3827) as a result of ORA-609
2026-10-25T16:41:23.120880-04:00
Thread 1 advanced to log sequence 46189 (LGWR switch),  current SCN: 16239916787
  Current log# 2 seq# 46189 mem# 0: /u02/oradata/PRODDB/redo02a.log
  Current log# 2 seq# 46189 mem# 1: /u02/oradata/PRODDB/redo02b.log
2026-10-25T16:41:57.942561-04:00
ARC2 (PID:11111): Archived Log entry 89963 added for B-1180943236.T-1.S-46188 ID 0x8a4d5c1e LAD:1
2026-10-25T17:21:29.995409-04:00
Thread 1 advanced to log sequence 46190 (LGWR switch),  current SCN: 16246415260
  Current log# 3 seq# 46190 mem# 0: /u02/oradata/PRODDB/redo03a.log
  Current log# 3 seq# 46190 mem# 1: /u02/oradata/PRODDB/redo03b.log
2026-10-25T17:21:56.264898-04:00
ARC3 (PID:11143): Archived Log entry 89964 added for B-1180943236.T-1.S-46189 ID 0x8a4d5c1e LAD:1
2026-10-25T18:36:23.746775-04:00
Thread 1 advanced to log sequence 46191 (LGWR switch),  current SCN: 16258549014
  Current log# 4 seq# 46191 mem# 0: /u02/oradata/PRODDB/redo04a.log
  Current log# 4 seq# 46191 mem# 1: /u02/oradata/PRODDB/redo04b.log
2026-10-25T18:36:40.732497-04:00
ARC3 (PID:11143): Archived Log entry 89965 added for B-1180943236.T-1.S-46190 ID 0x8a4d5c1e LAD:1
2026-10-25T19:50:23.943937-04:00
Resize operation completed for file# 10, fname /u02/oradata/PRODDB/apps_ts_tx_data02.dbf, old size 20971520K, new size 21073920K
2026-10-25T19:59:30.388534-04:00
Thread 1 advanced to log sequence 46192 (LGWR switch),  current SCN: 16272012205
  Current log# 1 seq# 46192 mem# 0: /u02/oradata/PRODDB/redo01a.log
  Current log# 1 seq# 46192 mem# 1: /u02/oradata/PRODDB/redo01b.log
2026-10-25T20:00:02.953120-04:00
ARC3 (PID:11143): Archived Log entry 89966 added for B-1180943236.T-1.S-46191 ID 0x8a4d5c1e LAD:1
2026-10-25T21:08:04.088374-04:00
Resize operation completed for file# 11, fname /u02/oradata/PRODDB/apps_ts_tx_idx02.dbf, old size 24117248K, new size 24219648K
2026-10-25T21:25:39.393975-04:00
Thread 1 advanced to log sequence 46193 (LGWR switch),  current SCN: 16285967441
  Current log# 2 seq# 46193 mem# 0: /u02/oradata/PRODDB/redo02a.log
  Current log# 2 seq# 46193 mem# 1: /u02/oradata/PRODDB/redo02b.log
2026-10-25T21:25:43.024846-04:00
ARC2 (PID:11111): Archived Log entry 89967 added for B-1180943236.T-1.S-46192 ID 0x8a4d5c1e LAD:1
2026-10-25T22:09:22.674701-04:00
Thread 1 advanced to log sequence 46194 (LGWR switch),  current SCN: 16293052520
  Current log# 3 seq# 46194 mem# 0: /u02/oradata/PRODDB/redo03a.log
  Current log# 3 seq# 46194 mem# 1: /u02/oradata/PRODDB/redo03b.log
2026-10-25T22:09:31.019007-04:00
ARC0 (PID:11131): Archived Log entry 89968 added for B-1180943236.T-1.S-46193 ID 0x8a4d5c1e LAD:1
2026-10-25T22:44:17.767260-04:00
TT00 (PID:11131): Error 12170 received logging on to the standby
Errors in file /u01/app/oracle/diag/rdbms/proddb/PRODDB/trace/PRODDB_tt00_11131.trc:
ORA-12170: TNS:Connect timeout occurred
2026-10-25T22:48:20.863829-04:00
TT00 (PID:11131): Attempting LAD:2 network reconnect (12170)
TT00 (PID:11131): LAD:2 network reconnect successful
2026-10-25T23:03:16.770620-04:00
Thread 1 advanced to log sequence 46195 (LGWR switch),  current SCN: 16301782420
  Current log# 4 seq# 46195 mem# 0: /u02/oradata/PRODDB/redo04a.log
  Current log# 4 seq# 46195 mem# 1: /u02/oradata/PRODDB/redo04b.log
2026-10-25T23:03:46.025183-04:00
ARC1 (PID:11122): Archived Log entry 89969 added for B-1180943236.T-1.S-46194 ID 0x8a4d5c1e LAD:1
2026-10-25T23:47:46.297719-04:00
Resize operation completed for file# 7, fname /u02/oradata/PRODDB/users01.dbf, old size 29360128K, new size 29462528K
2026-10-26T00:00:36.958417-04:00
TABLE SYS.WRI$_OPTSTAT_HISTHEAD_HISTORY: ADDED INTERVAL PARTITION SYS_P6381 (40260) VALUES LESS THAN (TO_DATE(' 2026-10-27 00:00:00', 'SYYYY-MM-DD HH24:MI:SS', 'NLS_CALENDAR=GREGORIAN'))
2026-10-26T00:13:28.779243-04:00
Resize operation completed for file# 8, fname /u02/oradata/PRODDB/apps_ts_media01.dbf, old size 28311552K, new size 28413952K
2026-10-26T00:38:53.404907-04:00
Thread 1 advanced to log sequence 46196 (LGWR switch),  current SCN: 16317272067
  Current log# 1 seq# 46196 mem# 0: /u02/oradata/PRODDB/redo01a.log
  Current log# 1 seq# 46196 mem# 1: /u02/oradata/PRODDB/redo01b.log
2026-10-26T00:39:40.089765-04:00
ARC0 (PID:11131): Archived Log entry 89970 added for B-1180943236.T-1.S-46195 ID 0x8a4d5c1e LAD:1
2026-10-26T00:44:32.872503-04:00
Resize operation completed for file# 6, fname /u02/oradata/PRODDB/apps_ts_tx_idx01.dbf, old size 29360128K, new size 29462528K
2026-10-26T01:41:12.457531-04:00
Thread 1 advanced to log sequence 46197 (LGWR switch),  current SCN: 16327368870
  Current log# 2 seq# 46197 mem# 0: /u02/oradata/PRODDB/redo02a.log
  Current log# 2 seq# 46197 mem# 1: /u02/oradata/PRODDB/redo02b.log
2026-10-26T01:41:50.810612-04:00
ARC1 (PID:11122): Archived Log entry 89971 added for B-1180943236.T-1.S-46196 ID 0x8a4d5c1e LAD:1
2026-10-26T01:42:27.967057-04:00
Starting control autobackup
Control autobackup written to DISK device

handle '/u03/fra/PRODDB/autobackup/2026_10_26/o1_mf_s_1694113197_.bkp'
2026-10-26T02:00:00.002146-04:00
Closing scheduler window
Restoring Resource Manager plan DEFAULT_PLAN via scheduler window
Setting Resource Manager plan DEFAULT_PLAN via parameter
2026-10-26T02:09:29.643241-04:00
Resize operation completed for file# 10, fname /u02/oradata/PRODDB/apps_ts_tx_data02.dbf, old size 24117248K, new size 24219648K
2026-10-26T02:55:12.543471-04:00
TT00 (PID:11131): Error 12537 received logging on to the standby
Errors in file /u01/app/oracle/diag/rdbms/proddb/PRODDB/trace/PRODDB_tt00_11131.trc:
ORA-12537: TNS:connection closed
2026-10-26T02:57:38.852262-04:00
Resize operation completed for file# 12, fname /u02/oradata/PRODDB/sysaux01.dbf, old size 31457280K, new size 31559680K
2026-10-26T02:59:40.519647-04:00
TT00 (PID:11131): Attempting LAD:2 network reconnect (12537)
TT00 (PID:11131): LAD:2 network reconnect successful
2026-10-26T03:11:30.658355-04:00
Thread 1 advanced to log sequence 46198 (LGWR switch),  current SCN: 16341997768
  Current log# 3 seq# 46198 mem# 0: /u02/oradata/PRODDB/redo03a.log
  Current log# 3 seq# 46198 mem# 1: /u02/oradata/PRODDB/redo03b.log
2026-10-26T03:11:40.660557-04:00
ARC3 (PID:11143): Archived Log entry 89972 added for B-1180943236.T-1.S-46197 ID 0x8a4d5c1e LAD:1
2026-10-26T04:08:41.346952-04:00
Thread 1 advanced to log sequence 46199 (LGWR switch),  current SCN: 16351260143
  Current log# 4 seq# 46199 mem# 0: /u02/oradata/PRODDB/redo04a.log
  Current log# 4 seq# 46199 mem# 1: /u02/oradata/PRODDB/redo04b.log
2026-10-26T04:09:17.204046-04:00
ARC0 (PID:11131): Archived Log entry 89973 added for B-1180943236.T-1.S-46198 ID 0x8a4d5c1e LAD:1
2026-10-26T04:50:45.234999-04:00
Thread 1 advanced to log sequence 46200 (LGWR switch),  current SCN: 16358074598
  Current log# 1 seq# 46200 mem# 0: /u02/oradata/PRODDB/redo01a.log
  Current log# 1 seq# 46200 mem# 1: /u02/oradata/PRODDB/redo01b.log
2026-10-26T04:51:07.223524-04:00
ARC2 (PID:11111): Archived Log entry 89974 added for B-1180943236.T-1.S-46199 ID 0x8a4d5c1e LAD:1
2026-10-26T05:08:01.820251-04:00
Errors in file /u01/app/oracle/diag/rdbms/proddb/PRODDB/trace/PRODDB_ora_49769.trc:
ORA-30036: unable to extend segment by 8 in undo tablespace 'UNDOTBS1'
2026-10-26T05:54:55.076846-04:00
Thread 1 advanced to log sequence 46201 (LGWR switch),  current SCN: 16368467794
  Current log# 2 seq# 46201 mem# 0: /u02/oradata/PRODDB/redo02a.log
  Current log# 2 seq# 46201 mem# 1: /u02/oradata/PRODDB/redo02b.log
2026-10-26T05:55:07.069075-04:00
ARC1 (PID:11122): Archived Log entry 89975 added for B-1180943236.T-1.S-46200 ID 0x8a4d5c1e LAD:1
2026-10-26T07:05:16.945502-04:00
Thread 1 advanced to log sequence 46202 (LGWR switch),  current SCN: 16379868942
  Current log# 3 seq# 46202 mem# 0: /u02/oradata/PRODDB/redo03a.log
  Current log# 3 seq# 46202 mem# 1: /u02/oradata/PRODDB/redo03b.log
2026-10-26T07:05:38.120541-04:00
ARC2 (PID:11111): Archived Log entry 89976 added for B-1180943236.T-1.S-46201 ID 0x8a4d5c1e LAD:1
2026-10-26T07:51:16.747756-04:00
Thread 1 advanced to log sequence 46203 (LGWR switch),  current SCN: 16387318451
  Current log# 4 seq# 46203 mem# 0: /u02/oradata/PRODDB/redo04a.log
  Current log# 4 seq# 46203 mem# 1: /u02/oradata/PRODDB/redo04b.log
2026-10-26T07:51:19.100436-04:00
ARC3 (PID:11143): Archived Log entry 89977 added for B-1180943236.T-1.S-46202 ID 0x8a4d5c1e LAD:1
2026-10-26T08:35:15.185793-04:00
Resize operation completed for file# 11, fname /u02/oradata/PRODDB/apps_ts_tx_idx02.dbf, old size 30408704K, new size 30511104K
2026-10-26T08:59:07.153297-04:00
Thread 1 advanced to log sequence 46204 (LGWR switch),  current SCN: 16398310514
  Current log# 1 seq# 46204 mem# 0: /u02/oradata/PRODDB/redo01a.log
  Current log# 1 seq# 46204 mem# 1: /u02/oradata/PRODDB/redo01b.log
2026-10-26T08:59:40.707341-04:00
ARC3 (PID:11143): Archived Log entry 89978 added for B-1180943236.T-1.S-46203 ID 0x8a4d5c1e LAD:1
2026-10-26T09:14:41.938707-04:00
Thread 1 advanced to log sequence 46205 (LGWR switch),  current SCN: 16400833605
  Current log# 2 seq# 46205 mem# 0: /u02/oradata/PRODDB/redo02a.log
  Current log# 2 seq# 46205 mem# 1: /u02/oradata/PRODDB/redo02b.log
2026-10-26T09:15:15.459468-04:00
ARC3 (PID:11143): Archived Log entry 89979 added for B-1180943236.T-1.S-46204 ID 0x8a4d5c1e LAD:1
2026-10-26T09:37:40.019612-04:00
Thread 1 advanced to log sequence 46206 (LGWR switch),  current SCN: 16404553222
  Current log# 3 seq# 46206 mem# 0: /u02/oradata/PRODDB/redo03a.log
  Current log# 3 seq# 46206 mem# 1: /u02/oradata/PRODDB/redo03b.log
2026-10-26T09:38:14.888025-04:00
ARC1 (PID:11122): Archived Log entry 89980 added for B-1180943236.T-1.S-46205 ID 0x8a4d5c1e LAD:1
2026-10-26T09:55:57.502595-04:00
Thread 1 advanced to log sequence 46207 (LGWR switch),  current SCN: 16407517312
  Current log# 4 seq# 46207 mem# 0: /u02/oradata/PRODDB/redo04a.log
  Current log# 4 seq# 46207 mem# 1: /u02/oradata/PRODDB/redo04b.log
2026-10-26T09:56:46.372720-04:00
ARC1 (PID:11122): Archived Log entry 89981 added for B-1180943236.T-1.S-46206 ID 0x8a4d5c1e LAD:1
2026-10-26T10:07:34.145766-04:00
Thread 1 advanced to log sequence 46208 (LGWR switch),  current SCN: 16409397755
  Current log# 1 seq# 46208 mem# 0: /u02/oradata/PRODDB/redo01a.log
  Current log# 1 seq# 46208 mem# 1: /u02/oradata/PRODDB/redo01b.log
2026-10-26T10:08:00.736017-04:00
ARC3 (PID:11143): Archived Log entry 89982 added for B-1180943236.T-1.S-46207 ID 0x8a4d5c1e LAD:1
2026-10-26T10:33:45.803902-04:00
Thread 1 advanced to log sequence 46209 (LGWR switch),  current SCN: 16413642867
  Current log# 2 seq# 46209 mem# 0: /u02/oradata/PRODDB/redo02a.log
  Current log# 2 seq# 46209 mem# 1: /u02/oradata/PRODDB/redo02b.log
2026-10-26T10:34:36.046705-04:00
ARC3 (PID:11143): Archived Log entry 89983 added for B-1180943236.T-1.S-46208 ID 0x8a4d5c1e LAD:1
2026-10-26T10:55:24.087270-04:00
Thread 1 advanced to log sequence 46210 (LGWR switch),  current SCN: 16417146360
  Current log# 3 seq# 46210 mem# 0: /u02/oradata/PRODDB/redo03a.log
  Current log# 3 seq# 46210 mem# 1: /u02/oradata/PRODDB/redo03b.log
2026-10-26T10:56:03.006426-04:00
ARC0 (PID:11131): Archived Log entry 89984 added for B-1180943236.T-1.S-46209 ID 0x8a4d5c1e LAD:1
2026-10-26T11:05:59.981727-04:00
Resize operation completed for file# 5, fname /u02/oradata/PRODDB/apps_ts_tx_data01.dbf, old size 22020096K, new size 22122496K
2026-10-26T11:19:43.785490-04:00
Thread 1 advanced to log sequence 46211 (LGWR switch),  current SCN: 16421087959
  Current log# 4 seq# 46211 mem# 0: /u02/oradata/PRODDB/redo04a.log
  Current log# 4 seq# 46211 mem# 1: /u02/oradata/PRODDB/redo04b.log
2026-10-26T11:20:27.783716-04:00
ARC0 (PID:11131): Archived Log entry 89985 added for B-1180943236.T-1.S-46210 ID 0x8a4d5c1e LAD:1
2026-10-26T11:31:15.729541-04:00
Thread 1 advanced to log sequence 46212 (LGWR switch),  current SCN: 16422956262
  Current log# 1 seq# 46212 mem# 0: /u02/oradata/PRODDB/redo01a.log
  Current log# 1 seq# 46212 mem# 1: /u02/oradata/PRODDB/redo01b.log
2026-10-26T11:31:54.708485-04:00
ARC0 (PID:11131): Archived Log entry 89986 added for B-1180943236.T-1.S-46211 ID 0x8a4d5c1e LAD:1
2026-10-26T11:35:15.948444-04:00
opiodr aborting process unknown ospid (34298) as a result of ORA-609
2026-10-26T11:44:40.649360-04:00
Thread 1 advanced to log sequence 46213 (LGWR switch),  current SCN: 16425128541
  Current log# 2 seq# 46213 mem# 0: /u02/oradata/PRODDB/redo02a.log
  Current log# 2 seq# 46213 mem# 1: /u02/oradata/PRODDB/redo02b.log
2026-10-26T11:44:50.399159-04:00
ARC0 (PID:11131): Archived Log entry 89987 added for B-1180943236.T-1.S-46212 ID 0x8a4d5c1e LAD:1
2026-10-26T12:06:20.578588-04:00

***********************************************************************

Fatal NI connect error 12537, connecting to:
 (LOCAL=NO)

  VERSION INFORMATION:
	TNS for Linux: Version 19.0.0.0.0 - Production
	TCP/IP NT Protocol Adapter for Linux: Version 19.0.0.0.0 - Production
  Version 19.24.0.0.0
  Time: 26-OCT-2026 12:06:20
  Tracing not turned on.
  Tns error struct:
    ns main err code: 12537

TNS-12537: TNS:connection closed
    ns secondary err code: 12560
    nt main err code: 0
    nt secondary err code: 0
    nt OS err code: 0
  Client address: (ADDRESS=(PROTOCOL=tcp)(HOST=10.20.129.127)(PORT=41172))
2026-10-26T12:11:30.805180-04:00
Thread 1 advanced to log sequence 46214 (LGWR switch),  current SCN: 16429478447
  Current log# 3 seq# 46214 mem# 0: /u02/oradata/PRODDB/redo03a.log
  Current log# 3 seq# 46214 mem# 1: /u02/oradata/PRODDB/redo03b.log
2026-10-26T12:11:47.042486-04:00
ARC2 (PID:11111): Archived Log entry 89988 added for B-1180943236.T-1.S-46213 ID 0x8a4d5c1e LAD:1
2026-10-26T12:36:27.458785-04:00
Thread 1 advanced to log sequence 46215 (LGWR switch),  current SCN: 16433517824
  Current log# 4 seq# 46215 mem# 0: /u02/oradata/PRODDB/redo04a.log
  Current log# 4 seq# 46215 mem# 1: /u02/oradata/PRODDB/redo04b.log
2026-10-26T12:36:35.697198-04:00
ARC3 (PID:11143): Archived Log entry 89989 added for B-1180943236.T-1.S-46214 ID 0x8a4d5c1e LAD:1
2026-10-26T12:56:03.695955-04:00
Thread 1 advanced to log sequence 46216 (LGWR switch),  current SCN: 16436693638
  Current log# 1 seq# 46216 mem# 0: /u02/oradata/PRODDB/redo01a.log
  Current log# 1 seq# 46216 mem# 1: /u02/oradata/PRODDB/redo01b.log
2026-10-26T12:56:37.982301-04:00
ARC0 (PID:11131): Archived Log entry 89990 added for B-1180943236.T-1.S-46215 ID 0x8a4d5c1e LAD:1
2026-10-26T13:22:51.824418-04:00
Thread 1 advanced to log sequence 46217 (LGWR switch),  current SCN: 16441036741
  Current log# 2 seq# 46217 mem# 0: /u02/oradata/PRODDB/redo02a.log
  Current log# 2 seq# 46217 mem# 1: /u02/oradata/PRODDB/redo02b.log
2026-10-26T13:22:56.536548-04:00
ARC3 (PID:11143): Archived Log entry 89991 added for B-1180943236.T-1.S-46216 ID 0x8a4d5c1e LAD:1
2026-10-26T13:42:21.864485-04:00
Thread 1 advanced to log sequence 46218 (LGWR switch),  current SCN: 16444196103
  Current log# 3 seq# 46218 mem# 0: /u02/oradata/PRODDB/redo03a.log
  Current log# 3 seq# 46218 mem# 1: /u02/oradata/PRODDB/redo03b.log
2026-10-26T13:42:31.337135-04:00
ARC0 (PID:11131): Archived Log entry 89992 added for B-1180943236.T-1.S-46217 ID 0x8a4d5c1e LAD:1
2026-10-26T13:55:23.645479-04:00
Thread 1 advanced to log sequence 46219 (LGWR switch),  current SCN: 16446306446
  Current log# 4 seq# 46219 mem# 0: /u02/oradata/PRODDB/redo04a.log
  Current log# 4 seq# 46219 mem# 1: /u02/oradata/PRODDB/redo04b.log
2026-10-26T13:55:35.699208-04:00
ARC0 (PID:11131): Archived Log entry 89993 added for B-1180943236.T-1.S-46218 ID 0x8a4d5c1e LAD:1
2026-10-26T14:22:31.777192-04:00
Thread 1 advanced to log sequence 46220 (LGWR switch),  current SCN: 16450702958
  Current log# 1 seq# 46220 mem# 0: /u02/oradata/PRODDB/redo01a.log
  Current log# 1 seq# 46220 mem# 1: /u02/oradata/PRODDB/redo01b.log
2026-10-26T14:22:45.743908-04:00
ARC2 (PID:11111): Archived Log entry 89994 added for B-1180943236.T-1.S-46219 ID 0x8a4d5c1e LAD:1
2026-10-26T14:45:22.183630-04:00
Thread 1 advanced to log sequence 46221 (LGWR switch),  current SCN: 16454402943
  Current log# 2 seq# 46221 mem# 0: /u02/oradata/PRODDB/redo02a.log
  Current log# 2 seq# 46221 mem# 1: /u02/oradata/PRODDB/redo02b.log
2026-10-26T14:45:34.512966-04:00
ARC2 (PID:11111): Archived Log entry 89995 added for B-1180943236.T-1.S-46220 ID 0x8a4d5c1e LAD:1
2026-10-26T15:11:27.519308-04:00
Thread 1 advanced to log sequence 46222 (LGWR switch),  current SCN: 16458626963
  Current log# 3 seq# 46222 mem# 0: /u02/oradata/PRODDB/redo03a.log
  Current log# 3 seq# 46222 mem# 1: /u02/oradata/PRODDB/redo03b.log
2026-10-26T15:11:32.744391-04:00
ARC0 (PID:11131): Archived Log entry 89996 added for B-1180943236.T-1.S-46221 ID 0x8a4d5c1e LAD:1
2026-10-26T15:25:45.572772-04:00
Thread 1 advanced to log sequence 46223 (LGWR switch),  current SCN: 16460945703
  Current log# 4 seq# 46223 mem# 0: /u02/oradata/PRODDB/redo04a.log
  Current log# 4 seq# 46223 mem# 1: /u02/oradata/PRODDB/redo04b.log
2026-10-26T15:26:21.113732-04:00
ARC3 (PID:11143): Archived Log entry 89997 added for B-1180943236.T-1.S-46222 ID 0x8a4d5c1e LAD:1
2026-10-26T15:44:50.382114-04:00
Thread 1 advanced to log sequence 46224 (LGWR switch),  current SCN: 16464036596
  Current log# 1 seq# 46224 mem# 0: /u02/oradata/PRODDB/redo01a.log
  Current log# 1 seq# 46224 mem# 1: /u02/oradata/PRODDB/redo01b.log
2026-10-26T15:45:13.587148-04:00
ARC0 (PID:11131): Archived Log entry 89998 added for B-1180943236.T-1.S-46223 ID 0x8a4d5c1e LAD:1
2026-10-26T16:04:47.500828-04:00
Thread 1 advanced to log sequence 46225 (LGWR switch),  current SCN: 16467269497
  Current log# 2 seq# 46225 mem# 0: /u02/oradata/PRODDB/redo02a.log
  Current log# 2 seq# 46225 mem# 1: /u02/oradata/PRODDB/redo02b.log
2026-10-26T16:05:30.715612-04:00
ARC3 (PID:11143): Archived Log entry 89999 added for B-1180943236.T-1.S-46224 ID 0x8a4d5c1e LAD:1
2026-10-26T16:19:35.743647-04:00
Resize operation completed for file# 5, fname /u02/oradata/PRODDB/apps_ts_tx_data01.dbf, old size 25165824K, new size 25268224K
2026-10-26T16:28:27.596746-04:00

***********************************************************************

Fatal NI connect error 12537, connecting to:
 (LOCAL=NO)

  VERSION INFORMATION:
	TNS for Linux: Version 19.0.0.0.0 - Production
	TCP/IP NT Protocol Adapter for Linux: Version 19.0.0.0.0 - Production
  Version 19.24.0.0.0
  Time: 26-OCT-2026 16:28:27
  Tracing not turned on.
  Tns error struct:
    ns main err code: 12537

TNS-12537: TNS:connection closed
    ns secondary err code: 12560
    nt main err code: 0
    nt secondary err code: 0
    nt OS err code: 0
  Client address: (ADDRESS=(PROTOCOL=tcp)(HOST=10.20.29.223)(PORT=48176))
2026-10-26T16:30:34.919070-04:00
Thread 1 cannot allocate new log, sequence 46226
Checkpoint not complete
  Current log# 2 seq# 46225 mem# 0: /u02/oradata/PRODDB/redo02a.log
2026-10-26T16:31:15.012314-04:00
Thread 1 advanced to log sequence 46226 (LGWR switch),  current SCN: 16471553948
  Current log# 3 seq# 46226 mem# 0: /u02/oradata/PRODDB/redo03a.log
  Current log# 3 seq# 46226 mem# 1: /u02/oradata/PRODDB/redo03b.log
2026-10-26T16:31:33.104464-04:00
ARC0 (PID:11131): Archived Log entry 90000 added for B-1180943236.T-1.S-46225 ID 0x8a4d5c1e LAD:1
2026-10-26T16:51:13.707879-04:00
Thread 1 advanced to log sequence 46227 (LGWR switch),  current SCN: 16474791475
  Current log# 4 seq# 46227 mem# 0: /u02/oradata/PRODDB/redo04a.log
  Current log# 4 seq# 46227 mem# 1: /u02/oradata/PRODDB/redo04b.log
2026-10-26T16:51:44.476454-04:00
ARC3 (PID:11143): Archived Log entry 90001 added for B-1180943236.T-1.S-46226 ID 0x8a4d5c1e LAD:1
2026-10-26T17:16:28.189461-04:00
Thread 1 advanced to log sequence 46228 (LGWR switch),  current SCN: 16478879222
  Current log# 1 seq# 46228 mem# 0: /u02/oradata/PRODDB/redo01a.log
  Current log# 1 seq# 46228 mem# 1: /u02/oradata/PRODDB/redo01b.log
2026-10-26T17:16:53.935243-04:00
ARC1 (PID:11122): Archived Log entry 90002 added for B-1180943236.T-1.S-46227 ID 0x8a4d5c1e LAD:1
2026-10-26T17:44:12.065610-04:00
Thread 1 advanced to log sequence 46229 (LGWR switch),  current SCN: 16483372382
  Current log# 2 seq# 46229 mem# 0: /u02/oradata/PRODDB/redo02a.log
  Current log# 2 seq# 46229 mem# 1: /u02/oradata/PRODDB/redo02b.log
2026-10-26T17:44:49.975649-04:00
ARC3 (PID:11143): Archived Log entry 90003 added for B-1180943236.T-1.S-46228 ID 0x8a4d5c1e LAD:1
2026-10-26T17:54:57.507069-04:00
Thread 1 advanced to log sequence 46230 (LGWR switch),  current SCN: 16485114248
  Current log# 3 seq# 46230 mem# 0: /u02/oradata/PRODDB/redo03a.log
  Current log# 3 seq# 46230 mem# 1: /u02/oradata/PRODDB/redo03b.log
2026-10-26T17:55:40.812922-04:00
ARC2 (PID:11111): Archived Log entry 90004 added for B-1180943236.T-1.S-46229 ID 0x8a4d5c1e LAD:1
2026-10-26T18:04:57.729384-04:00
Thread 1 advanced to log sequence 46231 (LGWR switch),  current SCN: 16486735831
  Current log# 4 seq# 46231 mem# 0: /u02/oradata/PRODDB/redo04a.log
  Current log# 4 seq# 46231 mem# 1: /u02/oradata/PRODDB/redo04b.log
2026-10-26T18:05:38.486852-04:00
ARC2 (PID:11111): Archived Log entry 90005 added for B-1180943236.T-1.S-46230 ID 0x8a4d5c1e LAD:1
2026-10-26T18:30:04.239003-04:00
Thread 1 advanced to log sequence 46232 (LGWR switch),  current SCN: 16490803777
  Current log# 1 seq# 46232 mem# 0: /u02/oradata/PRODDB/redo01a.log
  Current log# 1 seq# 46232 mem# 1: /u02/oradata/PRODDB/redo01b.log
2026-10-26T18:30:44.752036-04:00
ARC1 (PID:11122): Archived Log entry 90006 added for B-1180943236.T-1.S-46231 ID 0x8a4d5c1e LAD:1
2026-10-26T18:49:15.800299-04:00
Thread 1 advanced to log sequence 46233 (LGWR switch),  current SCN: 16493911895
  Current log# 2 seq# 46233 mem# 0: /u02/oradata/PRODDB/redo02a.log
  Current log# 2 seq# 46233 mem# 1: /u02/oradata/PRODDB/redo02b.log
2026-10-26T18:49:37.119283-04:00
ARC0 (PID:11131): Archived Log entry 90007 added for B-1180943236.T-1.S-46232 ID 0x8a4d5c1e LAD:1
2026-10-26T19:06:22.083453-04:00
Thread 1 advanced to log sequence 46234 (LGWR switch),  current SCN: 16496684604
  Current log# 3 seq# 46234 mem# 0: /u02/oradata/PRODDB/redo03a.log
  Current log# 3 seq# 46234 mem# 1: /u02/oradata/PRODDB/redo03b.log
2026-10-26T19:07:11.538013-04:00
ARC1 (PID:11122): Archived Log entry 90008 added for B-1180943236.T-1.S-46233 ID 0x8a4d5c1e LAD:1
2026-10-26T19:30:00.294394-04:00
opiodr aborting process unknown ospid (4411) as a result of ORA-609
2026-10-26T20:41:18.631956-04:00
Thread 1 advanced to log sequence 46235 (LGWR switch),  current SCN: 16512063146
  Current log# 4 seq# 46235 mem# 0: /u02/oradata/PRODDB/redo04a.log
  Current log# 4 seq# 46235 mem# 1: /u02/oradata/PRODDB/redo04b.log
2026-10-26T20:41:34.351112-04:00
ARC3 (PID:11143): Archived Log entry 90009 added for B-1180943236.T-1.S-46234 ID 0x8a4d5c1e LAD:1
2026-10-26T21:46:35.904930-04:00
Thread 1 advanced to log sequence 46236 (LGWR switch),  current SCN: 16522639999
  Current log# 1 seq# 46236 mem# 0: /u02/oradata/PRODDB/redo01a.log
  Current log# 1 seq# 46236 mem# 1: /u02/oradata/PRODDB/redo01b.log
2026-10-26T21:47:22.055245-04:00
ARC2 (PID:11111): Archived Log entry 90010 added for B-1180943236.T-1.S-46235 ID 0x8a4d5c1e LAD:1
2026-10-26T22:00:00.638359-04:00
Setting Resource Manager plan SCHEDULER[0x4D52]:DEFAULT_MAINTENANCE_PLAN via scheduler window
Setting Resource Manager plan DEFAULT_MAINTENANCE_PLAN via parameter
2026-10-26T22:42:08.824892-04:00
Thread 1 advanced to log sequence 46237 (LGWR switch),  current SCN: 16531640414
  Current log# 2 seq# 46237 mem# 0: /u02/oradata/PRODDB/redo02a.log
  Current log# 2 seq# 46237 mem# 1: /u02/oradata/PRODDB/redo02b.log
2026-10-26T22:42:28.808710-04:00
ARC3 (PID:11143): Archived Log entry 90011 added for B-1180943236.T-1.S-46236 ID 0x8a4d5c1e LAD:1
2026-10-26T23:56:53.085398-04:00
Thread 1 advanced to log sequence 46238 (LGWR switch),  current SCN: 16543747746
  Current log# 3 seq# 46238 mem# 0: /u02/oradata/PRODDB/redo03a.log
  Current log# 3 seq# 46238 mem# 1: /u02/oradata/PRODDB/redo03b.log
2026-10-26T23:57:09.230270-04:00
ARC2 (PID:11111): Archived Log entry 90012 added for B-1180943236.T-1.S-46237 ID 0x8a4d5c1e LAD:1
2026-10-27T00:00:36.230189-04:00
TABLE SYS.WRI$_OPTSTAT_HISTHEAD_HISTORY: ADDED INTERVAL PARTITION SYS_P1599 (43394) VALUES LESS THAN (TO_DATE(' 2026-10-28 00:00:00', 'SYYYY-MM-DD HH24:MI:SS', 'NLS_CALENDAR=GREGORIAN'))
2026-10-27T00:19:42.601010-04:00
Thread 1 advanced to log sequence 46239 (LGWR switch),  current SCN: 16547445078
  Current log# 4 seq# 46239 mem# 0: /u02/oradata/PRODDB/redo04a.log
  Current log# 4 seq# 46239 mem# 1: /u02/oradata/PRODDB/redo04b.log
2026-10-27T00:19:45.541238-04:00
ARC2 (PID:11111): Archived Log entry 90013 added for B-1180943236.T-1.S-46238 ID 0x8a4d5c1e LAD:1
2026-10-27T00:35:58.821169-04:00
ORA-01555 caused by SQL statement below (SQL ID: 2cpcphmjc8h0m, Query Duration=5517 sec, SCN: 0x00000003da762db7):
SELECT H.HEADER_ID, L.LINE_ID, L.ORDERED_QUANTITY FROM ONT.OE_ORDER_HEADERS_ALL H, ONT.OE_ORDER_LINES_ALL L WHERE H.HEADER_ID = L.HEADER_ID AND H.CREATION_DATE > :B1
2026-10-27T01:06:22.805429-04:00
Thread 1 advanced to log sequence 46240 (LGWR switch),  current SCN: 16555006670
  Current log# 1 seq# 46240 mem# 0: /u02/oradata/PRODDB/redo01a.log
  Current log# 1 seq# 46240 mem# 1: /u02/oradata/PRODDB/redo01b.log
2026-10-27T01:07:12.956235-04:00
ARC0 (PID:11131): Archived Log entry 90014 added for B-1180943236.T-1.S-46239 ID 0x8a4d5c1e LAD:1
2026-10-27T01:46:06.905097-04:00
Starting control autobackup
Control autobackup written to DISK device

handle '/u03/fra/PRODDB/autobackup/2026_10_27/o1_mf_s_1485417273_.bkp'
2026-10-27T02:00:00.245770-04:00
Closing scheduler window
Restoring Resource Manager plan DEFAULT_PLAN via scheduler window
Setting Resource Manager plan DEFAULT_PLAN via parameter
2026-10-27T02:40:04.308254-04:00
Thread 1 advanced to log sequence 46241 (LGWR switch),  current SCN: 16570183759
  Current log# 2 seq# 46241 mem# 0: /u02/oradata/PRODDB/redo02a.log
  Current log# 2 seq# 46241 mem# 1: /u02/oradata/PRODDB/redo02b.log
2026-10-27T02:40:22.070287-04:00
ARC0 (PID:11131): Archived Log entry 90015 added for B-1180943236.T-1.S-46240 ID 0x8a4d5c1e LAD:1
2026-10-27T03:24:56.323421-04:00
Thread 1 advanced to log sequence 46242 (LGWR switch),  current SCN: 16577452520
  Current log# 3 seq# 46242 mem# 0: /u02/oradata/PRODDB/redo03a.log
  Current log# 3 seq# 46242 mem# 1: /u02/oradata/PRODDB/redo03b.log
2026-10-27T03:25:39.653187-04:00
ARC0 (PID:11131): Archived Log entry 90016 added for B-1180943236.T-1.S-46241 ID 0x8a4d5c1e LAD:1
2026-10-27T04:05:44.714750-04:00
Thread 1 advanced to log sequence 46243 (LGWR switch),  current SCN: 16584062697
  Current log# 4 seq# 46243 mem# 0: /u02/oradata/PRODDB/redo04a.log
  Current log# 4 seq# 46243 mem# 1: /u02/oradata/PRODDB/redo04b.log
2026-10-27T04:05:48.832782-04:00
ARC3 (PID:11143): Archived Log entry 90017 added for B-1180943236.T-1.S-46242 ID 0x8a4d5c1e LAD:1
2026-10-27T05:28:35.187210-04:00
Thread 1 advanced to log sequence 46244 (LGWR switch),  current SCN: 16597481685
  Current log# 1 seq# 46244 mem# 0: /u02/oradata/PRODDB/redo01a.log
  Current log# 1 seq# 46244 mem# 1: /u02/oradata/PRODDB/redo01b.log
2026-10-27T05:28:53.465887-04:00
ARC2 (PID:11111): Archived Log entry 90018 added for B-1180943236.T-1.S-46243 ID 0x8a4d5c1e LAD:1
2026-10-27T05:46:56.328282-04:00
ORA-01555 caused by SQL statement below (SQL ID: t0y9tffdyfxxp, Query Duration=13874 sec, SCN: 0x00000003dd76dd4f):
SELECT /*+ PARALLEL(8) */ CODE_COMBINATION_ID, SUM(ACCOUNTED_DR) FROM GL.GL_JE_LINES WHERE PERIOD_NAME = :B1 GROUP BY CODE_COMBINATION_ID
2026-10-27T06:06:22.088876-04:00
Resize operation completed for file# 7, fname /u02/oradata/PRODDB/users01.dbf, old size 26214400K, new size 26316800K
2026-10-27T06:10:02.683017-04:00
Thread 1 advanced to log sequence 46245 (LGWR switch),  current SCN: 16604199896
  Current log# 2 seq# 46245 mem# 0: /u02/oradata/PRODDB/redo02a.log
  Current log# 2 seq# 46245 mem# 1: /u02/oradata/PRODDB/redo02b.log
2026-10-27T06:10:09.294625-04:00
ARC2 (PID:11111): Archived Log entry 90019 added for B-1180943236.T-1.S-46244 ID 0x8a4d5c1e LAD:1
2026-10-27T07:04:41.544022-04:00
Resize operation completed for file# 7, fname /u02/oradata/PRODDB/users01.dbf, old size 22020096K, new size 22122496K
2026-10-27T07:05:04.184203-04:00
Thread 1 advanced to log sequence 46246 (LGWR switch),  current SCN: 16613112376
  Current log# 3 seq# 46246 mem# 0: /u02/oradata/PRODDB/redo03a.log
  Current log# 3 seq# 46246 mem# 1: /u02/oradata/PRODDB/redo03b.log
2026-10-27T07:05:11.164950-04:00
ARC1 (PID:11122): Archived Log entry 90020 added for B-1180943236.T-1.S-46245 ID 0x8a4d5c1e LAD:1
2026-10-27T08:16:03.324775-04:00
Thread 1 advanced to log sequence 46247 (LGWR switch),  current SCN: 16624614033
  Current log# 4 seq# 46247 mem# 0: /u02/oradata/PRODDB/redo04a.log
  Current log# 4 seq# 46247 mem# 1: /u02/oradata/PRODDB/redo04b.log
2026-10-27T08:16:43.355346-04:00
ARC3 (PID:11143): Archived Log entry 90021 added for B-1180943236.T-1.S-46246 ID 0x8a4d5c1e LAD:1
2026-10-27T08:27:35.636895-04:00
Thread 1 advanced to log sequence 46248 (LGWR switch),  current SCN: 16626483452
  Current log# 1 seq# 46248 mem# 0: /u02/oradata/PRODDB/redo01a.log
  Current log# 1 seq# 46248 mem# 1: /u02/oradata/PRODDB/redo01b.log
2026-10-27T08:27:59.535252-04:00
ARC3 (PID:11143): Archived Log entry 90022 added for B-1180943236.T-1.S-46247 ID 0x8a4d5c1e LAD:1
2026-10-27T08:41:29.473066-04:00
opiodr aborting process unknown ospid (29925) as a result of ORA-609
2026-10-27T08:52:51.243178-04:00
Thread 1 advanced to log sequence 46249 (LGWR switch),  current SCN: 16630575322
  Current log# 2 seq# 46249 mem# 0: /u02/oradata/PRODDB/redo02a.log
  Current log# 2 seq# 46249 mem# 1: /u02/oradata/PRODDB/redo02b.log
2026-10-27T08:53:22.166898-04:00
ARC0 (PID:11131): Archived Log entry 90023 added for B-1180943236.T-1.S-46248 ID 0x8a4d5c1e LAD:1
2026-10-27T09:08:16.767194-04:00
Thread 1 advanced to log sequence 46250 (LGWR switch),  current SCN: 16633074412
  Current log# 3 seq# 46250 mem# 0: /u02/oradata/PRODDB/redo03a.log
  Current log# 3 seq# 46250 mem# 1: /u02/oradata/PRODDB/redo03b.log
2026-10-27T09:09:02.756708-04:00
ARC0 (PID:11131): Archived Log entry 90024 added for B-1180943236.T-1.S-46249 ID 0x8a4d5c1e LAD:1
2026-10-27T09:28:21.096889-04:00
Thread 1 advanced to log sequence 46251 (LGWR switch),  current SCN: 16636325208
  Current log# 4 seq# 46251 mem# 0: /u02/oradata/PRODDB/redo04a.log
  Current log# 4 seq# 46251 mem# 1: /u02/oradata/PRODDB/redo04b.log
2026-10-27T09:28:30.344192-04:00
ARC3 (PID:11143): Archived Log entry 90025 added for B-1180943236.T-1.S-46250 ID 0x8a4d5c1e LAD:1
2026-10-27T09:51:53.446030-04:00
Thread 1 advanced to log sequence 46252 (LGWR switch),  current SCN: 16640137933
  Current log# 1 seq# 46252 mem# 0: /u02/oradata/PRODDB/redo01a.log
  Current log# 1 seq# 46252 mem# 1: /u02/oradata/PRODDB/redo01b.log
2026-10-27T09:52:25.219899-04:00
ARC0 (PID:11131): Archived Log entry 90026 added for B-1180943236.T-1.S-46251 ID 0x8a4d5c1e LAD:1
2026-10-27T10:10:14.813489-04:00
Thread 1 advanced to log sequence 46253 (LGWR switch),  current SCN: 16643111567
  Current log# 2 seq# 46253 mem# 0: /u02/oradata/PRODDB/redo02a.log
  Current log# 2 seq# 46253 mem# 1: /u02/oradata/PRODDB/redo02b.log
2026-10-27T10:10:38.845691-04:00
ARC0 (PID:11131): Archived Log entry 90027 added for B-1180943236.T-1.S-46252 ID 0x8a4d5c1e LAD:1
2026-10-27T10:37:07.230924-04:00
Thread 1 advanced to log sequence 46254 (LGWR switch),  current SCN: 16647465564
  Current log# 3 seq# 46254 mem# 0: /u02/oradata/PRODDB/redo03a.log
  Current log# 3 seq# 46254 mem# 1: /u02/oradata/PRODDB/redo03b.log
2026-10-27T10:37:46.956622-04:00
ARC2 (PID:11111): Archived Log entry 90028 added for B-1180943236.T-1.S-46253 ID 0x8a4d5c1e LAD:1
2026-10-27T10:48:55.023594-04:00
Thread 1 cannot allocate new log, sequence 46255
Checkpoint not complete
  Current log# 3 seq# 46254 mem# 0: /u02/oradata/PRODDB/redo03a.log
2026-10-27T10:49:04.229671-04:00
Thread 1 advanced to log sequence 46255 (LGWR switch),  current SCN: 16649400512
  Current log# 4 seq# 46255 mem# 0: /u02/oradata/PRODDB/redo04a.log
  Current log# 4 seq# 46255 mem# 1: /u02/oradata/PRODDB/redo04b.log
2026-10-27T10:49:42.534009-04:00
ARC1 (PID:11122): Archived Log entry 90029 added for B-1180943236.T-1.S-46254 ID 0x8a4d5c1e LAD:1
2026-10-27T11:10:32.196200-04:00
Thread 1 advanced to log sequence 46256 (LGWR switch),  current SCN: 16652879064
  Current log# 1 seq# 46256 mem# 0: /u02/oradata/PRODDB/redo01a.log
  Current log# 1 seq# 46256 mem# 1: /u02/oradata/PRODDB/redo01b.log
2026-10-27T11:11:21.405752-04:00
ARC3 (PID:11143): Archived Log entry 90030 added for B-1180943236.T-1.S-46255 ID 0x8a4d5c1e LAD:1
2026-10-27T11:21:26.823507-04:00
Errors in file /u01/app/oracle/diag/rdbms/proddb/PRODDB/trace/PRODDB_ora_39196.trc:
ORA-00060: Deadlock detected. See Note 60.1 at My Oracle Support for Troubleshooting ORA-60 Errors. More info in file /u01/app/oracle/diag/rdbms/proddb/PRODDB/trace/PRODDB_ora_39196.trc.
2026-10-27T11:28:32.784743-04:00
Thread 1 advanced to log sequence 46257 (LGWR switch),  current SCN: 16655795589
  Current log# 2 seq# 46257 mem# 0: /u02/oradata/PRODDB/redo02a.log
  Current log# 2 seq# 46257 mem# 1: /u02/oradata/PRODDB/redo02b.log
2026-10-27T11:28:38.082884-04:00
ARC0 (PID:11131): Archived Log entry 90031 added for B-1180943236.T-1.S-46256 ID 0x8a4d5c1e LAD:1
2026-10-27T11:44:09.232571-04:00
Thread 1 advanced to log sequence 46258 (LGWR switch),  current SCN: 16658324409
  Current log# 3 seq# 46258 mem# 0: /u02/oradata/PRODDB/redo03a.log
  Current log# 3 seq# 46258 mem# 1: /u02/oradata/PRODDB/redo03b.log
2026-10-27T11:44:31.161227-04:00
ARC2 (PID:11111): Archived Log entry 90032 added for B-1180943236.T-1.S-46257 ID 0x8a4d5c1e LAD:1
2026-10-27T12:10:04.743441-04:00
Thread 1 advanced to log sequence 46259 (LGWR switch),  current SCN: 16662525716
  Current log# 4 seq# 46259 mem# 0: /u02/oradata/PRODDB/redo04a.log
  Current log# 4 seq# 46259 mem# 1: /u02/oradata/PRODDB/redo04b.log
2026-10-27T12:10:27.221508-04:00
ARC3 (PID:11143): Archived Log entry 90033 added for B-1180943236.T-1.S-46258 ID 0x8a4d5c1e LAD:1
2026-10-27T12:26:14.929687-04:00
Thread 1 advanced to log sequence 46260 (LGWR switch),  current SCN: 16665145614
  Current log# 1 seq# 46260 mem# 0: /u02/oradata/PRODDB/redo01a.log
  Current log# 1 seq# 46260 mem# 1: /u02/oradata/PRODDB/redo01b.log
2026-10-27T12:26:21.170131-04:00
ARC1 (PID:11122): Archived Log entry 90034 added for B-1180943236.T-1.S-46259 ID 0x8a4d5c1e LAD:1
2026-10-27T12:45:23.498124-04:00
Thread 1 advanced to log sequence 46261 (LGWR switch),  current SCN: 16668244340
  Current log# 2 seq# 46261 mem# 0: /u02/oradata/PRODDB/redo02a.log
  Current log# 2 seq# 46261 mem# 1: /u02/oradata/PRODDB/redo02b.log
2026-10-27T12:45:52.958227-04:00
ARC0 (PID:11131): Archived Log entry 90035 added for B-1180943236.T-1.S-46260 ID 0x8a4d5c1e LAD:1
2026-10-27T12:58:54.590041-04:00
Thread 1 advanced to log sequence 46262 (LGWR switch),  current SCN: 16670434148
  Current log# 3 seq# 46262 mem# 0: /u02/oradata/PRODDB/redo03a.log
  Current log# 3 seq# 46262 mem# 1: /u02/oradata/PRODDB/redo03b.log
2026-10-27T12:59:00.995553-04:00
ARC1 (PID:11122): Archived Log entry 90036 added for B-1180943236.T-1.S-46261 ID 0x8a4d5c1e LAD:1
2026-10-27T13:12:18.866875-04:00
Thread 1 advanced to log sequence 46263 (LGWR switch),  current SCN: 16672606308
  Current log# 4 seq# 46263 mem# 0: /u02/oradata/PRODDB/redo04a.log
  Current log# 4 seq# 46263 mem# 1: /u02/oradata/PRODDB/redo04b.log
2026-10-27T13:12:59.867476-04:00
ARC3 (PID:11143): Archived Log entry 90037 added for B-1180943236.T-1.S-46262 ID 0x8a4d5c1e LAD:1
2026-10-27T13:20:41.286281-04:00

***********************************************************************

Fatal NI connect error 12537, connecting to:
 (LOCAL=NO)

  VERSION INFORMATION:
	TNS for Linux: Version 19.0.0.0.0 - Production
	TCP/IP NT Protocol Adapter for Linux: Version 19.0.0.0.0 - Production
  Version 19.24.0.0.0
  Time: 27-OCT-2026 13:20:41
  Tracing not turned on.
  Tns error struct:
    ns main err code: 12537

TNS-12537: TNS:connection closed
    ns secondary err code: 12560
    nt main err code: 0
    nt secondary err code: 0
    nt OS err code: 0
  Client address: (ADDRESS=(PROTOCOL=tcp)(HOST=10.20.206.128)(PORT=50776))
2026-10-27T13:28:16.130462-04:00
Thread 1 advanced to log sequence 46264 (LGWR switch),  current SCN: 16675191928
  Current log# 1 seq# 46264 mem# 0: /u02/oradata/PRODDB/redo01a.log
  Current log# 1 seq# 46264 mem# 1: /u02/oradata/PRODDB/redo01b.log
2026-10-27T13:28:45.123079-04:00
ARC2 (PID:11111): Archived Log entry 90038 added for B-1180943236.T-1.S-46263 ID 0x8a4d5c1e LAD:1
2026-10-27T13:41:11.868410-04:00
Thread 1 advanced to log sequence 46265 (LGWR switch),  current SCN: 16677285137
  Current log# 2 seq# 46265 mem# 0: /u02/oradata/PRODDB/redo02a.log
  Current log# 2 seq# 46265 mem# 1: /u02/oradata/PRODDB/redo02b.log
2026-10-27T13:41:45.270946-04:00
ARC0 (PID:11131): Archived Log entry 90039 added for B-1180943236.T-1.S-46264 ID 0x8a4d5c1e LAD:1
2026-10-27T14:07:45.317657-04:00
Thread 1 advanced to log sequence 46266 (LGWR switch),  current SCN: 16681587722
  Current log# 3 seq# 46266 mem# 0: /u02/oradata/PRODDB/redo03a.log
  Current log# 3 seq# 46266 mem# 1: /u02/oradata/PRODDB/redo03b.log
2026-10-27T14:08:17.244990-04:00
ARC1 (PID:11122): Archived Log entry 90040 added for B-1180943236.T-1.S-46265 ID 0x8a4d5c1e LAD:1
2026-10-27T14:21:35.586022-04:00
Thread 1 advanced to log sequence 46267 (LGWR switch),  current SCN: 16683829233
  Current log# 4 seq# 46267 mem# 0: /u02/oradata/PRODDB/redo04a.log
  Current log# 4 seq# 46267 mem# 1: /u02/oradata/PRODDB/redo04b.log
2026-10-27T14:22:25.174523-04:00
ARC2 (PID:11111): Archived Log entry 90041 added for B-1180943236.T-1.S-46266 ID 0x8a4d5c1e LAD:1
2026-10-27T14:35:16.529072-04:00
Thread 1 advanced to log sequence 46268 (LGWR switch),  current SCN: 16686047936
  Current log# 1 seq# 46268 mem# 0: /u02/oradata/PRODDB/redo01a.log
  Current log# 1 seq# 46268 mem# 1: /u02/oradata/PRODDB/redo01b.log
2026-10-27T14:35:19.599332-04:00
ARC2 (PID:11111): Archived Log entry 90042 added for B-1180943236.T-1.S-46267 ID 0x8a4d5c1e LAD:1
2026-10-27T14:51:43.188937-04:00
Thread 1 advanced to log sequence 46269 (LGWR switch),  current SCN: 16688711533
  Current log# 2 seq# 46269 mem# 0: /u02/oradata/PRODDB/redo02a.log
  Current log# 2 seq# 46269 mem# 1: /u02/oradata/PRODDB/redo02b.log
2026-10-27T14:52:14.243464-04:00
ARC2 (PID:11111): Archived Log entry 90043 added for B-1180943236.T-1.S-46268 ID 0x8a4d5c1e LAD:1
2026-10-27T15:13:05.258354-04:00
Thread 1 advanced to log sequence 46270 (LGWR switch),  current SCN: 16692172505
  Current log# 3 seq# 46270 mem# 0: /u02/oradata/PRODDB/redo03a.log
  Current log# 3 seq# 46270 mem# 1: /u02/oradata/PRODDB/redo03b.log
2026-10-27T15:13:09.089757-04:00
ARC0 (PID:11131): Archived Log entry 90044 added for B-1180943236.T-1.S-46269 ID 0x8a4d5c1e LAD:1
2026-10-27T15:26:39.460346-04:00
Thread 1 advanced to log sequence 46271 (LGWR switch),  current SCN: 16694369363
  Current log# 4 seq# 46271 mem# 0: /u02/oradata/PRODDB/redo04a.log
  Current log# 4 seq# 46271 mem# 1: /u02/oradata/PRODDB/redo04b.log
2026-10-27T15:27:27.714706-04:00
ARC2 (PID:11111): Archived Log entry 90045 added for B-1180943236.T-1.S-46270 ID 0x8a4d5c1e LAD:1
2026-10-27T15:42:45.722062-04:00
Thread 1 advanced to log sequence 46272 (LGWR switch),  current SCN: 16696980271
  Current log# 1 seq# 46272 mem# 0: /u02/oradata/PRODDB/redo01a.log
  Current log# 1 seq# 46272 mem# 1: /u02/oradata/PRODDB/redo01b.log
2026-10-27T15:42:49.719478-04:00
ARC1 (PID:11122): Archived Log entry 90046 added for B-1180943236.T-1.S-46271 ID 0x8a4d5c1e LAD:1
2026-10-27T16:07:55.868795-04:00
Thread 1 advanced to log sequence 46273 (LGWR switch),  current SCN: 16701058113
  Current log# 2 seq# 46273 mem# 0: /u02/oradata/PRODDB/redo02a.log
  Current log# 2 seq# 46273 mem# 1: /u02/oradata/PRODDB/redo02b.log
2026-10-27T16:08:23.533462-04:00
ARC1 (PID:11122): Archived Log entry 90047 added for B-1180943236.T-1.S-46272 ID 0x8a4d5c1e LAD:1
2026-10-27T16:32:07.235575-04:00
Thread 1 advanced to log sequence 46274 (LGWR switch),  current SCN: 16704974212
  Current log# 3 seq# 46274 mem# 0: /u02/oradata/PRODDB/redo03a.log
  Current log# 3 seq# 46274 mem# 1: /u02/oradata/PRODDB/redo03b.log
2026-10-27T16:32:28.732353-04:00
ARC1 (PID:11122): Archived Log entry 90048 added for B-1180943236.T-1.S-46273 ID 0x8a4d5c1e LAD:1
2026-10-27T16:46:26.308930-04:00
Thread 1 advanced to log sequence 46275 (LGWR switch),  current SCN: 16707294489
  Current log# 4 seq# 46275 mem# 0: /u02/oradata/PRODDB/redo04a.log
  Current log# 4 seq# 46275 mem# 1: /u02/oradata/PRODDB/redo04b.log
2026-10-27T16:47:02.453753-04:00
ARC1 (PID:11122): Archived Log entry 90049 added for B-1180943236.T-1.S-46274 ID 0x8a4d5c1e LAD:1
2026-10-27T17:14:24.047480-04:00
Thread 1 advanced to log sequence 46276 (LGWR switch),  current SCN: 16711823768
  Current log# 1 seq# 46276 mem# 0: /u02/oradata/PRODDB/redo01a.log
  Current log# 1 seq# 46276 mem# 1: /u02/oradata/PRODDB/redo01b.log
2026-10-27T17:14:33.277872-04:00
ARC0 (PID:11131): Archived Log entry 90050 added for B-1180943236.T-1.S-46275 ID 0x8a4d5c1e LAD:1
2026-10-27T17:40:16.666249-04:00
Thread 1 advanced to log sequence 46277 (LGWR switch),  current SCN: 16716017788
  Current log# 2 seq# 46277 mem# 0: /u02/oradata/PRODDB/redo02a.log
  Current log# 2 seq# 46277 mem# 1: /u02/oradata/PRODDB/redo02b.log
2026-10-27T17:40:53.863962-04:00
ARC1 (PID:11122): Archived Log entry 90051 added for B-1180943236.T-1.S-46276 ID 0x8a4d5c1e LAD:1
2026-10-27T18:02:46.820009-04:00
Thread 1 advanced to log sequence 46278 (LGWR switch),  current SCN: 16719662524
  Current log# 3 seq# 46278 mem# 0: /u02/oradata/PRODDB/redo03a.log
  Current log# 3 seq# 46278 mem# 1: /u02/oradata/PRODDB/redo03b.log
2026-10-27T18:02:52.169753-04:00
ARC1 (PID:11122): Archived Log entry 90052 added for B-1180943236.T-1.S-46277 ID 0x8a4d5c1e LAD:1
2026-10-27T18:23:52.241331-04:00
Thread 1 advanced to log sequence 46279 (LGWR switch),  current SCN: 16723078862
  Current log# 4 seq# 46279 mem# 0: /u02/oradata/PRODDB/redo04a.log
  Current log# 4 seq# 46279 mem# 1: /u02/oradata/PRODDB/redo04b.log
2026-10-27T18:24:04.023450-04:00
ARC2 (PID:11111): Archived Log entry 90053 added for B-1180943236.T-1.S-46278 ID 0x8a4d5c1e LAD:1
2026-10-27T18:38:18.918910-04:00
Thread 1 advanced to log sequence 46280 (LGWR switch),  current SCN: 16725419615
  Current log# 1 seq# 46280 mem# 0: /u02/oradata/PRODDB/redo01a.log
  Current log# 1 seq# 46280 mem# 1: /u02/oradata/PRODDB/redo01b.log
2026-10-27T18:38:54.237686-04:00
ARC1 (PID:11122): Archived Log entry 90054 added for B-1180943236.T-1.S-46279 ID 0x8a4d5c1e LAD:1
2026-10-27T19:04:15.545664-04:00
Thread 1 advanced to log sequence 46281 (LGWR switch),  current SCN: 16729622707
  Current log# 2 seq# 46281 mem# 0: /u02/oradata/PRODDB/redo02a.log
  Current log# 2 seq# 46281 mem# 1: /u02/oradata/PRODDB/redo02b.log
2026-10-27T19:04:49.155683-04:00
ARC0 (PID:11131): Archived Log entry 90055 added for B-1180943236.T-1.S-46280 ID 0x8a4d5c1e LAD:1
2026-10-27T20:19:04.002202-04:00
Thread 1 advanced to log sequence 46282 (LGWR switch),  current SCN: 16741741949
  Current log# 3 seq# 46282 mem# 0: /u02/oradata/PRODDB/redo03a.log
  Current log# 3 seq# 46282 mem# 1: /u02/oradata/PRODDB/redo03b.log
2026-10-27T20:19:39.341146-04:00
ARC1 (PID:11122): Archived Log entry 90056 added for B-1180943236.T-1.S-46281 ID 0x8a4d5c1e LAD:1
2026-10-27T21:39:09.319521-04:00
Thread 1 advanced to log sequence 46283 (LGWR switch),  current SCN: 16754714663
  Current log# 4 seq# 46283 mem# 0: /u02/oradata/PRODDB/redo04a.log
  Current log# 4 seq# 46283 mem# 1: /u02/oradata/PRODDB/redo04b.log
2026-10-27T21:39:43.187213-04:00
ARC2 (PID:11111): Archived Log entry 90057 added for B-1180943236.T-1.S-46282 ID 0x8a4d5c1e LAD:1
2026-10-27T22:00:00.415131-04:00
Setting Resource Manager plan SCHEDULER[0x4D52]:DEFAULT_MAINTENANCE_PLAN via scheduler window
Setting Resource Manager plan DEFAULT_MAINTENANCE_PLAN via parameter
2026-10-27T22:42:00.342770-04:00
Thread 1 advanced to log sequence 46284 (LGWR switch),  current SCN: 16764897341
  Current log# 1 seq# 46284 mem# 0: /u02/oradata/PRODDB/redo01a.log
  Current log# 1 seq# 46284 mem# 1: /u02/oradata/PRODDB/redo01b.log
2026-10-27T22:42:36.733560-04:00
ARC2 (PID:11111): Archived Log entry 90058 added for B-1180943236.T-1.S-46283 ID 0x8a4d5c1e LAD:1
2026-10-27T23:46:00.393540-04:00
Thread 1 advanced to log sequence 46285 (LGWR switch),  current SCN: 16775264988
  Current log# 2 seq# 46285 mem# 0: /u02/oradata/PRODDB/redo02a.log
  Current log# 2 seq# 46285 mem# 1: /u02/oradata/PRODDB/redo02b.log
2026-10-27T23:46:20.484131-04:00
ARC3 (PID:11143): Archived Log entry 90059 added for B-1180943236.T-1.S-46284 ID 0x8a4d5c1e LAD:1
2026-10-28T00:00:36.062833-04:00
TABLE SYS.WRI$_OPTSTAT_HISTHEAD_HISTORY: ADDED INTERVAL PARTITION SYS_P4990 (41300) VALUES LESS THAN (TO_DATE(' 2026-10-29 00:00:00', 'SYYYY-MM-DD HH24:MI:SS', 'NLS_CALENDAR=GREGORIAN'))
2026-10-28T00:09:53.181858-04:00
Thread 1 advanced to log sequence 46286 (LGWR switch),  current SCN: 16779132220
  Current log# 3 seq# 46286 mem# 0: /u02/oradata/PRODDB/redo03a.log
  Current log# 3 seq# 46286 mem# 1: /u02/oradata/PRODDB/redo03b.log
2026-10-28T00:10:31.843380-04:00
ARC2 (PID:11111): Archived Log entry 90060 added for B-1180943236.T-1.S-46285 ID 0x8a4d5c1e LAD:1
2026-10-28T01:10:21.871598-04:00
Errors in file /u01/app/oracle/diag/rdbms/proddb/PRODDB/trace/PRODDB_ora_37969.trc:
ORA-30036: unable to extend segment by 8 in undo tablespace 'UNDOTBS1'
2026-10-28T01:32:28.311023-04:00
Starting control autobackup
Control autobackup written to DISK device

handle '/u03/fra/PRODDB/autobackup/2026_10_28/o1_mf_s_1535503487_.bkp'
2026-10-28T01:32:50.065883-04:00
Thread 1 advanced to log sequence 46287 (LGWR switch),  current SCN: 16792569917
  Current log# 4 seq# 46287 mem# 0: /u02/oradata/PRODDB/redo04a.log
  Current log# 4 seq# 46287 mem# 1: /u02/oradata/PRODDB/redo04b.log
2026-10-28T01:33:16.321869-04:00
ARC3 (PID:11143): Archived Log entry 90061 added for B-1180943236.T-1.S-46286 ID 0x8a4d5c1e LAD:1
2026-10-28T02:00:00.211824-04:00
Closing scheduler window
Restoring Resource Manager plan DEFAULT_PLAN via scheduler window
Setting Resource Manager plan DEFAULT_PLAN via parameter
2026-10-28T03:04:44.468178-04:00
Thread 1 advanced to log sequence 46288 (LGWR switch),  current SCN: 16807461210
  Current log# 1 seq# 46288 mem# 0: /u02/oradata/PRODDB/redo01a.log
  Current log# 1 seq# 46288 mem# 1: /u02/oradata/PRODDB/redo01b.log
2026-10-28T03:04:59.899215-04:00
ARC3 (PID:11143): Archived Log entry 90062 added for B-1180943236.T-1.S-46287 ID 0x8a4d5c1e LAD:1
2026-10-28T03:46:16.096636-04:00
Thread 1 advanced to log sequence 46289 (LGWR switch),  current SCN: 16814187175
  Current log# 2 seq# 46289 mem# 0: /u02/oradata/PRODDB/redo02a.log
  Current log# 2 seq# 46289 mem# 1: /u02/oradata/PRODDB/redo02b.log
2026-10-28T03:46:59.437663-04:00
ARC3 (PID:11143): Archived Log entry 90063 added for B-1180943236.T-1.S-46288 ID 0x8a4d5c1e LAD:1
2026-10-28T04:39:11.247789-04:00
Errors in file /u01/app/oracle/diag/rdbms/proddb/PRODDB/trace/PRODDB_ora_15393.trc:
ORA-30036: unable to extend segment by 8 in undo tablespace 'UNDOTBS1'
2026-10-28T04:39:32.402879-04:00
Thread 1 advanced to log sequence 46290 (LGWR switch),  current SCN: 16822818329
  Current log# 3 seq# 46290 mem# 0: /u02/oradata/PRODDB/redo03a.log
  Current log# 3 seq# 46290 mem# 1: /u02/oradata/PRODDB/redo03b.log
2026-10-28T04:40:18.802893-04:00
ARC0 (PID:11131): Archived Log entry 90064 added for B-1180943236.T-1.S-46289 ID 0x8a4d5c1e LAD:1
2026-10-28T05:25:12.579691-04:00
Thread 1 advanced to log sequence 46291 (LGWR switch),  current SCN: 16830214952
  Current log# 4 seq# 46291 mem# 0: /u02/oradata/PRODDB/redo04a.log
  Current log# 4 seq# 46291 mem# 1: /u02/oradata/PRODDB/redo04b.log
2026-10-28T05:25:15.908830-04:00
ARC3 (PID:11143): Archived Log entry 90065 added for B-1180943236.T-1.S-46290 ID 0x8a4d5c1e LAD:1
2026-10-28T06:12:09.064130-04:00
Thread 1 advanced to log sequence 46292 (LGWR switch),  current SCN: 16837819219
  Current log# 1 seq# 46292 mem# 0: /u02/oradata/PRODDB/redo01a.log
  Current log# 1 seq# 46292 mem# 1: /u02/oradata/PRODDB/redo01b.log
2026-10-28T06:12:29.324409-04:00
ARC3 (PID:11143): Archived Log entry 90066 added for B-1180943236.T-1.S-46291 ID 0x8a4d5c1e LAD:1
2026-10-28T07:01:07.742059-04:00
Thread 1 advanced to log sequence 46293 (LGWR switch),  current SCN: 16845754363
  Current log# 2 seq# 46293 mem# 0: /u02/oradata/PRODDB/redo02a.log
  Current log# 2 seq# 46293 mem# 1: /u02/oradata/PRODDB/redo02b.log
2026-10-28T07:01:39.110694-04:00
ARC0 (PID:11131): Archived Log entry 90067 added for B-1180943236.T-1.S-46292 ID 0x8a4d5c1e LAD:1
2026-10-28T07:30:00.840383-04:00

***********************************************************************

Fatal NI connect error 12537, connecting to:
 (LOCAL=NO)

  VERSION INFORMATION:
	TNS for Linux: Version 19.0.0.0.0 - Production
	TCP/IP NT Protocol Adapter for Linux: Version 19.0.0.0.0 - Production
  Version 19.24.0.0.0
  Time: 28-OCT-2026 07:30:00
  Tracing not turned on.
  Tns error struct:
    ns main err code: 12537

TNS-12537: TNS:connection closed
    ns secondary err code: 12560
    nt main err code: 0
    nt secondary err code: 0
    nt OS err code: 0
  Client address: (ADDRESS=(PROTOCOL=tcp)(HOST=10.20.171.254)(PORT=46275))
2026-10-28T07:58:14.210189-04:00
Thread 1 advanced to log sequence 46294 (LGWR switch),  current SCN: 16855007663
  Current log# 3 seq# 46294 mem# 0: /u02/oradata/PRODDB/redo03a.log
  Current log# 3 seq# 46294 mem# 1: /u02/oradata/PRODDB/redo03b.log
2026-10-28T07:58:38.100074-04:00
ARC1 (PID:11122): Archived Log entry 90068 added for B-1180943236.T-1.S-46293 ID 0x8a4d5c1e LAD:1
2026-10-28T09:27:49.639535-04:00
Thread 1 advanced to log sequence 46295 (LGWR switch),  current SCN: 16869521040
  Current log# 4 seq# 46295 mem# 0: /u02/oradata/PRODDB/redo04a.log
  Current log# 4 seq# 46295 mem# 1: /u02/oradata/PRODDB/redo04b.log
2026-10-28T09:28:26.962150-04:00
ARC1 (PID:11122): Archived Log entry 90069 added for B-1180943236.T-1.S-46294 ID 0x8a4d5c1e LAD:1
2026-10-28T09:46:26.982126-04:00
Thread 1 advanced to log sequence 46296 (LGWR switch),  current SCN: 16872535620
  Current log# 1 seq# 46296 mem# 0: /u02/oradata/PRODDB/redo01a.log
  Current log# 1 seq# 46296 mem# 1: /u02/oradata/PRODDB/redo01b.log
2026-10-28T09:46:37.947378-04:00
ARC1 (PID:11122): Archived Log entry 90070 added for B-1180943236.T-1.S-46295 ID 0x8a4d5c1e LAD:1
2026-10-28T10:00:08.909955-04:00
Thread 1 advanced to log sequence 46297 (LGWR switch),  current SCN: 16874755374
  Current log# 2 seq# 46297 mem# 0: /u02/oradata/PRODDB/redo02a.log
  Current log# 2 seq# 46297 mem# 1: /u02/oradata/PRODDB/redo02b.log
2026-10-28T10:00:21.798846-04:00
ARC3 (PID:11143): Archived Log entry 90071 added for B-1180943236.T-1.S-46296 ID 0x8a4d5c1e LAD:1
2026-10-28T10:20:29.477338-04:00
Thread 1 advanced to log sequence 46298 (LGWR switch),  current SCN: 16878052341
  Current log# 3 seq# 46298 mem# 0: /u02/oradata/PRODDB/redo03a.log
  Current log# 3 seq# 46298 mem# 1: /u02/oradata/PRODDB/redo03b.log
2026-10-28T10:20:49.476006-04:00
ARC3 (PID:11143): Archived Log entry 90072 added for B-1180943236.T-1.S-46297 ID 0x8a4d5c1e LAD:1
2026-10-28T10:30:37.370356-04:00
Thread 1 advanced to log sequence 46299 (LGWR switch),  current SCN: 16879694045
  Current log# 4 seq# 46299 mem# 0: /u02/oradata/PRODDB/redo04a.log
  Current log# 4 seq# 46299 mem# 1: /u02/oradata/PRODDB/redo04b.log
2026-10-28T10:31:19.150073-04:00
ARC3 (PID:11143): Archived Log entry 90073 added for B-1180943236.T-1.S-46298 ID 0x8a4d5c1e LAD:1
2026-10-28T10:45:04.487491-04:00
Thread 1 advanced to log sequence 46300 (LGWR switch),  current SCN: 16882033831
  Current log# 1 seq# 46300 mem# 0: /u02/oradata/PRODDB/redo01a.log
  Current log# 1 seq# 46300 mem# 1: /u02/oradata/PRODDB/redo01b.log
2026-10-28T10:45:36.375783-04:00
ARC3 (PID:11143): Archived Log entry 90074 added for B-1180943236.T-1.S-46299 ID 0x8a4d5c1e LAD:1
2026-10-28T11:00:32.637600-04:00

***********************************************************************

Fatal NI connect error 12537, connecting to:
 (LOCAL=NO)

  VERSION INFORMATION:
	TNS for Linux: Version 19.0.0.0.0 - Production
	TCP/IP NT Protocol Adapter for Linux: Version 19.0.0.0.0 - Production
  Version 19.24.0.0.0
  Time: 28-OCT-2026 11:00:32
  Tracing not turned on.
  Tns error struct:
    ns main err code: 12537

TNS-12537: TNS:connection closed
    ns secondary err code: 12560
    nt main err code: 0
    nt secondary err code: 0
    nt OS err code: 0
  Client address: (ADDRESS=(PROTOCOL=tcp)(HOST=10.20.176.179)(PORT=44578))
2026-10-28T11:05:26.415881-04:00
Thread 1 advanced to log sequence 46301 (LGWR switch),  current SCN: 16885333834
  Current log# 2 seq# 46301 mem# 0: /u02/oradata/PRODDB/redo02a.log
  Current log# 2 seq# 46301 mem# 1: /u02/oradata/PRODDB/redo02b.log
2026-10-28T11:05:51.848319-04:00
ARC3 (PID:11143): Archived Log entry 90075 added for B-1180943236.T-1.S-46300 ID 0x8a4d5c1e LAD:1
2026-10-28T11:30:36.574703-04:00
Thread 1 advanced to log sequence 46302 (LGWR switch),  current SCN: 16889410971
  Current log# 3 seq# 46302 mem# 0: /u02/oradata/PRODDB/redo03a.log
  Current log# 3 seq# 46302 mem# 1: /u02/oradata/PRODDB/redo03b.log
2026-10-28T11:31:05.425852-04:00
ARC1 (PID:11122): Archived Log entry 90076 added for B-1180943236.T-1.S-46301 ID 0x8a4d5c1e LAD:1
2026-10-28T11:43:50.562040-04:00
Thread 1 advanced to log sequence 46303 (LGWR switch),  current SCN: 16891554621
  Current log# 4 seq# 46303 mem# 0: /u02/oradata/PRODDB/redo04a.log
  Current log# 4 seq# 46303 mem# 1: /u02/oradata/PRODDB/redo04b.log
2026-10-28T11:44:18.064052-04:00
ARC3 (PID:11143): Archived Log entry 90077 added for B-1180943236.T-1.S-46302 ID 0x8a4d5c1e LAD:1
2026-10-28T12:05:42.015589-04:00
Thread 1 advanced to log sequence 46304 (LGWR switch),  current SCN: 16895096498
  Current log# 1 seq# 46304 mem# 0: /u02/oradata/PRODDB/redo01a.log
  Current log# 1 seq# 46304 mem# 1: /u02/oradata/PRODDB/redo01b.log
2026-10-28T12:06:29.907040-04:00
ARC3 (PID:11143): Archived Log entry 90078 added for B-1180943236.T-1.S-46303 ID 0x8a4d5c1e LAD:1
2026-10-28T12:16:29.238640-04:00
Thread 1 advanced to log sequence 46305 (LGWR switch),  current SCN: 16896843824
  Current log# 2 seq# 46305 mem# 0: /u02/oradata/PRODDB/redo02a.log
  Current log# 2 seq# 46305 mem# 1: /u02/oradata/PRODDB/redo02b.log
2026-10-28T12:17:12.636895-04:00
ARC2 (PID:11111): Archived Log entry 90079 added for B-1180943236.T-1.S-46304 ID 0x8a4d5c1e LAD:1
2026-10-28T12:31:45.045747-04:00
Thread 1 advanced to log sequence 46306 (LGWR switch),  current SCN: 16899314974
  Current log# 3 seq# 46306 mem# 0: /u02/oradata/PRODDB/redo03a.log
  Current log# 3 seq# 46306 mem# 1: /u02/oradata/PRODDB/redo03b.log
2026-10-28T12:32:18.745051-04:00
ARC1 (PID:11122): Archived Log entry 90080 added for B-1180943236.T-1.S-46305 ID 0x8a4d5c1e LAD:1
2026-10-28T12:59:36.481338-04:00
Thread 1 advanced to log sequence 46307 (LGWR switch),  current SCN: 16903828782
  Current log# 4 seq# 46307 mem# 0: /u02/oradata/PRODDB/redo04a.log
  Current log# 4 seq# 46307 mem# 1: /u02/oradata/PRODDB/redo04b.log
2026-10-28T12:59:45.623591-04:00
ARC0 (PID:11131): Archived Log entry 90081 added for B-1180943236.T-1.S-46306 ID 0x8a4d5c1e LAD:1
2026-10-28T13:23:24.429742-04:00
Thread 1 advanced to log sequence 46308 (LGWR switch),  current SCN: 16907684010
  Current log# 1 seq# 46308 mem# 0: /u02/oradata/PRODDB/redo01a.log
  Current log# 1 seq# 46308 mem# 1: /u02/oradata/PRODDB/redo01b.log
2026-10-28T13:23:43.174347-04:00
ARC1 (PID:11122): Archived Log entry 90082 added for B-1180943236.T-1.S-46307 ID 0x8a4d5c1e LAD:1
2026-10-28T13:42:30.583391-04:00
Thread 1 advanced to log sequence 46309 (LGWR switch),  current SCN: 16910779694
  Current log# 2 seq# 46309 mem# 0: /u02/oradata/PRODDB/redo02a.log
  Current log# 2 seq# 46309 mem# 1: /u02/oradata/PRODDB/redo02b.log
2026-10-28T13:42:57.866991-04:00
ARC3 (PID:11143): Archived Log entry 90083 added for B-1180943236.T-1.S-46308 ID 0x8a4d5c1e LAD:1
2026-10-28T14:05:56.556615-04:00
Thread 1 advanced to log sequence 46310 (LGWR switch),  current SCN: 16914574906
  Current log# 3 seq# 46310 mem# 0: /u02/oradata/PRODDB/redo03a.log
  Current log# 3 seq# 46310 mem# 1: /u02/oradata/PRODDB/redo03b.log
2026-10-28T14:05:59.403451-04:00
ARC0 (PID:11131): Archived Log entry 90084 added for B-1180943236.T-1.S-46309 ID 0x8a4d5c1e LAD:1
2026-10-28T14:18:00.341006-04:00
Thread 1 advanced to log sequence 46311 (LGWR switch),  current SCN: 16916529321
  Current log# 4 seq# 46311 mem# 0: /u02/oradata/PRODDB/redo04a.log
  Current log# 4 seq# 46311 mem# 1: /u02/oradata/PRODDB/redo04b.log
2026-10-28T14:18:34.481773-04:00
ARC3 (PID:11143): Archived Log entry 90085 added for B-1180943236.T-1.S-46310 ID 0x8a4d5c1e LAD:1
2026-10-28T14:29:13.948214-04:00
Thread 1 advanced to log sequence 46312 (LGWR switch),  current SCN: 16918348301
  Current log# 1 seq# 46312 mem# 0: /u02/oradata/PRODDB/redo01a.log
  Current log# 1 seq# 46312 mem# 1: /u02/oradata/PRODDB/redo01b.log
2026-10-28T14:29:25.187807-04:00
ARC3 (PID:11143): Archived Log entry 90086 added for B-1180943236.T-1.S-46311 ID 0x8a4d5c1e LAD:1
2026-10-28T14:53:59.933851-04:00
Thread 1 advanced to log sequence 46313 (LGWR switch),  current SCN: 16922360665
  Current log# 2 seq# 46313 mem# 0: /u02/oradata/PRODDB/redo02a.log
  Current log# 2 seq# 46313 mem# 1: /u02/oradata/PRODDB/redo02b.log
2026-10-28T14:54:40.860373-04:00
ARC0 (PID:11131): Archived Log entry 90087 added for B-1180943236.T-1.S-46312 ID 0x8a4d5c1e LAD:1
2026-10-28T15:07:11.947970-04:00
Thread 1 advanced to log sequence 46314 (LGWR switch),  current SCN: 16924497487
  Current log# 3 seq# 46314 mem# 0: /u02/oradata/PRODDB/redo03a.log
  Current log# 3 seq# 46314 mem# 1: /u02/oradata/PRODDB/redo03b.log
2026-10-28T15:07:24.251862-04:00
ARC3 (PID:11143): Archived Log entry 90088 added for B-1180943236.T-1.S-46313 ID 0x8a4d5c1e LAD:1
2026-10-28T15:26:24.797435-04:00
Resize operation completed for file# 9, fname /u02/oradata/PRODDB/ar_data01.dbf, old size 26214400K, new size 26316800K
2026-10-28T15:28:54.434988-04:00
Thread 1 cannot allocate new log, sequence 46315
Checkpoint not complete
  Current log# 3 seq# 46314 mem# 0: /u02/oradata/PRODDB/redo03a.log
2026-10-28T15:29:16.736099-04:00
Thread 1 advanced to log sequence 46315 (LGWR switch),  current SCN: 16928075266
  Current log# 4 seq# 46315 mem# 0: /u02/oradata/PRODDB/redo04a.log
  Current log# 4 seq# 46315 mem# 1: /u02/oradata/PRODDB/redo04b.log
2026-10-28T15:29:30.501233-04:00
ARC2 (PID:11111): Archived Log entry 90089 added for B-1180943236.T-1.S-46314 ID 0x8a4d5c1e LAD:1
2026-10-28T15:52:08.397445-04:00
Thread 1 advanced to log sequence 46316 (LGWR switch),  current SCN: 16931778493
  Current log# 1 seq# 46316 mem# 0: /u02/oradata/PRODDB/redo01a.log
  Current log# 1 seq# 46316 mem# 1: /u02/oradata/PRODDB/redo01b.log
2026-10-28T15:52:39.569877-04:00
ARC1 (PID:11122): Archived Log entry 90090 added for B-1180943236.T-1.S-46315 ID 0x8a4d5c1e LAD:1
2026-10-28T16:02:37.240134-04:00
opiodr aborting process unknown ospid (3552) as a result of ORA-609
2026-10-28T16:02:59.964067-04:00
Thread 1 advanced to log sequence 46317 (LGWR switch),  current SCN: 16933537749
  Current log# 2 seq# 46317 mem# 0: /u02/oradata/PRODDB/redo02a.log
  Current log# 2 seq# 46317 mem# 1: /u02/oradata/PRODDB/redo02b.log
2026-10-28T16:03:27.139674-04:00
ARC0 (PID:11131): Archived Log entry 90091 added for B-1180943236.T-1.S-46316 ID 0x8a4d5c1e LAD:1
2026-10-28T16:18:32.410877-04:00
Thread 1 advanced to log sequence 46318 (LGWR switch),  current SCN: 16936056823
  Current log# 3 seq# 46318 mem# 0: /u02/oradata/PRODDB/redo03a.log
  Current log# 3 seq# 46318 mem# 1: /u02/oradata/PRODDB/redo03b.log
2026-10-28T16:19:00.210362-04:00
ARC0 (PID:11131): Archived Log entry 90092 added for B-1180943236.T-1.S-46317 ID 0x8a4d5c1e LAD:1
2026-10-28T16:22:13.020773-04:00
Errors in file /u01/app/oracle/diag/rdbms/proddb/PRODDB/trace/PRODDB_ora_33588.trc:
ORA-00060: Deadlock detected. See Note 60.1 at My Oracle Support for Troubleshooting ORA-60 Errors. More info in file /u01/app/oracle/diag/rdbms/proddb/PRODDB/trace/PRODDB_ora_33588.trc.
2026-10-28T16:32:11.235981-04:00
Thread 1 advanced to log sequence 46319 (LGWR switch),  current SCN: 16938265091
  Current log# 4 seq# 46319 mem# 0: /u02/oradata/PRODDB/redo04a.log
  Current log# 4 seq# 46319 mem# 1: /u02/oradata/PRODDB/redo04b.log
2026-10-28T16:32:25.378906-04:00
ARC1 (PID:11122): Archived Log entry 90093 added for B-1180943236.T-1.S-46318 ID 0x8a4d5c1e LAD:1
2026-10-28T16:42:22.958092-04:00
Thread 1 cannot allocate new log, sequence 46320
Checkpoint not complete
  Current log# 4 seq# 46319 mem# 0: /u02/oradata/PRODDB/redo04a.log
2026-10-28T16:42:28.464984-04:00
Thread 1 advanced to log sequence 46320 (LGWR switch),  current SCN: 16939931859
  Current log# 1 seq# 46320 mem# 0: /u02/oradata/PRODDB/redo01a.log
  Current log# 1 seq# 46320 mem# 1: /u02/oradata/PRODDB/redo01b.log
2026-10-28T16:43:14.306044-04:00
ARC1 (PID:11122): Archived Log entry 90094 added for B-1180943236.T-1.S-46319 ID 0x8a4d5c1e LAD:1
2026-10-28T16:53:35.931099-04:00
Thread 1 advanced to log sequence 46321 (LGWR switch),  current SCN: 16941736067
  Current log# 2 seq# 46321 mem# 0: /u02/oradata/PRODDB/redo02a.log
  Current log# 2 seq# 46321 mem# 1: /u02/oradata/PRODDB/redo02b.log
2026-10-28T16:54:25.004965-04:00
ARC1 (PID:11122): Archived Log entry 90095 added for B-1180943236.T-1.S-46320 ID 0x8a4d5c1e LAD:1
2026-10-28T17:04:24.218561-04:00
Thread 1 advanced to log sequence 46322 (LGWR switch),  current SCN: 16943484407
  Current log# 3 seq# 46322 mem# 0: /u02/oradata/PRODDB/redo03a.log
  Current log# 3 seq# 46322 mem# 1: /u02/oradata/PRODDB/redo03b.log
2026-10-28T17:04:46.952673-04:00
ARC2 (PID:11111): Archived Log entry 90096 added for B-1180943236.T-1.S-46321 ID 0x8a4d5c1e LAD:1
2026-10-28T17:25:41.272379-04:00
Thread 1 advanced to log sequence 46323 (LGWR switch),  current SCN: 16946932117
  Current log# 4 seq# 46323 mem# 0: /u02/oradata/PRODDB/redo04a.log
  Current log# 4 seq# 46323 mem# 1: /u02/oradata/PRODDB/redo04b.log
2026-10-28T17:26:10.419338-04:00
ARC3 (PID:11143): Archived Log entry 90097 added for B-1180943236.T-1.S-46322 ID 0x8a4d5c1e LAD:1
2026-10-28T17:39:51.632530-04:00
Thread 1 advanced to log sequence 46324 (LGWR switch),  current SCN: 16949229819
  Current log# 1 seq# 46324 mem# 0: /u02/oradata/PRODDB/redo01a.log
  Current log# 1 seq# 46324 mem# 1: /u02/oradata/PRODDB/redo01b.log
2026-10-28T17:39:54.715128-04:00
ARC1 (PID:11122): Archived Log entry 90098 added for B-1180943236.T-1.S-46323 ID 0x8a4d5c1e LAD:1
2026-10-28T18:01:20.086696-04:00
Thread 1 cannot allocate new log, sequence 46325
Checkpoint not complete
  Current log# 1 seq# 46324 mem# 0: /u02/oradata/PRODDB/redo01a.log
2026-10-28T18:01:37.836422-04:00
Thread 1 advanced to log sequence 46325 (LGWR switch),  current SCN: 16952756862
  Current log# 2 seq# 46325 mem# 0: /u02/oradata/PRODDB/redo02a.log
  Current log# 2 seq# 46325 mem# 1: /u02/oradata/PRODDB/redo02b.log
2026-10-28T18:02:23.460313-04:00
ARC0 (PID:11131): Archived Log entry 90099 added for B-1180943236.T-1.S-46324 ID 0x8a4d5c1e LAD:1
2026-10-28T18:16:38.385942-04:00
Thread 1 advanced to log sequence 46326 (LGWR switch),  current SCN: 16955188844
  Current log# 3 seq# 46326 mem# 0: /u02/oradata/PRODDB/redo03a.log
  Current log# 3 seq# 46326 mem# 1: /u02/oradata/PRODDB/redo03b.log
2026-10-28T18:16:54.770935-04:00
ARC0 (PID:11131): Archived Log entry 90100 added for B-1180943236.T-1.S-46325 ID 0x8a4d5c1e LAD:1
2026-10-28T18:32:04.103617-04:00
Thread 1 advanced to log sequence 46327 (LGWR switch),  current SCN: 16957688118
  Current log# 4 seq# 46327 mem# 0: /u02/oradata/PRODDB/redo04a.log
  Current log# 4 seq# 46327 mem# 1: /u02/oradata/PRODDB/redo04b.log
2026-10-28T18:32:23.096204-04:00
ARC1 (PID:11122): Archived Log entry 90101 added for B-1180943236.T-1.S-46326 ID 0x8a4d5c1e LAD:1
2026-10-28T18:52:52.583514-04:00
Thread 1 advanced to log sequence 46328 (LGWR switch),  current SCN: 16961057331
  Current log# 1 seq# 46328 mem# 0: /u02/oradata/PRODDB/redo01a.log
  Current log# 1 seq# 46328 mem# 1: /u02/oradata/PRODDB/redo01b.log
2026-10-28T18:53:38.822839-04:00
ARC3 (PID:11143): Archived Log entry 90102 added for B-1180943236.T-1.S-46327 ID 0x8a4d5c1e LAD:1
2026-10-28T18:59:41.435047-04:00
Resize operation completed for file# 5, fname /u02/oradata/PRODDB/apps_ts_tx_data01.dbf, old size 29360128K, new size 29462528K
2026-10-28T19:20:22.736994-04:00
Thread 1 advanced to log sequence 46329 (LGWR switch),  current SCN: 16965512752
  Current log# 2 seq# 46329 mem# 0: /u02/oradata/PRODDB/redo02a.log
  Current log# 2 seq# 46329 mem# 1: /u02/oradata/PRODDB/redo02b.log
2026-10-28T19:20:46.193423-04:00
ARC1 (PID:11122): Archived Log entry 90103 added for B-1180943236.T-1.S-46328 ID 0x8a4d5c1e LAD:1
2026-10-28T20:33:30.208908-04:00
Thread 1 advanced to log sequence 46330 (LGWR switch),  current SCN: 16977358388
  Current log# 3 seq# 46330 mem# 0: /u02/oradata/PRODDB/redo03a.log
  Current log# 3 seq# 46330 mem# 1: /u02/oradata/PRODDB/redo03b.log
2026-10-28T20:34:14.787552-04:00
ARC2 (PID:11111): Archived Log entry 90104 added for B-1180943236.T-1.S-46329 ID 0x8a4d5c1e LAD:1
2026-10-28T21:02:49.140789-04:00
Resize operation completed for file# 12, fname /u02/oradata/PRODDB/sysaux01.dbf, old size 32505856K, new size 32608256K
2026-10-28T21:12:32.349048-04:00
Thread 1 advanced to log sequence 46331 (LGWR switch),  current SCN: 16983684619
  Current log# 4 seq# 46331 mem# 0: /u02/oradata/PRODDB/redo04a.log
  Current log# 4 seq# 46331 mem# 1: /u02/oradata/PRODDB/redo04b.log
2026-10-28T21:12:59.866391-04:00
ARC3 (PID:11143): Archived Log entry 90105 added for B-1180943236.T-1.S-46330 ID 0x8a4d5c1e LAD:1
2026-10-28T22:00:00.159038-04:00
Setting Resource Manager plan SCHEDULER[0x4D52]:DEFAULT_MAINTENANCE_PLAN via scheduler window
Setting Resource Manager plan DEFAULT_MAINTENANCE_PLAN via parameter
2026-10-28T22:25:58.705294-04:00
Thread 1 advanced to log sequence 46332 (LGWR switch),  current SCN: 16995581173
  Current log# 1 seq# 46332 mem# 0: /u02/oradata/PRODDB/redo01a.log
  Current log# 1 seq# 46332 mem# 1: /u02/oradata/PRODDB/redo01b.log
2026-10-28T22:26:15.483822-04:00
ARC0 (PID:11131): Archived Log entry 90106 added for B-1180943236.T-1.S-46331 ID 0x8a4d5c1e LAD:1
2026-10-28T23:37:58.257149-04:00
Thread 1 advanced to log sequence 46333 (LGWR switch),  current SCN: 17007242082
  Current log# 2 seq# 46333 mem# 0: /u02/oradata/PRODDB/redo02a.log
  Current log# 2 seq# 46333 mem# 1: /u02/oradata/PRODDB/redo02b.log
2026-10-28T23:38:19.564687-04:00
ARC0 (PID:11131): Archived Log entry 90107 added for B-1180943236.T-1.S-46332 ID 0x8a4d5c1e LAD:1
2026-10-29T00:00:36.168018-04:00
TABLE SYS.WRI$_OPTSTAT_HISTHEAD_HISTORY: ADDED INTERVAL PARTITION SYS_P8125 (40478) VALUES LESS THAN (TO_DATE(' 2026-10-30 00:00:00', 'SYYYY-MM-DD HH24:MI:SS', 'NLS_CALENDAR=GREGORIAN'))
2026-10-29T00:19:57.621578-04:00
Thread 1 advanced to log sequence 46334 (LGWR switch),  current SCN: 17014046669
  Current log# 3 seq# 46334 mem# 0: /u02/oradata/PRODDB/redo03a.log
  Current log# 3 seq# 46334 mem# 1: /u02/oradata/PRODDB/redo03b.log
2026-10-29T00:20:39.097595-04:00
ARC2 (PID:11111): Archived Log entry 90108 added for B-1180943236.T-1.S-46333 ID 0x8a4d5c1e LAD:1
2026-10-29T00:23:32.722049-04:00
ORA-1652: unable to extend temp segment by 128 in tablespace                 TEMP
2026-10-29T00:24:36.224128-04:00
ORA-1652: unable to extend temp segment by 128 in tablespace                 TEMP
2026-10-29T00:30:54.023540-04:00
ORA-1652: unable to extend temp segment by 128 in tablespace                 TEMP
2026-10-29T01:04:08.371600-04:00
Thread 1 advanced to log sequence 46335 (LGWR switch),  current SCN: 17021201873
  Current log# 4 seq# 46335 mem# 0: /u02/oradata/PRODDB/redo04a.log
  Current log# 4 seq# 46335 mem# 1: /u02/oradata/PRODDB/redo04b.log
2026-10-29T01:04:27.008585-04:00
ARC1 (PID:11122): Archived Log entry 90109 added for B-1180943236.T-1.S-46334 ID 0x8a4d5c1e LAD:1
2026-10-29T01:46:43.946495-04:00
Starting control autobackup
Control autobackup written to DISK device

handle '/u03/fra/PRODDB/autobackup/2026_10_29/o1_mf_s_1350577559_.bkp'
2026-10-29T02:00:00.402118-04:00
Closing scheduler window
Restoring Resource Manager plan DEFAULT_PLAN via scheduler window
Setting Resource Manager plan DEFAULT_PLAN via parameter
2026-10-29T02:06:57.229737-04:00
Thread 1 advanced to log sequence 46336 (LGWR switch),  current SCN: 17031378563
  Current log# 1 seq# 46336 mem# 0: /u02/oradata/PRODDB/redo01a.log
  Current log# 1 seq# 46336 mem# 1: /u02/oradata/PRODDB/redo01b.log
2026-10-29T02:07:24.343548-04:00
ARC2 (PID:11111): Archived Log entry 90110 added for B-1180943236.T-1.S-46335 ID 0x8a4d5c1e LAD:1
2026-10-29T02:40:19.356765-04:00
Resize operation completed for file# 9, fname /u02/oradata/PRODDB/ar_data01.dbf, old size 22020096K, new size 22122496K
2026-10-29T03:18:18.520818-04:00
Thread 1 advanced to log sequence 46337 (LGWR switch),  current SCN: 17042939129
  Current log# 2 seq# 46337 mem# 0: /u02/oradata/PRODDB/redo02a.log
  Current log# 2 seq# 46337 mem# 1: /u02/oradata/PRODDB/redo02b.log
2026-10-29T03:18:30.194972-04:00
ARC2 (PID:11111): Archived Log entry 90111 added for B-1180943236.T-1.S-46336 ID 0x8a4d5c1e LAD:1
2026-10-29T04:21:27.938156-04:00
Thread 1 advanced to log sequence 46338 (LGWR switch),  current SCN: 17053170321
  Current log# 3 seq# 46338 mem# 0: /u02/oradata/PRODDB/redo03a.log
  Current log# 3 seq# 46338 mem# 1: /u02/oradata/PRODDB/redo03b.log
2026-10-29T04:21:30.789373-04:00
ARC1 (PID:11122): Archived Log entry 90112 added for B-1180943236.T-1.S-46337 ID 0x8a4d5c1e LAD:1
2026-10-29T05:21:46.121309-04:00
Resize operation completed for file# 11, fname /u02/oradata/PRODDB/apps_ts_tx_idx02.dbf, old size 24117248K, new size 24219648K
2026-10-29T05:48:10.500221-04:00
Thread 1 advanced to log sequence 46339 (LGWR switch),  current SCN: 17067215609
  Current log# 4 seq# 46339 mem# 0: /u02/oradata/PRODDB/redo04a.log
  Current log# 4 seq# 46339 mem# 1: /u02/oradata/PRODDB/redo04b.log
2026-10-29T05:48:44.158580-04:00
ARC2 (PID:11111): Archived Log entry 90113 added for B-1180943236.T-1.S-46338 ID 0x8a4d5c1e LAD:1
2026-10-29T07:18:43.208191-04:00
Thread 1 advanced to log sequence 46340 (LGWR switch),  current SCN: 17081883327
  Current log# 1 seq# 46340 mem# 0: /u02/oradata/PRODDB/redo01a.log
  Current log# 1 seq# 46340 mem# 1: /u02/oradata/PRODDB/redo01b.log
2026-10-29T07:19:32.613501-04:00
ARC3 (PID:11143): Archived Log entry 90114 added for B-1180943236.T-1.S-46339 ID 0x8a4d5c1e LAD:1
2026-10-29T08:05:40.710828-04:00
TT00 (PID:11131): Error 12537 received logging on to the standby
Errors in file /u01/app/oracle/diag/rdbms/proddb/PRODDB/trace/PRODDB_tt00_11131.trc:
ORA-12537: TNS:connection closed
2026-10-29T08:10:12.365226-04:00
TT00 (PID:11131): Attempting LAD:2 network reconnect (12537)
TT00 (PID:11131): LAD:2 network reconnect successful
2026-10-29T08:14:02.954379-04:00
Resize operation completed for file# 6, fname /u02/oradata/PRODDB/apps_ts_tx_idx01.dbf, old size 31457280K, new size 31559680K
2026-10-29T08:16:45.373843-04:00
Thread 1 advanced to log sequence 46341 (LGWR switch),  current SCN: 17091286170
  Current log# 2 seq# 46341 mem# 0: /u02/oradata/PRODDB/redo02a.log
  Current log# 2 seq# 46341 mem# 1: /u02/oradata/PRODDB/redo02b.log
2026-10-29T08:17:14.684946-04:00
ARC0 (PID:11131): Archived Log entry 90115 added for B-1180943236.T-1.S-46340 ID 0x8a4d5c1e LAD:1
2026-10-29T08:27:27.093525-04:00
Thread 1 advanced to log sequence 46342 (LGWR switch),  current SCN: 17093019390
  Current log# 3 seq# 46342 mem# 0: /u02/oradata/PRODDB/redo03a.log
  Current log# 3 seq# 46342 mem# 1: /u02/oradata/PRODDB/redo03b.log
2026-10-29T08:27:42.490017-04:00
ARC1 (PID:11122): Archived Log entry 90116 added for B-1180943236.T-1.S-46341 ID 0x8a4d5c1e LAD:1
2026-10-29T08:45:18.849227-04:00
Thread 1 advanced to log sequence 46343 (LGWR switch),  current SCN: 17095911634
  Current log# 4 seq# 46343 mem# 0: /u02/oradata/PRODDB/redo04a.log
  Current log# 4 seq# 46343 mem# 1: /u02/oradata/PRODDB/redo04b.log
2026-10-29T08:45:53.635362-04:00
ARC2 (PID:11111): Archived Log entry 90117 added for B-1180943236.T-1.S-46342 ID 0x8a4d5c1e LAD:1
2026-10-29T09:04:06.333664-04:00
Thread 1 advanced to log sequence 46344 (LGWR switch),  current SCN: 17098956456
  Current log# 1 seq# 46344 mem# 0: /u02/oradata/PRODDB/redo01a.log
  Current log# 1 seq# 46344 mem# 1: /u02/oradata/PRODDB/redo01b.log
2026-10-29T09:04:50.007429-04:00
ARC0 (PID:11131): Archived Log entry 90118 added for B-1180943236.T-1.S-46343 ID 0x8a4d5c1e LAD:1
2026-10-29T09:17:36.151729-04:00

***********************************************************************

Fatal NI connect error 12537, connecting to:
 (LOCAL=NO)

  VERSION INFORMATION:
	TNS for Linux: Version 19.0.0.0.0 - Production
	TCP/IP NT Protocol Adapter for Linux: Version 19.0.0.0.0 - Production
  Version 19.24.0.0.0
  Time: 29-OCT-2026 09:17:36
  Tracing not turned on.
  Tns error struct:
    ns main err code: 12537

TNS-12537: TNS:connection closed
    ns secondary err code: 12560
    nt main err code: 0
    nt secondary err code: 0
    nt OS err code: 0
  Client address: (ADDRESS=(PROTOCOL=tcp)(HOST=10.20.219.118)(PORT=50704))
2026-10-29T09:30:46.497760-04:00
Thread 1 advanced to log sequence 46345 (LGWR switch),  current SCN: 17103278184
  Current log# 2 seq# 46345 mem# 0: /u02/oradata/PRODDB/redo02a.log
  Current log# 2 seq# 46345 mem# 1: /u02/oradata/PRODDB/redo02b.log
2026-10-29T09:30:52.209864-04:00
ARC3 (PID:11143): Archived Log entry 90119 added for B-1180943236.T-1.S-46344 ID 0x8a4d5c1e LAD:1
2026-10-29T09:55:25.129441-04:00
Thread 1 advanced to log sequence 46346 (LGWR switch),  current SCN: 17107269261
  Current log# 3 seq# 46346 mem# 0: /u02/oradata/PRODDB/redo03a.log
  Current log# 3 seq# 46346 mem# 1: /u02/oradata/PRODDB/redo03b.log
2026-10-29T09:56:12.118169-04:00
ARC0 (PID:11131): Archived Log entry 90120 added for B-1180943236.T-1.S-46345 ID 0x8a4d5c1e LAD:1
2026-10-29T10:17:01.857973-04:00
Thread 1 advanced to log sequence 46347 (LGWR switch),  current SCN: 17110771054
  Current log# 4 seq# 46347 mem# 0: /u02/oradata/PRODDB/redo04a.log
  Current log# 4 seq# 46347 mem# 1: /u02/oradata/PRODDB/redo04b.log
2026-10-29T10:17:20.639811-04:00
ARC1 (PID:11122): Archived Log entry 90121 added for B-1180943236.T-1.S-46346 ID 0x8a4d5c1e LAD:1
2026-10-29T10:34:09.564441-04:00

***********************************************************************

Fatal NI connect error 12537, connecting to:
 (LOCAL=NO)

  VERSION INFORMATION:
	TNS for Linux: Version 19.0.0.0.0 - Production
	TCP/IP NT Protocol Adapter for Linux: Version 19.0.0.0.0 - Production
  Version 19.24.0.0.0
  Time: 29-OCT-2026 10:34:09
  Tracing not turned on.
  Tns error struct:
    ns main err code: 12537

TNS-12537: TNS:connection closed
    ns secondary err code: 12560
    nt main err code: 0
    nt secondary err code: 0
    nt OS err code: 0
  Client address: (ADDRESS=(PROTOCOL=tcp)(HOST=10.20.28.102)(PORT=30602))
2026-10-29T10:37:52.584044-04:00
Thread 1 advanced to log sequence 46348 (LGWR switch),  current SCN: 17114146921
  Current log# 1 seq# 46348 mem# 0: /u02/oradata/PRODDB/redo01a.log
  Current log# 1 seq# 46348 mem# 1: /u02/oradata/PRODDB/redo01b.log
2026-10-29T10:37:54.824051-04:00
ARC1 (PID:11122): Archived Log entry 90122 added for B-1180943236.T-1.S-46347 ID 0x8a4d5c1e LAD:1
2026-10-29T11:01:45.313032-04:00
Thread 1 advanced to log sequence 46349 (LGWR switch),  current SCN: 17118015076
  Current log# 2 seq# 46349 mem# 0: /u02/oradata/PRODDB/redo02a.log
  Current log# 2 seq# 46349 mem# 1: /u02/oradata/PRODDB/redo02b.log
2026-10-29T11:02:13.091978-04:00
ARC3 (PID:11143): Archived Log entry 90123 added for B-1180943236.T-1.S-46348 ID 0x8a4d5c1e LAD:1
2026-10-29T11:22:17.948599-04:00
Thread 1 advanced to log sequence 46350 (LGWR switch),  current SCN: 17121344320
  Current log# 3 seq# 46350 mem# 0: /u02/oradata/PRODDB/redo03a.log
  Current log# 3 seq# 46350 mem# 1: /u02/oradata/PRODDB/redo03b.log
2026-10-29T11:22:47.578752-04:00
ARC1 (PID:11122): Archived Log entry 90124 added for B-1180943236.T-1.S-46349 ID 0x8a4d5c1e LAD:1
2026-10-29T11:47:13.851304-04:00
Thread 1 advanced to log sequence 46351 (LGWR switch),  current SCN: 17125383869
  Current log# 4 seq# 46351 mem# 0: /u02/oradata/PRODDB/redo04a.log
  Current log# 4 seq# 46351 mem# 1: /u02/oradata/PRODDB/redo04b.log
2026-10-29T11:47:53.857343-04:00
ARC3 (PID:11143): Archived Log entry 90125 added for B-1180943236.T-1.S-46350 ID 0x8a4d5c1e LAD:1
2026-10-29T12:10:27.151736-04:00
Thread 1 advanced to log sequence 46352 (LGWR switch),  current SCN: 17129144019
  Current log# 1 seq# 46352 mem# 0: /u02/oradata/PRODDB/redo01a.log
  Current log# 1 seq# 46352 mem# 1: /u02/oradata/PRODDB/redo01b.log
2026-10-29T12:10:35.849599-04:00
ARC0 (PID:11131): Archived Log entry 90126 added for B-1180943236.T-1.S-46351 ID 0x8a4d5c1e LAD:1
2026-10-29T12:30:37.544998-04:00

***********************************************************************

Fatal NI connect error 12537, connecting to:
 (LOCAL=NO)

  VERSION INFORMATION:
	TNS for Linux: Version 19.0.0.0.0 - Production
	TCP/IP NT Protocol Adapter for Linux: Version 19.0.0.0.0 - Production
  Version 19.24.0.0.0
  Time: 29-OCT-2026 12:30:37
  Tracing not turned on.
  Tns error struct:
    ns main err code: 12537

TNS-12537: TNS:connection closed
    ns secondary err code: 12560
    nt main err code: 0
    nt secondary err code: 0
    nt OS err code: 0
  Client address: (ADDRESS=(PROTOCOL=tcp)(HOST=10.20.174.240)(PORT=38277))
2026-10-29T12:30:45.456926-04:00
Thread 1 advanced to log sequence 46353 (LGWR switch),  current SCN: 17132433755
  Current log# 2 seq# 46353 mem# 0: /u02/oradata/PRODDB/redo02a.log
  Current log# 2 seq# 46353 mem# 1: /u02/oradata/PRODDB/redo02b.log
2026-10-29T12:31:05.388247-04:00
ARC1 (PID:11122): Archived Log entry 90127 added for B-1180943236.T-1.S-46352 ID 0x8a4d5c1e LAD:1
2026-10-29T12:44:31.623710-04:00
Thread 1 advanced to log sequence 46354 (LGWR switch),  current SCN: 17134664732
  Current log# 3 seq# 46354 mem# 0: /u02/oradata/PRODDB/redo03a.log
  Current log# 3 seq# 46354 mem# 1: /u02/oradata/PRODDB/redo03b.log
2026-10-29T12:44:34.067324-04:00
ARC2 (PID:11111): Archived Log entry 90128 added for B-1180943236.T-1.S-46353 ID 0x8a4d5c1e LAD:1
2026-10-29T13:09:04.402603-04:00
Thread 1 cannot allocate new log, sequence 46355
Checkpoint not complete
  Current log# 3 seq# 46354 mem# 0: /u02/oradata/PRODDB/redo03a.log
2026-10-29T13:09:13.321414-04:00
Thread 1 advanced to log sequence 46355 (LGWR switch),  current SCN: 17138665323
  Current log# 4 seq# 46355 mem# 0: /u02/oradata/PRODDB/redo04a.log
  Current log# 4 seq# 46355 mem# 1: /u02/oradata/PRODDB/redo04b.log
2026-10-29T13:09:49.028364-04:00
ARC3 (PID:11143): Archived Log entry 90129 added for B-1180943236.T-1.S-46354 ID 0x8a4d5c1e LAD:1
2026-10-29T13:30:02.199080-04:00
opiodr aborting process unknown ospid (37101) as a result of ORA-609
2026-10-29T13:30:59.653083-04:00
Thread 1 advanced to log sequence 46356 (LGWR switch),  current SCN: 17142193907
  Current log# 1 seq# 46356 mem# 0: /u02/oradata/PRODDB/redo01a.log
  Current log# 1 seq# 46356 mem# 1: /u02/oradata/PRODDB/redo01b.log
2026-10-29T13:31:25.669615-04:00
ARC1 (PID:11122): Archived Log entry 90130 added for B-1180943236.T-1.S-46355 ID 0x8a4d5c1e LAD:1
2026-10-29T13:53:40.035957-04:00
Thread 1 advanced to log sequence 46357 (LGWR switch),  current SCN: 17145866908
  Current log# 2 seq# 46357 mem# 0: /u02/oradata/PRODDB/redo02a.log
  Current log# 2 seq# 46357 mem# 1: /u02/oradata/PRODDB/redo02b.log
2026-10-29T13:54:11.439772-04:00
ARC0 (PID:11131): Archived Log entry 90131 added for B-1180943236.T-1.S-46356 ID 0x8a4d5c1e LAD:1
2026-10-29T14:18:19.427071-04:00
Thread 1 advanced to log sequence 46358 (LGWR switch),  current SCN: 17149861613
  Current log# 3 seq# 46358 mem# 0: /u02/oradata/PRODDB/redo03a.log
  Current log# 3 seq# 46358 mem# 1: /u02/oradata/PRODDB/redo03b.log
2026-10-29T14:18:34.637174-04:00
ARC1 (PID:11122): Archived Log entry 90132 added for B-1180943236.T-1.S-46357 ID 0x8a4d5c1e LAD:1
2026-10-29T14:46:01.410258-04:00
Thread 1 advanced to log sequence 46359 (LGWR switch),  current SCN: 17154347886
  Current log# 4 seq# 46359 mem# 0: /u02/oradata/PRODDB/redo04a.log
  Current log# 4 seq# 46359 mem# 1: /u02/oradata/PRODDB/redo04b.log
2026-10-29T14:46:44.122314-04:00
ARC0 (PID:11131): Archived Log entry 90133 added for B-1180943236.T-1.S-46358 ID 0x8a4d5c1e LAD:1
2026-10-29T14:57:27.273443-04:00
Thread 1 advanced to log sequence 46360 (LGWR switch),  current SCN: 17156200612
  Current log# 1 seq# 46360 mem# 0: /u02/oradata/PRODDB/redo01a.log
  Current log# 1 seq# 46360 mem# 1: /u02/oradata/PRODDB/redo01b.log
2026-10-29T14:57:34.501477-04:00
ARC2 (PID:11111): Archived Log entry 90134 added for B-1180943236.T-1.S-46359 ID 0x8a4d5c1e LAD:1
2026-10-29T15:07:59.691452-04:00
Thread 1 advanced to log sequence 46361 (LGWR switch),  current SCN: 17157907120
  Current log# 2 seq# 46361 mem# 0: /u02/oradata/PRODDB/redo02a.log
  Current log# 2 seq# 46361 mem# 1: /u02/oradata/PRODDB/redo02b.log
2026-10-29T15:08:02.246711-04:00
ARC0 (PID:11131): Archived Log entry 90135 added for B-1180943236.T-1.S-46360 ID 0x8a4d5c1e LAD:1
2026-10-29T15:22:47.247539-04:00
Thread 1 advanced to log sequence 46362 (LGWR switch),  current SCN: 17160303011
  Current log# 3 seq# 46362 mem# 0: /u02/oradata/PRODDB/redo03a.log
  Current log# 3 seq# 46362 mem# 1: /u02/oradata/PRODDB/redo03b.log
2026-10-29T15:22:55.771220-04:00
ARC0 (PID:11131): Archived Log entry 90136 added for B-1180943236.T-1.S-46361 ID 0x8a4d5c1e LAD:1
2026-10-29T15:24:14.589194-04:00
Resize operation completed for file# 11, fname /u02/oradata/PRODDB/apps_ts_tx_idx02.dbf, old size 31457280K, new size 31559680K
2026-10-29T15:41:33.469554-04:00
Thread 1 cannot allocate new log, sequence 46363
Checkpoint not complete
  Current log# 3 seq# 46362 mem# 0: /u02/oradata/PRODDB/redo03a.log
2026-10-29T15:42:10.949956-04:00
Thread 1 advanced to log sequence 46363 (LGWR switch),  current SCN: 17163446139
  Current log# 4 seq# 46363 mem# 0: /u02/oradata/PRODDB/redo04a.log
  Current log# 4 seq# 46363 mem# 1: /u02/oradata/PRODDB/redo04b.log
2026-10-29T15:42:44.464886-04:00
ARC3 (PID:11143): Archived Log entry 90137 added for B-1180943236.T-1.S-46362 ID 0x8a4d5c1e LAD:1
2026-10-29T15:58:15.052369-04:00
Thread 1 advanced to log sequence 46364 (LGWR switch),  current SCN: 17166048918
  Current log# 1 seq# 46364 mem# 0: /u02/oradata/PRODDB/redo01a.log
  Current log# 1 seq# 46364 mem# 1: /u02/oradata/PRODDB/redo01b.log
2026-10-29T15:58:38.520099-04:00
ARC2 (PID:11111): Archived Log entry 90138 added for B-1180943236.T-1.S-46363 ID 0x8a4d5c1e LAD:1
2026-10-29T16:12:33.846192-04:00
Thread 1 advanced to log sequence 46365 (LGWR switch),  current SCN: 17168367583
  Current log# 2 seq# 46365 mem# 0: /u02/oradata/PRODDB/redo02a.log
  Current log# 2 seq# 46365 mem# 1: /u02/oradata/PRODDB/redo02b.log
2026-10-29T16:13:15.488387-04:00
ARC3 (PID:11143): Archived Log entry 90139 added for B-1180943236.T-1.S-46364 ID 0x8a4d5c1e LAD:1
2026-10-29T16:40:07.603266-04:00
Thread 1 advanced to log sequence 46366 (LGWR switch),  current SCN: 17172831573
  Current log# 3 seq# 46366 mem# 0: /u02/oradata/PRODDB/redo03a.log
  Current log# 3 seq# 46366 mem# 1: /u02/oradata/PRODDB/redo03b.log
2026-10-29T16:40:10.236945-04:00
ARC0 (PID:11131): Archived Log entry 90140 added for B-1180943236.T-1.S-46365 ID 0x8a4d5c1e LAD:1
2026-10-29T17:05:47.818665-04:00
Thread 1 advanced to log sequence 46367 (LGWR switch),  current SCN: 17176990072
  Current log# 4 seq# 46367 mem# 0: /u02/oradata/PRODDB/redo04a.log
  Current log# 4 seq# 46367 mem# 1: /u02/oradata/PRODDB/redo04b.log
2026-10-29T17:05:51.573810-04:00
ARC1 (PID:11122): Archived Log entry 90141 added for B-1180943236.T-1.S-46366 ID 0x8a4d5c1e LAD:1
2026-10-29T17:18:00.666026-04:00
Thread 1 advanced to log sequence 46368 (LGWR switch),  current SCN: 17178968432
  Current log# 1 seq# 46368 mem# 0: /u02/oradata/PRODDB/redo01a.log
  Current log# 1 seq# 46368 mem# 1: /u02/oradata/PRODDB/redo01b.log
2026-10-29T17:18:26.142636-04:00
ARC1 (PID:11122): Archived Log entry 90142 added for B-1180943236.T-1.S-46367 ID 0x8a4d5c1e LAD:1
2026-10-29T17:39:07.986879-04:00
Thread 1 advanced to log sequence 46369 (LGWR switch),  current SCN: 17182391546
  Current log# 2 seq# 46369 mem# 0: /u02/oradata/PRODDB/redo02a.log
  Current log# 2 seq# 46369 mem# 1: /u02/oradata/PRODDB/redo02b.log
2026-10-29T17:39:52.685661-04:00
ARC3 (PID:11143): Archived Log entry 90143 added for B-1180943236.T-1.S-46368 ID 0x8a4d5c1e LAD:1
2026-10-29T17:49:11.855728-04:00
Thread 1 advanced to log sequence 46370 (LGWR switch),  current SCN: 17184020670
  Current log# 3 seq# 46370 mem# 0: /u02/oradata/PRODDB/redo03a.log
  Current log# 3 seq# 46370 mem# 1: /u02/oradata/PRODDB/redo03b.log
2026-10-29T17:49:15.532598-04:00
ARC2 (PID:11111): Archived Log entry 90144 added for B-1180943236.T-1.S-46369 ID 0x8a4d5c1e LAD:1
2026-10-29T18:05:40.736881-04:00
Thread 1 advanced to log sequence 46371 (LGWR switch),  current SCN: 17186691030
  Current log# 4 seq# 46371 mem# 0: /u02/oradata/PRODDB/redo04a.log
  Current log# 4 seq# 46371 mem# 1: /u02/oradata/PRODDB/redo04b.log
2026-10-29T18:06:26.355984-04:00
ARC2 (PID:11111): Archived Log entry 90145 added for B-1180943236.T-1.S-46370 ID 0x8a4d5c1e LAD:1
2026-10-29T18:15:48.772714-04:00
opiodr aborting process unknown ospid (39808) as a result of ORA-609
2026-10-29T18:19:52.908552-04:00
Thread 1 advanced to log sequence 46372 (LGWR switch),  current SCN: 17188992087
  Current log# 1 seq# 46372 mem# 0: /u02/oradata/PRODDB/redo01a.log
  Current log# 1 seq# 46372 mem# 1: /u02/oradata/PRODDB/redo01b.log
2026-10-29T18:20:17.582142-04:00
ARC0 (PID:11131): Archived Log entry 90146 added for B-1180943236.T-1.S-46371 ID 0x8a4d5c1e LAD:1
2026-10-29T18:23:03.629858-04:00
Resize operation completed for file# 8, fname /u02/oradata/PRODDB/apps_ts_media01.dbf, old size 30408704K, new size 30511104K
2026-10-29T18:46:46.844223-04:00
Thread 1 advanced to log sequence 46373 (LGWR switch),  current SCN: 17193350458
  Current log# 2 seq# 46373 mem# 0: /u02/oradata/PRODDB/redo02a.log
  Current log# 2 seq# 46373 mem# 1: /u02/oradata/PRODDB/redo02b.log
2026-10-29T18:47:35.748526-04:00
ARC0 (PID:11131): Archived Log entry 90147 added for B-1180943236.T-1.S-46372 ID 0x8a4d5c1e LAD:1
2026-10-29T19:02:03.921537-04:00
Thread 1 advanced to log sequence 46374 (LGWR switch),  current SCN: 17195827362
  Current log# 3 seq# 46374 mem# 0: /u02/oradata/PRODDB/redo03a.log
  Current log# 3 seq# 46374 mem# 1: /u02/oradata/PRODDB/redo03b.log
2026-10-29T19:02:40.635781-04:00
ARC1 (PID:11122): Archived Log entry 90148 added for B-1180943236.T-1.S-46373 ID 0x8a4d5c1e LAD:1
2026-10-29T19:05:06.348967-04:00
Resize operation completed for file# 12, fname /u02/oradata/PRODDB/sysaux01.dbf, old size 22020096K, new size 22122496K
2026-10-29T19:26:12.889265-04:00
Errors in file /u01/app/oracle/diag/rdbms/proddb/PRODDB/trace/PRODDB_ora_12007.trc  (incident=48157):
ORA-04030: out of process memory when trying to allocate 16328 bytes (koh-kghu sessi,pl/sql vc2)
Incident details in: /u01/app/oracle/diag/rdbms/proddb/PRODDB/incident/incdir_48157/PRODDB_ora_12007_i48157.trc
2026-10-29T20:11:23.428856-04:00
Thread 1 advanced to log sequence 46375 (LGWR switch),  current SCN: 17207056159
  Current log# 4 seq# 46375 mem# 0: /u02/oradata/PRODDB/redo04a.log
  Current log# 4 seq# 46375 mem# 1: /u02/oradata/PRODDB/redo04b.log
2026-10-29T20:11:34.052546-04:00
ARC0 (PID:11131): Archived Log entry 90149 added for B-1180943236.T-1.S-46374 ID 0x8a4d5c1e LAD:1
2026-10-29T21:34:11.401158-04:00
Thread 1 advanced to log sequence 46376 (LGWR switch),  current SCN: 17220471256
  Current log# 1 seq# 46376 mem# 0: /u02/oradata/PRODDB/redo01a.log
  Current log# 1 seq# 46376 mem# 1: /u02/oradata/PRODDB/redo01b.log
2026-10-29T21:34:25.025124-04:00
ARC3 (PID:11143): Archived Log entry 90150 added for B-1180943236.T-1.S-46375 ID 0x8a4d5c1e LAD:1
2026-10-29T22:00:00.803533-04:00
Setting Resource Manager plan SCHEDULER[0x4D52]:DEFAULT_MAINTENANCE_PLAN via scheduler window
Setting Resource Manager plan DEFAULT_MAINTENANCE_PLAN via parameter
2026-10-29T22:35:55.600665-04:00
Resize operation completed for file# 8, fname /u02/oradata/PRODDB/apps_ts_media01.dbf, old size 32505856K, new size 32608256K
2026-10-29T22:35:57.838590-04:00
Thread 1 advanced to log sequence 46377 (LGWR switch),  current SCN: 17230479163
  Current log# 2 seq# 46377 mem# 0: /u02/oradata/PRODDB/redo02a.log
  Current log# 2 seq# 46377 mem# 1: /u02/oradata/PRODDB/redo02b.log
2026-10-29T22:36:43.284224-04:00
ARC3 (PID:11143): Archived Log entry 90151 added for B-1180943236.T-1.S-46376 ID 0x8a4d5c1e LAD:1
2026-10-29T23:25:25.185023-04:00
Thread 1 advanced to log sequence 46378 (LGWR switch),  current SCN: 17238490727
  Current log# 3 seq# 46378 mem# 0: /u02/oradata/PRODDB/redo03a.log
  Current log# 3 seq# 46378 mem# 1: /u02/oradata/PRODDB/redo03b.log
2026-10-29T23:26:10.697009-04:00
ARC1 (PID:11122): Archived Log entry 90152 added for B-1180943236.T-1.S-46377 ID 0x8a4d5c1e LAD:1
2026-10-30T00:00:36.289221-04:00
TABLE SYS.WRI$_OPTSTAT_HISTHEAD_HISTORY: ADDED INTERVAL PARTITION SYS_P9228 (44699) VALUES LESS THAN (TO_DATE(' 2026-10-31 00:00:00', 'SYYYY-MM-DD HH24:MI:SS', 'NLS_CALENDAR=GREGORIAN'))
2026-10-30T00:11:50.591416-04:00
Thread 1 advanced to log sequence 46379 (LGWR switch),  current SCN: 17246009499
  Current log# 4 seq# 46379 mem# 0: /u02/oradata/PRODDB/redo04a.log
  Current log# 4 seq# 46379 mem# 1: /u02/oradata/PRODDB/redo04b.log
2026-10-30T00:11:58.830830-04:00
ARC3 (PID:11143): Archived Log entry 90153 added for B-1180943236.T-1.S-46378 ID 0x8a4d5c1e LAD:1
2026-10-30T01:06:14.830193-04:00
Thread 1 advanced to log sequence 46380 (LGWR switch),  current SCN: 17254823128
  Current log# 1 seq# 46380 mem# 0: /u02/oradata/PRODDB/redo01a.log
  Current log# 1 seq# 46380 mem# 1: /u02/oradata/PRODDB/redo01b.log
2026-10-30T01:07:02.319323-04:00
ARC0 (PID:11131): Archived Log entry 90154 added for B-1180943236.T-1.S-46379 ID 0x8a4d5c1e LAD:1
2026-10-30T01:47:08.987419-04:00
Starting control autobackup
Control autobackup written to DISK device

handle '/u03/fra/PRODDB/autobackup/2026_10_30/o1_mf_s_1558984263_.bkp'
2026-10-30T01:54:23.765411-04:00
Resize operation completed for file# 6, fname /u02/oradata/PRODDB/apps_ts_tx_idx01.dbf, old size 31457280K, new size 31559680K
2026-10-30T02:00:00.753367-04:00
Closing scheduler window
Restoring Resource Manager plan DEFAULT_PLAN via scheduler window
Setting Resource Manager plan DEFAULT_PLAN via parameter
2026-10-30T02:08:41.289125-04:00
Thread 1 advanced to log sequence 46381 (LGWR switch),  current SCN: 17264940344
  Current log# 2 seq# 46381 mem# 0: /u02/oradata/PRODDB/redo02a.log
  Current log# 2 seq# 46381 mem# 1: /u02/oradata/PRODDB/redo02b.log
2026-10-30T02:09:12.847241-04:00
ARC1 (PID:11122): Archived Log entry 90155 added for B-1180943236.T-1.S-46380 ID 0x8a4d5c1e LAD:1
2026-10-30T03:12:38.848465-04:00
Thread 1 advanced to log sequence 46382 (LGWR switch),  current SCN: 17275299677
  Current log# 3 seq# 46382 mem# 0: /u02/oradata/PRODDB/redo03a.log
  Current log# 3 seq# 46382 mem# 1: /u02/oradata/PRODDB/redo03b.log
2026-10-30T03:12:54.136396-04:00
ARC1 (PID:11122): Archived Log entry 90156 added for B-1180943236.T-1.S-46381 ID 0x8a4d5c1e LAD:1
2026-10-30T03:57:39.060200-04:00
Resize operation completed for file# 8, fname /u02/oradata/PRODDB/apps_ts_media01.dbf, old size 22020096K, new size 22122496K
2026-10-30T04:35:53.803219-04:00
Thread 1 advanced to log sequence 46383 (LGWR switch),  current SCN: 17288788041
  Current log# 4 seq# 46383 mem# 0: /u02/oradata/PRODDB/redo04a.log
  Current log# 4 seq# 46383 mem# 1: /u02/oradata/PRODDB/redo04b.log
2026-10-30T04:36:20.359281-04:00
ARC0 (PID:11131): Archived Log entry 90157 added for B-1180943236.T-1.S-46382 ID 0x8a4d5c1e LAD:1
2026-10-30T05:21:16.990842-04:00
Errors in file /u01/app/oracle/diag/rdbms/proddb/PRODDB/trace/PRODDB_ora_59693.trc:
ORA-30036: unable to extend segment by 8 in undo tablespace 'UNDOTBS1'
2026-10-30T06:02:15.813625-04:00
Thread 1 advanced to log sequence 46384 (LGWR switch),  current SCN: 17302779735
  Current log# 1 seq# 46384 mem# 0: /u02/oradata/PRODDB/redo01a.log
  Current log# 1 seq# 46384 mem# 1: /u02/oradata/PRODDB/redo01b.log
2026-10-30T06:02:43.703289-04:00
ARC1 (PID:11122): Archived Log entry 90158 added for B-1180943236.T-1.S-46383 ID 0x8a4d5c1e LAD:1
2026-10-30T07:36:14.141135-04:00
Thread 1 advanced to log sequence 46385 (LGWR switch),  current SCN: 17318001584
  Current log# 2 seq# 46385 mem# 0: /u02/oradata/PRODDB/redo02a.log
  Current log# 2 seq# 46385 mem# 1: /u02/oradata/PRODDB/redo02b.log
2026-10-30T07:36:19.529399-04:00
ARC1 (PID:11122): Archived Log entry 90159 added for B-1180943236.T-1.S-46384 ID 0x8a4d5c1e LAD:1
2026-10-30T08:32:34.521530-04:00
Thread 1 advanced to log sequence 46386 (LGWR switch),  current SCN: 17327127859
  Current log# 3 seq# 46386 mem# 0: /u02/oradata/PRODDB/redo03a.log
  Current log# 3 seq# 46386 mem# 1: /u02/oradata/PRODDB/redo03b.log
2026-10-30T08:32:44.071032-04:00
ARC0 (PID:11131): Archived Log entry 90160 added for B-1180943236.T-1.S-46385 ID 0x8a4d5c1e LAD:1
2026-10-30T08:54:15.791974-04:00
Thread 1 advanced to log sequence 46387 (LGWR switch),  current SCN: 17330643544
  Current log# 4 seq# 46387 mem# 0: /u02/oradata/PRODDB/redo04a.log
  Current log# 4 seq# 46387 mem# 1: /u02/oradata/PRODDB/redo04b.log
2026-10-30T08:54:33.671833-04:00
ARC3 (PID:11143): Archived Log entry 90161 added for B-1180943236.T-1.S-46386 ID 0x8a4d5c1e LAD:1
2026-10-30T09:06:24.260327-04:00
Thread 1 advanced to log sequence 46388 (LGWR switch),  current SCN: 17332609972
  Current log# 1 seq# 46388 mem# 0: /u02/oradata/PRODDB/redo01a.log
  Current log# 1 seq# 46388 mem# 1: /u02/oradata/PRODDB/redo01b.log
2026-10-30T09:07:08.724333-04:00
ARC1 (PID:11122): Archived Log entry 90162 added for B-1180943236.T-1.S-46387 ID 0x8a4d5c1e LAD:1
2026-10-30T09:23:10.178264-04:00
Thread 1 advanced to log sequence 46389 (LGWR switch),  current SCN: 17335324556
  Current log# 2 seq# 46389 mem# 0: /u02/oradata/PRODDB/redo02a.log
  Current log# 2 seq# 46389 mem# 1: /u02/oradata/PRODDB/redo02b.log
2026-10-30T09:23:42.251214-04:00
ARC0 (PID:11131): Archived Log entry 90163 added for B-1180943236.T-1.S-46388 ID 0x8a4d5c1e LAD:1
2026-10-30T09:47:53.658121-04:00
Thread 1 advanced to log sequence 46390 (LGWR switch),  current SCN: 17339330413
  Current log# 3 seq# 46390 mem# 0: /u02/oradata/PRODDB/redo03a.log
  Current log# 3 seq# 46390 mem# 1: /u02/oradata/PRODDB/redo03b.log
2026-10-30T09:48:19.007238-04:00
ARC3 (PID:11143): Archived Log entry 90164 added for B-1180943236.T-1.S-46389 ID 0x8a4d5c1e LAD:1
2026-10-30T10:00:03.108470-04:00
Thread 1 advanced to log sequence 46391 (LGWR switch),  current SCN: 17341300334
  Current log# 4 seq# 46391 mem# 0: /u02/oradata/PRODDB/redo04a.log
  Current log# 4 seq# 46391 mem# 1: /u02/oradata/PRODDB/redo04b.log
2026-10-30T10:00:07.210845-04:00
ARC1 (PID:11122): Archived Log entry 90165 added for B-1180943236.T-1.S-46390 ID 0x8a4d5c1e LAD:1
2026-10-30T10:20:21.702971-04:00
Thread 1 advanced to log sequence 46392 (LGWR switch),  current SCN: 17344591150
  Current log# 1 seq# 46392 mem# 0: /u02/oradata/PRODDB/redo01a.log
  Current log# 1 seq# 46392 mem# 1: /u02/oradata/PRODDB/redo01b.log
2026-10-30T10:21:01.605843-04:00
ARC0 (PID:11131): Archived Log entry 90166 added for B-1180943236.T-1.S-46391 ID 0x8a4d5c1e LAD:1
2026-10-30T10:37:16.829491-04:00
Thread 1 advanced to log sequence 46393 (LGWR switch),  current SCN: 17347330777
  Current log# 2 seq# 46393 mem# 0: /u02/oradata/PRODDB/redo02a.log
  Current log# 2 seq# 46393 mem# 1: /u02/oradata/PRODDB/redo02b.log
2026-10-30T10:37:38.691798-04:00
ARC3 (PID:11143): Archived Log entry 90167 added for B-1180943236.T-1.S-46392 ID 0x8a4d5c1e LAD:1
2026-10-30T10:49:32.096410-04:00
Thread 1 advanced to log sequence 46394 (LGWR switch),  current SCN: 17349315966
  Current log# 3 seq# 46394 mem# 0: /u02/oradata/PRODDB/redo03a.log
  Current log# 3 seq# 46394 mem# 1: /u02/oradata/PRODDB/redo03b.log
2026-10-30T10:50:00.200323-04:00
ARC1 (PID:11122): Archived Log entry 90168 added for B-1180943236.T-1.S-46393 ID 0x8a4d5c1e LAD:1
2026-10-30T11:12:09.006403-04:00
Thread 1 advanced to log sequence 46395 (LGWR switch),  current SCN: 17352979329
  Current log# 4 seq# 46395 mem# 0: /u02/oradata/PRODDB/redo04a.log
  Current log# 4 seq# 46395 mem# 1: /u02/oradata/PRODDB/redo04b.log
2026-10-30T11:12:15.693339-04:00
ARC3 (PID:11143): Archived Log entry 90169 added for B-1180943236.T-1.S-46394 ID 0x8a4d5c1e LAD:1
2026-10-30T11:37:13.123289-04:00
Thread 1 advanced to log sequence 46396 (LGWR switch),  current SCN: 17357040441
  Current log# 1 seq# 46396 mem# 0: /u02/oradata/PRODDB/redo01a.log
  Current log# 1 seq# 46396 mem# 1: /u02/oradata/PRODDB/redo01b.log
2026-10-30T11:37:28.955260-04:00
ARC0 (PID:11131): Archived Log entry 90170 added for B-1180943236.T-1.S-46395 ID 0x8a4d5c1e LAD:1
2026-10-30T12:03:22.303373-04:00
Thread 1 advanced to log sequence 46397 (LGWR switch),  current SCN: 17361277849
  Current log# 2 seq# 46397 mem# 0: /u02/oradata/PRODDB/redo02a.log
  Current log# 2 seq# 46397 mem# 1: /u02/oradata/PRODDB/redo02b.log
2026-10-30T12:03:25.256836-04:00
ARC1 (PID:11122): Archived Log entry 90171 added for B-1180943236.T-1.S-46396 ID 0x8a4d5c1e LAD:1
2026-10-30T12:21:24.727721-04:00
Thread 1 advanced to log sequence 46398 (LGWR switch),  current SCN: 17364201981
  Current log# 3 seq# 46398 mem# 0: /u02/oradata/PRODDB/redo03a.log
  Current log# 3 seq# 46398 mem# 1: /u02/oradata/PRODDB/redo03b.log
2026-10-30T12:22:03.902924-04:00
ARC1 (PID:11122): Archived Log entry 90172 added for B-1180943236.T-1.S-46397 ID 0x8a4d5c1e LAD:1
2026-10-30T12:43:09.807649-04:00
Thread 1 advanced to log sequence 46399 (LGWR switch),  current SCN: 17367725080
  Current log# 4 seq# 46399 mem# 0: /u02/oradata/PRODDB/redo04a.log
  Current log# 4 seq# 46399 mem# 1: /u02/oradata/PRODDB/redo04b.log
2026-10-30T12:43:17.669192-04:00
ARC0 (PID:11131): Archived Log entry 90173 added for B-1180943236.T-1.S-46398 ID 0x8a4d5c1e LAD:1
2026-10-30T12:56:00.803643-04:00
TT00 (PID:11131): Error 3113 received logging on to the standby
Errors in file /u01/app/oracle/diag/rdbms/proddb/PRODDB/trace/PRODDB_tt00_11131.trc:
ORA-03113: end-of-file on communication channel
2026-10-30T12:57:27.731782-04:00

***********************************************************************

Fatal NI connect error 12537, connecting to:
 (LOCAL=NO)

  VERSION INFORMATION:
	TNS for Linux: Version 19.0.0.0.0 - Production
	TCP/IP NT Protocol Adapter for Linux: Version 19.0.0.0.0 - Production
  Version 19.24.0.0.0
  Time: 30-OCT-2026 12:57:27
  Tracing not turned on.
  Tns error struct:
    ns main err code: 12537

TNS-12537: TNS:connection closed
    ns secondary err code: 12560
    nt main err code: 0
    nt secondary err code: 0
    nt OS err code: 0
  Client address: (ADDRESS=(PROTOCOL=tcp)(HOST=10.20.128.132)(PORT=64891))
2026-10-30T12:57:30.304154-04:00
TT00 (PID:11131): Attempting LAD:2 network reconnect (3113)
TT00 (PID:11131): LAD:2 network reconnect successful
2026-10-30T13:02:16.749466-04:00
Thread 1 advanced to log sequence 46400 (LGWR switch),  current SCN: 17370821009
  Current log# 1 seq# 46400 mem# 0: /u02/oradata/PRODDB/redo01a.log
  Current log# 1 seq# 46400 mem# 1: /u02/oradata/PRODDB/redo01b.log
2026-10-30T13:02:47.169736-04:00
ARC1 (PID:11122): Archived Log entry 90174 added for B-1180943236.T-1.S-46399 ID 0x8a4d5c1e LAD:1
2026-10-30T13:24:07.039118-04:00
Thread 1 advanced to log sequence 46401 (LGWR switch),  current SCN: 17374360201
  Current log# 2 seq# 46401 mem# 0: /u02/oradata/PRODDB/redo02a.log
  Current log# 2 seq# 46401 mem# 1: /u02/oradata/PRODDB/redo02b.log
2026-10-30T13:24:52.550756-04:00
ARC2 (PID:11111): Archived Log entry 90175 added for B-1180943236.T-1.S-46400 ID 0x8a4d5c1e LAD:1
2026-10-30T13:42:08.233487-04:00
Thread 1 advanced to log sequence 46402 (LGWR switch),  current SCN: 17377277589
  Current log# 3 seq# 46402 mem# 0: /u02/oradata/PRODDB/redo03a.log
  Current log# 3 seq# 46402 mem# 1: /u02/oradata/PRODDB/redo03b.log
2026-10-30T13:42:44.459646-04:00
ARC2 (PID:11111): Archived Log entry 90176 added for B-1180943236.T-1.S-46401 ID 0x8a4d5c1e LAD:1
2026-10-30T14:09:52.970058-04:00
Thread 1 advanced to log sequence 46403 (LGWR switch),  current SCN: 17381772822
  Current log# 4 seq# 46403 mem# 0: /u02/oradata/PRODDB/redo04a.log
  Current log# 4 seq# 46403 mem# 1: /u02/oradata/PRODDB/redo04b.log
2026-10-30T14:10:39.509523-04:00
ARC1 (PID:11122): Archived Log entry 90177 added for B-1180943236.T-1.S-46402 ID 0x8a4d5c1e LAD:1
2026-10-30T14:31:48.070579-04:00
Thread 1 advanced to log sequence 46404 (LGWR switch),  current SCN: 17385325013
  Current log# 1 seq# 46404 mem# 0: /u02/oradata/PRODDB/redo01a.log
  Current log# 1 seq# 46404 mem# 1: /u02/oradata/PRODDB/redo01b.log
2026-10-30T14:32:00.346328-04:00
ARC1 (PID:11122): Archived Log entry 90178 added for B-1180943236.T-1.S-46403 ID 0x8a4d5c1e LAD:1
2026-10-30T14:57:12.744774-04:00
Thread 1 advanced to log sequence 46405 (LGWR switch),  current SCN: 17389441357
  Current log# 2 seq# 46405 mem# 0: /u02/oradata/PRODDB/redo02a.log
  Current log# 2 seq# 46405 mem# 1: /u02/oradata/PRODDB/redo02b.log
2026-10-30T14:57:52.980554-04:00
ARC1 (PID:11122): Archived Log entry 90179 added for B-1180943236.T-1.S-46404 ID 0x8a4d5c1e LAD:1
2026-10-30T15:12:12.633937-04:00
Thread 1 advanced to log sequence 46406 (LGWR switch),  current SCN: 17391870243
  Current log# 3 seq# 46406 mem# 0: /u02/oradata/PRODDB/redo03a.log
  Current log# 3 seq# 46406 mem# 1: /u02/oradata/PRODDB/redo03b.log
2026-10-30T15:12:50.458775-04:00
ARC0 (PID:11131): Archived Log entry 90180 added for B-1180943236.T-1.S-46405 ID 0x8a4d5c1e LAD:1
2026-10-30T15:26:53.891073-04:00
Thread 1 advanced to log sequence 46407 (LGWR switch),  current SCN: 17394250370
  Current log# 4 seq# 46407 mem# 0: /u02/oradata/PRODDB/redo04a.log
  Current log# 4 seq# 46407 mem# 1: /u02/oradata/PRODDB/redo04b.log
2026-10-30T15:27:25.807119-04:00
ARC3 (PID:11143): Archived Log entry 90181 added for B-1180943236.T-1.S-46406 ID 0x8a4d5c1e LAD:1
2026-10-30T15:53:55.025413-04:00
Thread 1 advanced to log sequence 46408 (LGWR switch),  current SCN: 17398625233
  Current log# 1 seq# 46408 mem# 0: /u02/oradata/PRODDB/redo01a.log
  Current log# 1 seq# 46408 mem# 1: /u02/oradata/PRODDB/redo01b.log
2026-10-30T15:54:31.253203-04:00
ARC1 (PID:11122): Archived Log entry 90182 added for B-1180943236.T-1.S-46407 ID 0x8a4d5c1e LAD:1
2026-10-30T16:05:10.906107-04:00
Thread 1 advanced to log sequence 46409 (LGWR switch),  current SCN: 17400450981
  Current log# 2 seq# 46409 mem# 0: /u02/oradata/PRODDB/redo02a.log
  Current log# 2 seq# 46409 mem# 1: /u02/oradata/PRODDB/redo02b.log
2026-10-30T16:05:58.632452-04:00
ARC1 (PID:11122): Archived Log entry 90183 added for B-1180943236.T-1.S-46408 ID 0x8a4d5c1e LAD:1
2026-10-30T16:25:19.512032-04:00
Thread 1 advanced to log sequence 46410 (LGWR switch),  current SCN: 17403714561
  Current log# 3 seq# 46410 mem# 0: /u02/oradata/PRODDB/redo03a.log
  Current log# 3 seq# 46410 mem# 1: /u02/oradata/PRODDB/redo03b.log
2026-10-30T16:25:48.837238-04:00
ARC1 (PID:11122): Archived Log entry 90184 added for B-1180943236.T-1.S-46409 ID 0x8a4d5c1e LAD:1
2026-10-30T16:38:05.201176-04:00
Thread 1 advanced to log sequence 46411 (LGWR switch),  current SCN: 17405782142
  Current log# 4 seq# 46411 mem# 0: /u02/oradata/PRODDB/redo04a.log
  Current log# 4 seq# 46411 mem# 1: /u02/oradata/PRODDB/redo04b.log
2026-10-30T16:38:09.379413-04:00
ARC3 (PID:11143): Archived Log entry 90185 added for B-1180943236.T-1.S-46410 ID 0x8a4d5c1e LAD:1
2026-10-30T16:52:32.601272-04:00
Thread 1 advanced to log sequence 46412 (LGWR switch),  current SCN: 17408123845
  Current log# 1 seq# 46412 mem# 0: /u02/oradata/PRODDB/redo01a.log
  Current log# 1 seq# 46412 mem# 1: /u02/oradata/PRODDB/redo01b.log
2026-10-30T16:53:18.618992-04:00
ARC0 (PID:11131): Archived Log entry 90186 added for B-1180943236.T-1.S-46411 ID 0x8a4d5c1e LAD:1
2026-10-30T17:09:51.461047-04:00
Thread 1 advanced to log sequence 46413 (LGWR switch),  current SCN: 17410930019
  Current log# 2 seq# 46413 mem# 0: /u02/oradata/PRODDB/redo02a.log
  Current log# 2 seq# 46413 mem# 1: /u02/oradata/PRODDB/redo02b.log
2026-10-30T17:10:16.183617-04:00
ARC2 (PID:11111): Archived Log entry 90187 added for B-1180943236.T-1.S-46412 ID 0x8a4d5c1e LAD:1
2026-10-30T17:24:46.717726-04:00
Thread 1 advanced to log sequence 46414 (LGWR switch),  current SCN: 17413346825
  Current log# 3 seq# 46414 mem# 0: /u02/oradata/PRODDB/redo03a.log
  Current log# 3 seq# 46414 mem# 1: /u02/oradata/PRODDB/redo03b.log
2026-10-30T17:24:49.583698-04:00
ARC2 (PID:11111): Archived Log entry 90188 added for B-1180943236.T-1.S-46413 ID 0x8a4d5c1e LAD:1
2026-10-30T17:41:34.206478-04:00
Thread 1 advanced to log sequence 46415 (LGWR switch),  current SCN: 17416066612
  Current log# 4 seq# 46415 mem# 0: /u02/oradata/PRODDB/redo04a.log
  Current log# 4 seq# 46415 mem# 1: /u02/oradata/PRODDB/redo04b.log
2026-10-30T17:41:43.993721-04:00
ARC0 (PID:11131): Archived Log entry 90189 added for B-1180943236.T-1.S-46414 ID 0x8a4d5c1e LAD:1
2026-10-30T18:01:03.020610-04:00
Thread 1 advanced to log sequence 46416 (LGWR switch),  current SCN: 17419221815
  Current log# 1 seq# 46416 mem# 0: /u02/oradata/PRODDB/redo01a.log
  Current log# 1 seq# 46416 mem# 1: /u02/oradata/PRODDB/redo01b.log
2026-10-30T18:01:11.957835-04:00
ARC3 (PID:11143): Archived Log entry 90190 added for B-1180943236.T-1.S-46415 ID 0x8a4d5c1e LAD:1
2026-10-30T18:17:19.511104-04:00
Thread 1 advanced to log sequence 46417 (LGWR switch),  current SCN: 17421859208
  Current log# 2 seq# 46417 mem# 0: /u02/oradata/PRODDB/redo02a.log
  Current log# 2 seq# 46417 mem# 1: /u02/oradata/PRODDB/redo02b.log
2026-10-30T18:18:00.319288-04:00
ARC2 (PID:11111): Archived Log entry 90191 added for B-1180943236.T-1.S-46416 ID 0x8a4d5c1e LAD:1
2026-10-30T18:29:10.886304-04:00
Resize operation completed for file# 9, fname /u02/oradata/PRODDB/ar_data01.dbf, old size 27262976K, new size 27365376K
2026-10-30T18:43:28.503760-04:00
Thread 1 advanced to log sequence 46418 (LGWR switch),  current SCN: 17426093607
  Current log# 3 seq# 46418 mem# 0: /u02/oradata/PRODDB/redo03a.log
  Current log# 3 seq# 46418 mem# 1: /u02/oradata/PRODDB/redo03b.log
2026-10-30T18:43:41.873213-04:00
ARC3 (PID:11143): Archived Log entry 90192 added for B-1180943236.T-1.S-46417 ID 0x8a4d5c1e LAD:1
2026-10-30T19:07:58.793806-04:00
Thread 1 advanced to log sequence 46419 (LGWR switch),  current SCN: 17430064151
  Current log# 4 seq# 46419 mem# 0: /u02/oradata/PRODDB/redo04a.log
  Current log# 4 seq# 46419 mem# 1: /u02/oradata/PRODDB/redo04b.log
2026-10-30T19:08:31.704151-04:00
ARC3 (PID:11143): Archived Log entry 90193 added for B-1180943236.T-1.S-46418 ID 0x8a4d5c1e LAD:1
2026-10-30T19:18:07.502955-04:00

***********************************************************************

Fatal NI connect error 12537, connecting to:
 (LOCAL=NO)

  VERSION INFORMATION:
	TNS for Linux: Version 19.0.0.0.0 - Production
	TCP/IP NT Protocol Adapter for Linux: Version 19.0.0.0.0 - Production
  Version 19.24.0.0.0
  Time: 30-OCT-2026 19:18:07
  Tracing not turned on.
  Tns error struct:
    ns main err code: 12537

TNS-12537: TNS:connection closed
    ns secondary err code: 12560
    nt main err code: 0
    nt secondary err code: 0
    nt OS err code: 0
  Client address: (ADDRESS=(PROTOCOL=tcp)(HOST=10.20.174.131)(PORT=38940))
2026-10-30T19:50:37.352958-04:00
Thread 1 advanced to log sequence 46420 (LGWR switch),  current SCN: 17436974153
  Current log# 1 seq# 46420 mem# 0: /u02/oradata/PRODDB/redo01a.log
  Current log# 1 seq# 46420 mem# 1: /u02/oradata/PRODDB/redo01b.log
2026-10-30T19:51:22.475506-04:00
ARC1 (PID:11122): Archived Log entry 90194 added for B-1180943236.T-1.S-46419 ID 0x8a4d5c1e LAD:1
2026-10-30T20:34:11.550643-04:00
Thread 1 advanced to log sequence 46421 (LGWR switch),  current SCN: 17444030906
  Current log# 2 seq# 46421 mem# 0: /u02/oradata/PRODDB/redo02a.log
  Current log# 2 seq# 46421 mem# 1: /u02/oradata/PRODDB/redo02b.log
2026-10-30T20:34:17.918568-04:00
ARC2 (PID:11111): Archived Log entry 90195 added for B-1180943236.T-1.S-46420 ID 0x8a4d5c1e LAD:1
2026-10-30T21:52:42.853026-04:00
Thread 1 advanced to log sequence 46422 (LGWR switch),  current SCN: 17456751982
  Current log# 3 seq# 46422 mem# 0: /u02/oradata/PRODDB/redo03a.log
  Current log# 3 seq# 46422 mem# 1: /u02/oradata/PRODDB/redo03b.log
2026-10-30T21:53:29.103166-04:00
ARC1 (PID:11122): Archived Log entry 90196 added for B-1180943236.T-1.S-46421 ID 0x8a4d5c1e LAD:1
2026-10-30T22:00:00.924201-04:00
Setting Resource Manager plan SCHEDULER[0x4D52]:DEFAULT_MAINTENANCE_PLAN via scheduler window
Setting Resource Manager plan DEFAULT_MAINTENANCE_PLAN via parameter
2026-10-30T22:52:48.622414-04:00
Thread 1 advanced to log sequence 46423 (LGWR switch),  current SCN: 17466487311
  Current log# 4 seq# 46423 mem# 0: /u02/oradata/PRODDB/redo04a.log
  Current log# 4 seq# 46423 mem# 1: /u02/oradata/PRODDB/redo04b.log
2026-10-30T22:53:19.513587-04:00
ARC1 (PID:11122): Archived Log entry 90197 added for B-1180943236.T-1.S-46422 ID 0x8a4d5c1e LAD:1
